# Blender 5.0.1
# www.blender.org
mtllib fixed_teapot.mtl
o teapot
v -1.137516 0.271895 -0.000000
v -1.134331 0.271895 -0.029774
v -1.134331 0.271895 0.029774
v -1.133516 0.194808 -0.000000
v -1.131828 0.342134 -0.000000
v -1.131828 0.342134 -0.000000
v -1.130378 0.195777 -0.029774
v -1.130378 0.195777 0.029774
v -1.128676 0.341151 -0.029774
v -1.128676 0.341151 0.029774
v -1.125686 0.271895 -0.052931
v -1.125686 0.271895 0.052931
v -1.121861 0.198405 -0.052931
v -1.121861 0.198405 0.052931
v -1.121439 0.119148 -0.000000
v -1.121439 0.119148 -0.000000
v -1.120120 0.338482 -0.052931
v -1.120120 0.338482 0.052931
v -1.118441 0.120870 -0.029774
v -1.118441 0.120870 0.029774
v -1.114766 0.398377 -0.000000
v -1.112946 0.271895 -0.069472
v -1.112946 0.271895 0.069472
v -1.111716 0.396607 0.029774
v -1.111716 0.396607 -0.029774
v -1.110303 0.125545 -0.052931
v -1.110303 0.125545 0.052931
v -1.109310 0.202278 -0.069472
v -1.109310 0.202278 0.069472
v -1.107512 0.334548 -0.069472
v -1.107512 0.334548 0.069472
v -1.103440 0.391800 -0.052931
v -1.103440 0.391800 0.052931
v -1.101172 0.045042 -0.000000
v -1.101172 0.045042 -0.000000
v -1.098403 0.047345 0.029774
v -1.098403 0.047345 -0.029774
v -1.098310 0.132435 -0.069472
v -1.098310 0.132435 0.069472
v -1.097475 0.271895 -0.079397
v -1.097475 0.271895 0.079397
v -1.094069 0.206981 -0.079397
v -1.094069 0.206981 0.079397
v -1.092201 0.329772 -0.079397
v -1.092201 0.329772 0.079397
v -1.091244 0.384717 -0.069472
v -1.091244 0.384717 0.069472
v -1.090886 0.053594 -0.052931
v -1.090886 0.053594 0.052931
v -1.086328 0.442179 -0.000000
v -1.083748 0.140801 0.079397
v -1.083748 0.140801 -0.079397
v -1.083458 0.439796 -0.029774
v -1.083458 0.439796 0.029774
v -1.080640 0.271895 -0.082705
v -1.080640 0.271895 0.082705
v -1.079808 0.062803 0.069472
v -1.079808 0.062803 -0.069472
v -1.077484 0.212098 0.082705
v -1.077484 0.212098 -0.082705
v -1.076434 0.376116 -0.079397
v -1.076434 0.376116 0.079397
v -1.075669 0.433325 -0.052931
v -1.075669 0.433325 0.052931
v -1.075540 0.324574 -0.082705
v -1.075540 0.324574 0.082705
v -1.072602 -0.027378 -0.000000
v -1.070147 -0.024630 -0.029774
v -1.070147 -0.024630 0.029774
v -1.067900 0.149905 -0.082705
v -1.067900 0.149905 0.082705
v -1.066357 0.073986 0.079397
v -1.066357 0.073986 -0.079397
v -1.064190 0.423789 -0.069472
v -1.064190 0.423789 0.069472
v -1.063805 0.271895 -0.079397
v -1.063805 0.271895 0.079397
v -1.063484 -0.017171 -0.052931
v -1.063484 -0.017171 0.052931
v -1.060898 0.217216 -0.079397
v -1.060898 0.217216 0.079397
v -1.060317 0.366756 0.082705
v -1.060317 0.366756 -0.082705
v -1.058879 0.319376 -0.079397
v -1.058879 0.319376 0.079397
v -1.053666 -0.006179 -0.069472
v -1.053666 -0.006179 0.069472
v -1.052052 0.159008 0.079397
v -1.052052 0.159008 -0.079397
v -1.051719 0.086156 0.082705
v -1.051719 0.086156 -0.082705
v -1.050251 0.412210 -0.079397
v -1.050251 0.412210 0.079397
v -1.048335 0.271895 -0.069472
v -1.048335 0.271895 0.069472
v -1.046515 0.475096 -0.000000
v -1.046515 0.475096 -0.000000
v -1.045657 0.221919 -0.069472
v -1.045657 0.221919 0.069472
v -1.044199 0.357397 -0.079397
v -1.044199 0.357397 0.079397
v -1.043907 0.472251 -0.029774
v -1.043907 0.472251 0.029774
v -1.043568 0.314600 -0.069472
v -1.043568 0.314600 0.069472
v -1.041744 0.007169 -0.079397
v -1.041744 0.007169 0.079397
v -1.037490 0.167374 -0.069472
v -1.037490 0.167374 0.069472
v -1.037081 0.098326 0.079397
v -1.037081 0.098326 -0.079397
v -1.036830 0.464529 -0.052931
v -1.036830 0.464529 0.052931
v -1.035613 -0.097984 -0.000000
v -1.035613 -0.097984 -0.000000
v -1.035594 0.271895 -0.052931
v -1.035594 0.271895 0.052931
v -1.035083 0.399608 -0.082705
v -1.035083 0.399608 0.082705
v -1.033556 -0.094885 0.029774
v -1.033556 -0.094885 -0.029774
v -1.033106 0.225792 -0.052931
v -1.033106 0.225792 0.052931
v -1.030960 0.310666 -0.052931
v -1.030960 0.310666 0.052931
v -1.029389 0.348796 -0.069472
v -1.029389 0.348796 0.069472
v -1.028769 0.021694 -0.082705
v -1.028769 0.021694 0.082705
v -1.027973 -0.086472 -0.052931
v -1.027973 -0.086472 0.052931
v -1.026949 0.271895 -0.029774
v -1.026949 0.271895 0.029774
v -1.026399 0.453150 -0.069472
v -1.026399 0.453150 0.069472
v -1.025497 0.174264 -0.052931
v -1.025497 0.174264 0.052931
v -1.024589 0.228420 -0.029774
v -1.024589 0.228420 0.029774
v -1.023764 0.271895 -0.000000
v -1.023629 0.109508 0.069472
v -1.023629 0.109508 -0.069472
v -1.022404 0.307997 -0.029774
v -1.022404 0.307997 0.029774
v -1.021451 0.229388 -0.000000
v -1.019914 0.387007 -0.079397
v -1.019914 0.387007 0.079397
v -1.019745 -0.074075 -0.069472
v -1.019745 -0.074075 0.069472
v -1.019252 0.307014 -0.000000
v -1.019252 0.307014 -0.000000
v -1.017359 0.178939 -0.029774
v -1.017359 0.178939 0.029774
v -1.017193 0.341713 -0.052931
v -1.017193 0.341713 0.052931
v -1.015795 0.036220 -0.079397
v -1.015795 0.036220 0.079397
v -1.014361 0.180661 -0.000000
v -1.014361 0.180661 -0.000000
v -1.013735 0.439332 -0.079397
v -1.013735 0.439332 0.079397
v -1.012551 0.118718 -0.052931
v -1.012551 0.118718 0.052931
v -1.009754 -0.059020 -0.079397
v -1.009754 -0.059020 0.079397
v -1.008917 0.336906 0.029774
v -1.008917 0.336906 -0.029774
v -1.005975 0.375428 -0.069472
v -1.005975 0.375428 0.069472
v -1.005867 0.335136 -0.000000
v -1.005867 0.335136 -0.000000
v -1.005035 0.124967 0.029774
v -1.005035 0.124967 -0.029774
v -1.003873 0.049568 -0.069472
v -1.003873 0.049568 0.069472
v -1.002265 0.127269 -0.000000
v -0.999952 0.424296 -0.082705
v -0.999952 0.424296 0.082705
v -0.998881 -0.042638 0.082705
v -0.998881 -0.042638 -0.082705
v -0.995326 0.498682 -0.000000
v -0.994496 0.365892 -0.052931
v -0.994496 0.365892 0.052931
v -0.994054 0.060559 -0.052931
v -0.994054 0.060559 0.052931
v -0.993070 0.495507 -0.029774
v -0.993070 0.495507 0.029774
v -0.990094 -0.166647 -0.000000
v -0.990094 -0.166647 -0.000000
v -0.988514 -0.163251 0.029774
v -0.988514 -0.163251 -0.029774
v -0.988008 -0.026255 -0.079397
v -0.988008 -0.026255 0.079397
v -0.987392 0.068019 -0.029774
v -0.987392 0.068019 0.029774
v -0.986947 0.486889 -0.052931
v -0.986947 0.486889 0.052931
v -0.986707 0.359421 -0.029774
v -0.986707 0.359421 0.029774
v -0.986170 0.409259 -0.079397
v -0.986170 0.409259 0.079397
v -0.984937 0.070767 -0.000000
v -0.984226 -0.154032 -0.052931
v -0.984226 -0.154032 0.052931
v -0.983838 0.357037 -0.000000
v -0.978017 -0.011200 -0.069472
v -0.978017 -0.011200 0.069472
v -0.977922 0.474189 -0.069472
v -0.977922 0.474189 0.069472
v -0.977907 -0.140446 -0.069472
v -0.977907 -0.140446 0.069472
v -0.973505 0.395441 -0.069472
v -0.973505 0.395441 0.069472
v -0.970234 -0.123950 0.079397
v -0.970234 -0.123950 -0.079397
v -0.969789 0.001197 -0.052931
v -0.969789 0.001197 0.052931
v -0.966964 0.458767 -0.079397
v -0.966964 0.458767 0.079397
v -0.964206 0.009610 0.029774
v -0.964206 0.009610 -0.029774
v -0.963075 0.384062 -0.052931
v -0.963075 0.384062 0.052931
v -0.962149 0.012709 -0.000000
v -0.962149 0.012709 -0.000000
v -0.961883 -0.105998 0.082705
v -0.961883 -0.105998 -0.082705
v -0.955998 0.376340 -0.029774
v -0.955998 0.376340 0.029774
v -0.955039 0.441985 -0.082705
v -0.955039 0.441985 0.082705
v -0.953533 -0.088045 0.079397
v -0.953533 -0.088045 -0.079397
v -0.953390 0.373495 -0.000000
v -0.953390 0.373495 -0.000000
v -0.945860 -0.071549 -0.069472
v -0.945860 -0.071549 0.069472
v -0.943114 0.425203 -0.079397
v -0.943114 0.425203 0.079397
v -0.939541 -0.057963 -0.052931
v -0.939541 -0.057963 0.052931
v -0.935929 -0.233237 -0.000000
v -0.935253 -0.048745 0.029774
v -0.935253 -0.048745 -0.029774
v -0.934903 -0.229557 -0.029774
v -0.934903 -0.229557 0.029774
v -0.933673 -0.045348 -0.000000
v -0.933673 -0.045348 -0.000000
v -0.932763 0.514492 -0.000000
v -0.932763 0.514492 -0.000000
v -0.932156 0.409781 -0.069472
v -0.932156 0.409781 0.069472
v -0.932118 -0.219572 -0.052931
v -0.932118 -0.219572 0.052931
v -0.930954 0.511096 -0.029774
v -0.930954 0.511096 0.029774
v -0.928014 -0.204857 0.069472
v -0.928014 -0.204857 -0.069472
v -0.926043 0.501877 -0.052931
v -0.926043 0.501877 0.052931
v -0.923132 0.397081 -0.052931
v -0.923132 0.397081 0.052931
v -0.923029 -0.186989 -0.079397
v -0.923029 -0.186989 0.079397
v -0.918807 0.488291 -0.069472
v -0.918807 0.488291 0.069472
v -0.917606 -0.167543 -0.082705
v -0.917606 -0.167543 0.082705
v -0.917008 0.388463 -0.029774
v -0.917008 0.388464 0.029774
v -0.914752 0.385288 -0.000000
v -0.914752 0.385288 -0.000000
v -0.912182 -0.148099 -0.079397
v -0.912182 -0.148099 0.079397
v -0.910020 0.471795 -0.079397
v -0.910020 0.471795 0.079397
v -0.907198 -0.130230 -0.069472
v -0.907198 -0.130230 0.069472
v -0.903094 -0.115515 -0.052931
v -0.903094 -0.115515 0.052931
v -0.900458 0.453843 -0.082705
v -0.900458 0.453843 0.082705
v -0.900308 -0.105529 0.029774
v -0.900308 -0.105529 -0.029774
v -0.899282 -0.101851 -0.000000
v -0.890895 0.435890 -0.079397
v -0.890895 0.435890 0.079397
v -0.882108 0.419394 -0.069472
v -0.882108 0.419394 0.069472
v -0.874872 0.405808 -0.052931
v -0.874872 0.405808 0.052931
v -0.873006 -0.297622 -0.000000
v -0.873006 -0.297622 -0.000000
v -0.872606 -0.293635 0.029774
v -0.872606 -0.293635 -0.029774
v -0.871523 -0.282815 0.052931
v -0.871523 -0.282815 -0.052931
v -0.869961 0.396590 -0.029774
v -0.869961 0.396590 0.029774
v -0.869926 -0.266868 0.069472
v -0.869926 -0.266868 -0.069472
v -0.868152 0.393193 -0.000000
v -0.868152 0.393193 -0.000000
v -0.867987 -0.247505 0.079397
v -0.867987 -0.247505 -0.079397
v -0.865877 -0.226433 0.082705
v -0.865877 -0.226433 -0.082705
v -0.863767 -0.205360 0.079397
v -0.863767 -0.205360 -0.079397
v -0.861828 -0.185997 0.069472
v -0.861828 -0.185997 -0.069472
v -0.860231 -0.170051 -0.052931
v -0.860231 -0.170051 0.052931
v -0.859148 -0.159230 0.029774
v -0.859148 -0.159230 -0.029774
v -0.858825 0.524082 -0.000000
v -0.858749 -0.155243 -0.000000
v -0.858749 -0.155243 -0.000000
v -0.857564 0.520551 -0.029774
v -0.857564 0.520551 0.029774
v -0.854144 0.510968 -0.052931
v -0.854144 0.510968 0.052931
v -0.849103 0.496846 -0.069472
v -0.849103 0.496846 0.069472
v -0.842982 0.479697 -0.079397
v -0.842982 0.479697 0.079397
v -0.836321 0.461035 0.082705
v -0.836321 0.461035 -0.082705
v -0.829659 0.442374 -0.079397
v -0.829659 0.442374 0.079397
v -0.823538 0.425225 -0.069472
v -0.823538 0.425225 0.069472
v -0.818498 0.411102 -0.052931
v -0.818498 0.411102 0.052931
v -0.815077 0.401519 -0.029774
v -0.815077 0.401519 0.029774
v -0.813817 0.397988 -0.000000
v -0.811845 -0.203970 -0.000000
v -0.811845 -0.203970 -0.000000
v -0.811547 -0.208329 0.029774
v -0.811547 -0.208329 -0.029774
v -0.810739 -0.220163 0.052931
v -0.810739 -0.220163 -0.052931
v -0.809548 -0.237602 0.069472
v -0.809548 -0.237602 -0.069472
v -0.808101 -0.258778 0.079397
v -0.808101 -0.258778 -0.079397
v -0.806527 -0.281823 0.082705
v -0.806527 -0.281823 -0.082705
v -0.804953 -0.304867 0.079397
v -0.804953 -0.304867 -0.079397
v -0.803507 -0.326043 0.069472
v -0.803507 -0.326043 -0.069472
v -0.802315 -0.343482 0.052931
v -0.802315 -0.343482 -0.052931
v -0.801507 -0.355316 0.029774
v -0.801507 -0.355316 -0.029774
v -0.801209 -0.359675 -0.000000
v -0.801209 -0.359675 -0.000000
v -0.773511 0.529007 -0.000000
v -0.773511 0.529007 -0.000000
v -0.772908 0.525407 -0.029774
v -0.772908 0.525407 0.029774
v -0.771271 0.515637 -0.052931
v -0.771271 0.515637 0.052931
v -0.768859 0.501239 -0.069472
v -0.768859 0.501239 0.069472
v -0.765930 0.483755 0.079397
v -0.765930 0.483755 -0.079397
v -0.762742 0.464729 0.082705
v -0.762742 0.464729 -0.082705
v -0.759555 0.445702 0.079397
v -0.759555 0.445702 -0.079397
v -0.758344 -0.246476 -0.000000
v -0.758344 -0.246476 -0.000000
v -0.758344 -0.246476 -0.000000
v -0.757282 -0.251314 0.029774
v -0.757282 -0.251314 -0.029774
v -0.756626 0.428219 -0.069472
v -0.756626 0.428219 0.069472
v -0.755595 -0.167468 -0.000000
v -0.755595 -0.167468 -0.000000
v -0.754401 -0.264446 0.052931
v -0.754401 -0.264446 -0.052931
v -0.754214 0.413820 0.052931
v -0.754214 0.413820 -0.052931
v -0.753035 -0.320387 -0.000000
v -0.753035 -0.320387 -0.000000
v -0.752577 0.404050 -0.029774
v -0.752577 0.404050 0.029774
v -0.751974 0.400451 -0.000000
v -0.751974 0.400451 -0.000000
v -0.750154 -0.283799 0.069472
v -0.750154 -0.283799 -0.069472
v -0.748576 -0.246476 -0.120624
v -0.748576 -0.246476 -0.120624
v -0.748576 -0.246476 0.120624
v -0.747727 -0.086127 -0.000000
v -0.747727 -0.086127 -0.000000
v -0.745863 -0.167468 -0.120187
v -0.745863 -0.167468 0.120187
v -0.744997 -0.307299 0.079397
v -0.744997 -0.307299 -0.079397
v -0.743336 -0.320387 -0.119780
v -0.743336 -0.320387 0.119780
v -0.739385 -0.332871 -0.082705
v -0.739385 -0.332871 0.082705
v -0.738627 -0.386782 -0.000000
v -0.738627 -0.386782 -0.000000
v -0.738097 -0.086127 -0.118936
v -0.738097 -0.086127 0.118936
v -0.735309 -0.002712 -0.000000
v -0.735309 -0.002712 -0.000000
v -0.733774 -0.358444 0.079397
v -0.733774 -0.358444 -0.079397
v -0.729114 -0.386782 -0.117488
v -0.729114 -0.386782 0.117488
v -0.728617 -0.381944 0.069472
v -0.728617 -0.381944 -0.069472
v -0.725838 -0.002712 -0.116960
v -0.725838 -0.002712 0.116960
v -0.724370 -0.401296 0.052931
v -0.724370 -0.401296 -0.052931
v -0.721488 -0.414429 0.029774
v -0.721488 -0.414429 -0.029774
v -0.720427 -0.419267 -0.000000
v -0.720427 -0.419267 -0.000000
v -0.720245 -0.246476 -0.234544
v -0.720245 -0.246476 -0.234544
v -0.720245 -0.246476 0.234544
v -0.720245 -0.246476 0.234544
v -0.718910 0.082516 -0.000000
v -0.718910 0.082516 -0.000000
v -0.717634 -0.167468 -0.233694
v -0.717634 -0.167468 0.233694
v -0.717393 -0.445920 -0.000000
v -0.717393 -0.445920 -0.000000
v -0.715203 -0.320387 -0.232902
v -0.715203 -0.320387 0.232902
v -0.710161 -0.086127 -0.231261
v -0.710161 -0.086127 0.231260
v -0.709651 0.082516 -0.114352
v -0.709651 0.082516 0.114352
v -0.708153 -0.445920 -0.114111
v -0.708153 -0.445920 0.114110
v -0.701518 -0.386782 -0.228446
v -0.701518 -0.386782 0.228446
v -0.699098 0.169300 -0.000000
v -0.699098 0.169300 -0.000000
v -0.698367 -0.002712 -0.227420
v -0.698367 -0.002712 0.227420
v -0.691610 -0.498059 -0.000000
v -0.691610 -0.498059 -0.000000
v -0.690094 0.169300 -0.111200
v -0.690094 0.169300 0.111201
v -0.682851 0.401358 -0.000000
v -0.682792 0.082516 -0.222348
v -0.682792 0.082516 0.222348
v -0.682702 -0.498059 -0.110009
v -0.682702 -0.498059 0.110009
v -0.682682 0.404983 -0.029774
v -0.682682 0.404983 0.029774
v -0.682224 0.414822 -0.052931
v -0.682224 0.414822 0.052931
v -0.681549 0.429322 -0.069472
v -0.681549 0.429322 0.069472
v -0.681352 -0.445920 -0.221879
v -0.681352 -0.445919 0.221879
v -0.680729 0.446929 -0.079397
v -0.680729 0.446929 0.079397
v -0.679836 0.466090 -0.082705
v -0.679836 0.466090 0.082705
v -0.678944 0.485250 -0.079397
v -0.678944 0.485250 0.079397
v -0.678124 0.502857 -0.069472
v -0.678124 0.502857 0.069472
v -0.677449 0.517356 -0.052931
v -0.677449 0.517356 0.052931
v -0.676991 0.527196 -0.029774
v -0.676991 0.527196 0.029774
v -0.676822 0.530821 -0.000000
v -0.676443 0.257380 -0.000000
v -0.676443 0.257380 -0.000000
v -0.674805 -0.246476 -0.340348
v -0.674805 -0.246476 -0.340348
v -0.674805 -0.246476 0.340348
v -0.674805 -0.246476 0.340348
v -0.672359 -0.167468 -0.339114
v -0.672359 -0.167468 0.339114
v -0.670081 -0.320387 -0.337965
v -0.670081 -0.320387 0.337965
v -0.667730 0.257380 -0.107597
v -0.667730 0.257380 0.107597
v -0.665357 -0.086127 -0.335583
v -0.665357 -0.086127 0.335583
v -0.663976 0.169300 -0.216220
v -0.663976 0.169300 0.216220
v -0.663551 -0.543460 -0.000000
v -0.663551 -0.543460 -0.000000
v -0.657260 -0.386782 -0.331499
v -0.657260 -0.386782 0.331499
v -0.656863 -0.498059 -0.213904
v -0.656863 -0.498059 0.213904
v -0.655004 -0.543460 -0.105546
v -0.655004 -0.543460 0.105546
v -0.654307 -0.002712 -0.330010
v -0.654307 -0.002712 0.330009
v -0.651512 0.346497 -0.000000
v -0.651512 0.346497 -0.000000
v -0.643121 0.346497 -0.103631
v -0.643121 0.346497 0.103631
v -0.642458 0.257380 -0.209213
v -0.642458 0.257380 0.209213
v -0.639715 0.082516 -0.322650
v -0.639715 0.082516 0.322649
v -0.638365 -0.445920 -0.321969
v -0.638365 -0.445919 0.321969
v -0.635492 -0.582381 -0.000000
v -0.635492 -0.582381 -0.000000
v -0.630214 -0.543460 -0.205226
v -0.630214 -0.543460 0.205226
v -0.627307 -0.582381 -0.101083
v -0.627307 -0.582381 0.101083
v -0.624875 0.436391 -0.000000
v -0.624875 0.436391 -0.000000
v -0.622086 0.169300 -0.313758
v -0.622086 0.169300 0.313758
v -0.618780 0.346497 -0.201503
v -0.618780 0.346497 0.201502
v -0.616827 0.436391 -0.099395
v -0.616827 0.436391 0.099394
v -0.615422 -0.498059 -0.310397
v -0.615422 -0.498059 0.310397
v -0.613713 -0.246476 -0.436624
v -0.613713 -0.246476 -0.436624
v -0.613713 -0.246476 0.436624
v -0.613713 -0.246476 0.436624
v -0.611488 -0.167468 -0.435041
v -0.611488 -0.167468 0.435041
v -0.609709 -0.615081 -0.000000
v -0.609709 -0.615081 -0.000000
v -0.609417 -0.320387 -0.433567
v -0.609417 -0.320387 0.433567
v -0.606675 0.401487 -0.000000
v -0.605613 0.405116 -0.029774
v -0.605613 0.405116 0.029774
v -0.605121 -0.086127 -0.430511
v -0.605121 -0.086127 0.430511
v -0.603565 -0.582381 -0.196548
v -0.603565 -0.582381 0.196548
v -0.602732 0.414965 -0.052931
v -0.602732 0.414965 0.052931
v -0.601926 0.257380 -0.303590
v -0.601926 0.257380 0.303590
v -0.601855 -0.615081 0.096982
v -0.601855 -0.615081 -0.096982
v -0.598485 0.429479 -0.069472
v -0.598485 0.429479 0.069472
v -0.597756 -0.386782 -0.425271
v -0.597756 -0.386782 0.425271
v -0.597101 0.526803 -0.000000
v -0.597101 0.526803 -0.000000
v -0.595071 -0.002712 -0.423361
v -0.595071 -0.002712 0.423361
v -0.593481 0.436391 -0.193264
v -0.593481 0.436391 0.193264
v -0.593328 0.447104 -0.079397
v -0.593328 0.447104 0.079397
v -0.590454 -0.543460 -0.297804
v -0.590454 -0.543460 0.297804
v -0.589410 0.526803 -0.094977
v -0.589410 0.526803 0.094977
v -0.588475 -0.641821 -0.000000
v -0.588475 -0.641821 -0.000000
v -0.587717 0.466284 -0.082705
v -0.587717 0.466284 0.082705
v -0.582105 0.485463 -0.079397
v -0.582105 0.485463 0.079397
v -0.581800 0.082516 -0.413919
v -0.581800 0.082516 0.413919
v -0.580895 -0.641821 0.093604
v -0.580895 -0.641821 -0.093604
v -0.580572 -0.445920 -0.413046
v -0.580572 -0.445919 0.413046
v -0.579742 0.346497 -0.292401
v -0.579742 0.346497 0.292401
v -0.579077 -0.615081 -0.188573
v -0.579077 -0.615081 0.188573
v -0.576948 0.503088 -0.069472
v -0.576948 0.503088 0.069472
v -0.574066 -0.662858 -0.000000
v -0.574066 -0.662858 -0.000000
v -0.572701 0.517602 -0.052931
v -0.572701 0.517602 0.052931
v -0.569820 0.527451 -0.029774
v -0.569820 0.527451 0.029774
v -0.568758 0.617475 -0.000000
v -0.568758 -0.678452 -0.000000
v -0.568758 0.531080 -0.000000
v -0.568758 0.617475 -0.000000
v -0.568758 -0.678452 -0.000000
v -0.567421 -0.691368 -0.000000
v -0.567421 -0.691368 -0.000000
v -0.567103 0.526803 -0.184674
v -0.567103 0.526803 0.184674
v -0.566673 -0.662858 0.091313
v -0.566673 -0.662858 -0.091313
v -0.565766 0.169300 -0.402512
v -0.565766 0.169300 0.402512
v -0.565486 -0.582381 -0.285211
v -0.565486 -0.582381 0.285211
v -0.561478 -0.704025 -0.000000
v -0.561478 -0.704025 -0.000000
v -0.561432 0.617475 -0.090468
v -0.561432 -0.678452 0.090468
v -0.561432 0.617475 0.090468
v -0.561432 -0.678452 -0.090468
v -0.561432 -0.678452 -0.090468
v -0.561432 -0.678452 0.090468
v -0.561298 0.637886 -0.000000
v -0.561298 0.637886 -0.000000
v -0.560113 -0.691368 0.090256
v -0.560113 -0.691368 -0.090256
v -0.559706 -0.498059 -0.398201
v -0.559706 -0.498059 0.398201
v -0.558910 -0.641820 0.182006
v -0.558910 -0.641821 -0.182006
v -0.556039 0.436391 -0.280447
v -0.556039 0.436391 0.280446
v -0.554246 -0.704025 -0.089310
v -0.554246 -0.704025 0.089310
v -0.554068 0.637886 -0.089282
v -0.554068 0.637886 0.089282
v -0.553439 0.653761 -0.000000
v -0.553439 0.653761 -0.000000
v -0.548027 -0.716164 -0.000000
v -0.548027 -0.716164 -0.000000
v -0.547432 0.257380 -0.389468
v -0.547432 0.257380 0.389468
v -0.546311 0.653761 -0.088032
v -0.546311 0.653761 0.088031
v -0.545638 0.665100 -0.000000
v -0.545225 -0.662858 0.177550
v -0.545225 -0.662858 -0.177550
v -0.542543 -0.615081 0.273640
v -0.542543 -0.615081 -0.273640
v -0.540968 -0.716164 -0.087171
v -0.540968 -0.716164 0.087171
v -0.540184 0.617475 -0.175908
v -0.540184 -0.678452 -0.175908
v -0.540184 -0.678452 -0.175908
v -0.540184 -0.678452 0.175908
v -0.540184 -0.678452 0.175908
v -0.540184 0.617475 0.175908
v -0.538914 -0.691368 0.175495
v -0.538914 -0.691368 -0.175495
v -0.538610 0.665100 -0.086791
v -0.538610 0.665100 0.086791
v -0.538424 -0.246476 -0.521961
v -0.538424 -0.246476 -0.521961
v -0.538424 -0.246476 0.521960
v -0.538424 -0.246476 0.521960
v -0.538348 0.671904 -0.000000
v -0.538348 0.671904 -0.000000
v -0.536999 -0.543460 -0.382046
v -0.536999 -0.543460 0.382046
v -0.536473 -0.167468 -0.520069
v -0.536473 -0.167468 0.520069
v -0.534655 -0.320387 -0.518307
v -0.534655 -0.320387 0.518307
v -0.533269 -0.704025 -0.173656
v -0.533269 -0.704025 0.173656
v -0.533098 0.637886 -0.173601
v -0.533098 0.637886 0.173601
v -0.532026 0.674172 -0.000000
v -0.532026 0.674172 -0.000000
v -0.531414 0.671904 -0.085631
v -0.531414 0.671904 0.085631
v -0.531325 0.526803 -0.267981
v -0.531325 0.526803 0.267981
v -0.530886 -0.086127 -0.514653
v -0.530886 -0.086127 0.514653
v -0.530841 0.617475 -0.000000
v -0.530841 0.617475 -0.000000
v -0.527256 0.346497 -0.375114
v -0.527256 0.346497 0.375114
v -0.527125 0.671904 -0.000000
v -0.527125 0.671904 -0.000000
v -0.525635 0.653761 -0.171170
v -0.525635 0.653761 0.171170
v -0.525504 0.637886 -0.000000
v -0.525504 0.637886 -0.000000
v -0.525173 0.674172 -0.084626
v -0.525173 0.674172 0.084625
v -0.524425 -0.386782 -0.508390
v -0.524425 -0.386782 0.508390
v -0.524167 -0.727525 -0.000000
v -0.524167 -0.727525 -0.000000
v -0.524101 0.665100 -0.000000
v -0.524101 0.665100 -0.000000
v -0.524004 0.617475 -0.084437
v -0.524004 0.617475 0.084437
v -0.523649 -0.641820 0.264110
v -0.523649 -0.641821 -0.264110
v -0.523409 0.653761 -0.000000
v -0.523409 0.653761 -0.000000
v -0.522070 -0.002712 -0.506106
v -0.522069 -0.002712 0.506106
v -0.520494 -0.716164 -0.169496
v -0.520494 -0.716164 0.169496
v -0.520335 0.671904 -0.083846
v -0.520335 0.671904 0.083846
v -0.518735 0.637886 -0.083588
v -0.518735 0.637886 0.083588
v -0.518225 0.665100 -0.168758
v -0.518225 0.665100 0.168757
v -0.517416 -0.727525 -0.083375
v -0.517416 -0.727525 0.083375
v -0.517351 0.665100 -0.083365
v -0.517351 0.665100 0.083365
v -0.516667 0.653761 -0.083255
v -0.516667 0.653761 0.083255
v -0.514291 -0.582381 -0.365891
v -0.514291 -0.582381 0.365891
v -0.511302 0.671904 -0.166503
v -0.511302 0.671904 0.166503
v -0.510827 -0.662858 0.257643
v -0.510827 -0.662858 -0.257643
v -0.510426 0.082516 -0.494819
v -0.510426 0.082516 0.494819
v -0.509349 -0.445920 -0.493775
v -0.509349 -0.445919 0.493775
v -0.506104 0.617475 -0.255261
v -0.506104 -0.678452 -0.255261
v -0.506104 -0.678452 0.255261
v -0.506104 -0.678452 0.255261
v -0.506104 0.617475 0.255261
v -0.506104 -0.678452 -0.255261
v -0.505699 0.436391 -0.359778
v -0.505699 0.436391 0.359778
v -0.505297 0.674172 -0.164547
v -0.505297 0.674172 0.164547
v -0.504914 -0.691368 0.254661
v -0.504914 -0.691368 -0.254661
v -0.504171 0.617475 -0.164181
v -0.504171 0.617475 0.164181
v -0.500642 0.671904 -0.163032
v -0.500642 0.671904 0.163031
v -0.499625 -0.704025 -0.251993
v -0.499625 -0.704025 0.251993
v -0.499465 0.637886 -0.251913
v -0.499465 0.637886 0.251912
v -0.499103 0.637886 -0.162531
v -0.499103 0.637886 0.162530
v -0.497833 -0.727525 0.162117
v -0.497833 -0.727525 -0.162117
v -0.497770 0.665100 -0.162096
v -0.497770 0.665100 0.162096
v -0.497113 0.653761 -0.161883
v -0.497113 0.653761 0.161882
v -0.496360 0.169300 -0.481183
v -0.496360 0.169300 0.481182
v -0.493425 -0.615081 0.351045
v -0.493425 -0.615081 -0.351045
v -0.492924 0.617475 -0.000000
v -0.492924 0.617475 -0.000000
v -0.492472 0.653761 -0.248386
v -0.492472 0.653761 0.248385
v -0.491043 -0.498059 -0.476028
v -0.491043 -0.498059 0.476028
v -0.487656 -0.716164 -0.245957
v -0.487656 -0.716164 0.245957
v -0.486999 -0.737849 -0.000000
v -0.486999 -0.737849 -0.000000
v -0.486575 0.617475 -0.078406
v -0.486575 0.617475 0.078406
v -0.485530 0.665100 -0.244885
v -0.485530 0.665100 0.244884
v -0.483293 0.640975 -0.000000
v -0.483293 0.640975 -0.000000
v -0.483222 0.526803 -0.343787
v -0.483222 0.526803 0.343787
v -0.480726 -0.737849 -0.077463
v -0.480726 -0.737849 0.077463
v -0.480274 0.257380 -0.465589
v -0.480274 0.257380 0.465589
v -0.479044 0.671904 -0.241613
v -0.479044 0.671904 0.241613
v -0.477068 0.640975 0.076874
v -0.477068 0.640975 -0.076874
v -0.476241 -0.641820 0.338820
v -0.476241 -0.641821 -0.338820
v -0.473418 0.674172 -0.238775
v -0.473418 0.674172 0.238775
v -0.472363 0.617475 -0.238243
v -0.472363 0.617475 0.238243
v -0.471121 -0.543460 -0.456715
v -0.471121 -0.543460 0.456715
v -0.469057 0.671904 -0.236576
v -0.469057 0.671904 0.236576
v -0.468159 0.617475 -0.152454
v -0.468159 0.617475 0.152454
v -0.467615 0.637886 -0.235848
v -0.467615 0.637886 0.235848
v -0.466425 -0.727525 -0.235248
v -0.466425 -0.727525 0.235248
v -0.466366 0.665100 -0.235219
v -0.466366 0.665100 0.235218
v -0.465750 0.653761 -0.234908
v -0.465750 0.653761 0.234908
v -0.464580 -0.662858 0.330524
v -0.464580 -0.662858 -0.330524
v -0.462574 0.346497 0.448429
v -0.462574 0.346497 -0.448430
v -0.462532 -0.737849 -0.150621
v -0.462532 -0.737849 0.150621
v -0.460284 0.617475 -0.327468
v -0.460284 -0.678452 -0.327468
v -0.460284 -0.678452 -0.327468
v -0.460284 -0.678452 0.327468
v -0.460284 -0.678452 0.327468
v -0.460284 0.617475 0.327468
v -0.459203 -0.691368 0.326698
v -0.459203 -0.691368 -0.326698
v -0.459012 0.640975 0.149475
v -0.459012 0.640975 -0.149475
v -0.456826 0.660327 -0.000000
v -0.456826 0.660327 -0.000000
v -0.454393 -0.704025 -0.323276
v -0.454393 -0.704025 0.323276
v -0.454247 0.637886 -0.323173
v -0.454247 0.637886 0.323172
v -0.451199 -0.582381 -0.437403
v -0.451199 -0.582381 0.437403
v -0.450942 0.660327 -0.072664
v -0.450942 0.660327 0.072664
v -0.450396 -0.246476 -0.594947
v -0.450396 -0.246476 -0.594947
v -0.450396 -0.246476 0.594947
v -0.450396 -0.246476 0.594947
v -0.448763 -0.167468 -0.592790
v -0.448763 -0.167468 0.592790
v -0.447887 0.653761 -0.318648
v -0.447887 0.653761 0.318648
v -0.447243 -0.320387 -0.590782
v -0.447243 -0.320387 0.590782
v -0.444090 -0.086127 -0.586618
v -0.444090 -0.086127 0.586617
v -0.443662 0.436391 -0.430096
v -0.443662 0.436391 0.430095
v -0.443507 -0.716164 -0.315531
v -0.443507 -0.716164 0.315531
v -0.441574 0.665100 -0.314156
v -0.441574 0.665100 0.314156
v -0.438685 -0.386782 -0.579478
v -0.438685 -0.386782 0.579478
v -0.438623 0.617475 -0.221226
v -0.438623 0.617475 0.221226
v -0.436715 -0.002712 -0.576875
v -0.436715 -0.002712 0.576875
v -0.435675 0.671904 -0.309959
v -0.435675 0.671904 0.309959
v -0.433876 0.660327 -0.141289
v -0.433876 0.660327 0.141289
v -0.433621 -0.746877 -0.000000
v -0.433621 -0.746877 -0.000000
v -0.433351 -0.737849 -0.218567
v -0.433351 -0.737849 0.218567
v -0.432893 -0.615081 0.419656
v -0.432893 -0.615081 -0.419656
v -0.430558 0.674172 -0.306319
v -0.430558 0.674172 0.306319
v -0.430053 0.640975 0.216904
v -0.430053 0.640975 -0.216904
v -0.429599 0.617475 -0.305637
v -0.429599 0.617475 0.305636
v -0.428036 -0.746877 -0.068973
v -0.428036 -0.746877 0.068973
v -0.426975 0.082516 -0.564010
v -0.426975 0.082516 0.564010
v -0.426592 0.671904 -0.303497
v -0.426592 0.671904 0.303497
v -0.426074 -0.445920 -0.562820
v -0.426074 -0.445919 0.562820
v -0.425280 0.637886 -0.302564
v -0.425280 0.637886 0.302564
v -0.424198 -0.727525 -0.301794
v -0.424198 -0.727525 0.301794
v -0.424144 0.665100 -0.301756
v -0.424144 0.665100 0.301756
v -0.423942 0.526803 -0.410979
v -0.423942 0.526803 0.410979
v -0.423584 0.653761 -0.301358
v -0.423584 0.653761 0.301357
v -0.417817 -0.641820 0.405041
v -0.417817 -0.641821 -0.405041
v -0.417165 0.676569 -0.000000
v -0.417165 0.676569 -0.000000
v -0.415208 0.169300 -0.548467
v -0.415208 0.169300 0.548467
v -0.411836 -0.746877 0.134112
v -0.411836 -0.746877 -0.134112
v -0.411792 0.676569 0.066355
v -0.411792 0.676569 -0.066356
v -0.410761 -0.498059 -0.542592
v -0.410761 -0.498059 0.542592
v -0.407587 -0.662858 -0.395124
v -0.407587 -0.662858 0.395124
v -0.406502 0.660327 -0.205025
v -0.406502 0.660327 0.205025
v -0.403818 0.617475 -0.391471
v -0.403818 -0.678452 -0.391470
v -0.403818 -0.678452 0.391470
v -0.403818 0.617475 0.391470
v -0.402869 -0.691368 0.390550
v -0.402869 -0.691368 -0.390550
v -0.401753 0.257380 -0.530693
v -0.401753 0.257380 0.530693
v -0.398913 0.617475 -0.283805
v -0.398913 0.617475 0.283805
v -0.398649 -0.704025 -0.386460
v -0.398649 -0.704025 0.386460
v -0.398521 0.637886 -0.386336
v -0.398521 0.637886 0.386336
v -0.396207 0.676569 -0.129023
v -0.396207 0.676569 0.129023
v -0.394119 -0.737849 -0.280394
v -0.394119 -0.737849 0.280394
v -0.394096 -0.543460 -0.520578
v -0.394096 -0.543460 0.520578
v -0.392942 0.653761 -0.380927
v -0.392942 0.653761 0.380927
v -0.391119 0.640975 0.278260
v -0.391119 0.640975 -0.278260
v -0.389099 -0.716164 -0.377201
v -0.389099 -0.716164 0.377201
v -0.387403 0.665100 -0.375557
v -0.387403 0.665100 0.375557
v -0.386946 0.346497 -0.511134
v -0.386946 0.346497 0.511133
v -0.385853 -0.746877 0.194611
v -0.385853 -0.746877 -0.194611
v -0.382227 0.671904 -0.370540
v -0.382227 0.671904 0.370540
v -0.377738 0.674172 -0.366188
v -0.377738 0.674172 0.366188
v -0.377432 -0.582381 -0.498565
v -0.377432 -0.582381 0.498565
v -0.376897 0.617475 -0.365373
v -0.376897 0.617475 0.365372
v -0.374259 0.671904 -0.362815
v -0.374259 0.671904 0.362815
v -0.373108 0.637886 -0.361699
v -0.373108 0.637886 0.361699
v -0.372159 -0.727524 0.360779
v -0.372159 -0.727525 -0.360779
v -0.372112 0.665100 -0.360734
v -0.372112 0.665100 0.360733
v -0.371620 0.653761 -0.360257
v -0.371620 0.653761 0.360257
v -0.371210 0.676569 0.187225
v -0.371210 0.676569 -0.187226
v -0.371126 0.436391 -0.490236
v -0.371126 0.436391 0.490236
v -0.369701 0.660327 -0.263022
v -0.369701 0.660327 0.263022
v -0.367948 0.690738 -0.000000
v -0.367948 0.690738 -0.000000
v -0.363209 0.690738 -0.058527
v -0.363209 0.690738 0.058527
v -0.362118 -0.615081 0.478337
v -0.362118 -0.615081 -0.478337
v -0.361133 -0.754350 -0.000000
v -0.361133 -0.754350 -0.000000
v -0.356482 -0.754350 0.057443
v -0.356482 -0.754350 -0.057443
v -0.354630 0.526803 -0.468446
v -0.354630 0.526803 0.468446
v -0.351083 -0.246476 -0.654171
v -0.351083 -0.246476 0.654171
v -0.351083 -0.246476 0.654171
v -0.351083 -0.246476 -0.654171
v -0.350921 -0.746877 0.249661
v -0.350921 -0.746877 -0.249661
v -0.349976 0.617475 -0.339274
v -0.349976 0.617475 0.339274
v -0.349810 -0.167468 0.651800
v -0.349810 -0.167468 -0.651800
v -0.349507 -0.641820 0.461679
v -0.349507 -0.641821 -0.461679
v -0.349463 0.690738 -0.113801
v -0.349463 0.690738 0.113801
v -0.348626 -0.320387 -0.649592
v -0.348626 -0.320387 0.649592
v -0.346168 -0.086127 -0.645012
v -0.346168 -0.086127 0.645012
v -0.345769 -0.737849 -0.335196
v -0.345769 -0.737849 0.335196
v -0.343138 0.640975 0.332645
v -0.343138 0.640975 -0.332646
v -0.342989 -0.754350 0.111693
v -0.342989 -0.754350 -0.111693
v -0.341955 -0.386782 -0.637162
v -0.341955 -0.386782 0.637162
v -0.340950 -0.662858 0.450375
v -0.340950 -0.662858 -0.450375
v -0.340419 -0.002712 -0.634301
v -0.340419 -0.002712 0.634300
v -0.337797 -0.678452 -0.446210
v -0.337797 -0.678452 0.446210
v -0.337797 0.617475 -0.446210
v -0.337797 -0.678452 -0.446210
v -0.337797 -0.678452 0.446210
v -0.337797 0.617475 0.446210
v -0.337603 0.676569 -0.240187
v -0.337603 0.676569 0.240187
v -0.337003 -0.691368 0.445161
v -0.337003 -0.691368 -0.445161
v -0.333473 -0.704025 -0.440499
v -0.333473 -0.704025 0.440499
v -0.333366 0.637886 -0.440357
v -0.333366 0.637886 0.440357
v -0.332827 0.082516 -0.620154
v -0.332827 0.082516 0.620154
v -0.332124 -0.445920 -0.618846
v -0.332124 -0.445919 0.618846
v -0.328699 0.653761 -0.434192
v -0.328699 0.653761 0.434192
v -0.327415 0.690738 -0.165137
v -0.327415 0.690738 0.165136
v -0.325484 -0.716164 -0.429946
v -0.325484 -0.716164 0.429946
v -0.324347 0.660327 -0.314429
v -0.324347 0.660327 0.314429
v -0.324065 0.665100 -0.428072
v -0.324065 0.665100 0.428071
v -0.323655 0.169300 -0.603064
v -0.323655 0.169300 0.603064
v -0.321351 -0.754350 -0.162078
v -0.321351 -0.754350 0.162078
v -0.320188 -0.498059 0.596604
v -0.320188 -0.498059 -0.596604
v -0.319736 0.671904 -0.422353
v -0.319736 0.671904 0.422353
v -0.315981 0.674172 -0.417393
v -0.315981 0.674172 0.417392
v -0.315277 0.617475 -0.416463
v -0.315277 0.617475 0.416463
v -0.313166 0.257380 0.583521
v -0.313166 0.257380 -0.583521
v -0.313070 0.671904 -0.413548
v -0.313070 0.671904 0.413547
v -0.312817 0.703870 -0.000000
v -0.312817 0.703870 -0.000000
v -0.312107 0.637886 -0.412276
v -0.312107 0.637886 0.412276
v -0.311313 -0.727524 0.411227
v -0.311313 -0.727525 -0.411227
v -0.311274 0.665100 0.411175
v -0.311274 0.665100 -0.411175
v -0.310863 0.653761 -0.410632
v -0.310863 0.653761 0.410632
v -0.308788 0.703870 -0.049758
v -0.308788 0.703870 0.049757
v -0.307871 -0.746877 0.298457
v -0.307871 -0.746877 -0.298457
v -0.307198 -0.543460 0.572400
v -0.307198 -0.543460 -0.572400
v -0.301624 0.346497 0.562015
v -0.301624 0.346497 -0.562015
v -0.297773 0.690738 -0.211850
v -0.297773 0.690738 0.211850
v -0.297101 0.703870 -0.096750
v -0.297101 0.703870 0.096749
v -0.296187 0.676569 -0.287131
v -0.296187 0.676569 0.287130
v -0.294207 -0.582381 -0.548195
v -0.294207 -0.582381 0.548195
v -0.292757 0.617475 -0.386716
v -0.292757 0.617475 0.386715
v -0.292258 -0.754350 0.207926
v -0.292258 -0.754350 -0.207926
v -0.289292 0.436391 -0.539037
v -0.289292 0.436391 0.539037
v -0.289238 -0.737849 -0.382067
v -0.289238 -0.737849 0.382067
v -0.287037 0.640975 0.379159
v -0.287037 0.640975 -0.379160
v -0.282271 -0.615081 0.525954
v -0.282271 -0.615081 -0.525954
v -0.278357 0.703870 -0.140394
v -0.278357 0.703870 0.140393
v -0.276434 0.526803 -0.515078
v -0.276434 0.526803 0.515078
v -0.272440 -0.641820 0.507637
v -0.272440 -0.641821 -0.507637
v -0.271318 0.660327 -0.358396
v -0.271318 0.660327 0.358396
v -0.266634 -0.760009 -0.000000
v -0.265770 -0.662858 0.495208
v -0.265770 -0.662858 -0.495208
v -0.263312 -0.678452 -0.490628
v -0.263312 -0.678452 0.490628
v -0.263312 0.617475 0.490628
v -0.263312 -0.678452 0.490628
v -0.263312 0.617475 -0.490628
v -0.263312 -0.678452 -0.490628
v -0.263200 -0.760009 -0.042412
v -0.263200 -0.760009 0.042412
v -0.262693 -0.691368 0.489475
v -0.262693 -0.691368 -0.489475
v -0.261243 0.690738 -0.253255
v -0.261243 0.690738 0.253255
v -0.259942 -0.704025 -0.484348
v -0.259942 -0.704025 0.484348
v -0.259858 0.637886 -0.484193
v -0.259858 0.637886 0.484193
v -0.257536 -0.746877 -0.340191
v -0.257536 -0.746877 0.340191
v -0.256404 -0.754350 0.248564
v -0.256404 -0.754350 -0.248564
v -0.256220 0.653761 -0.477414
v -0.256220 0.653761 0.477414
v -0.255410 0.717002 -0.000000
v -0.255410 0.717002 -0.000000
v -0.253715 -0.716164 -0.472745
v -0.253715 -0.716164 0.472745
v -0.253238 -0.760009 -0.082466
v -0.253238 -0.760009 0.082466
v -0.253156 0.703870 -0.180107
v -0.253156 0.703870 0.180107
v -0.252609 0.665100 0.470684
v -0.252609 0.665100 -0.470684
v -0.252121 0.717002 -0.040626
v -0.252121 0.717002 0.040626
v -0.249234 0.671904 -0.464396
v -0.249234 0.671904 0.464396
v -0.247763 0.676569 -0.327280
v -0.247763 0.676569 0.327280
v -0.246307 0.674172 -0.458942
v -0.246307 0.674172 0.458942
v -0.245758 0.617475 -0.457920
v -0.245758 0.617475 0.457920
v -0.244038 0.671904 -0.454715
v -0.244038 0.671904 0.454714
v -0.243287 0.637886 -0.453316
v -0.243287 0.637886 0.453316
v -0.242669 -0.727525 -0.452163
v -0.242669 -0.727524 0.452163
v -0.242638 0.665100 0.452106
v -0.242638 0.665100 -0.452106
v -0.242578 0.717002 -0.078994
v -0.242578 0.717002 0.078994
v -0.242317 0.653761 -0.451509
v -0.242317 0.653761 0.451509
v -0.241942 -0.246476 -0.698222
v -0.241942 -0.246476 -0.698222
v -0.241942 -0.246476 0.698221
v -0.241942 -0.246476 0.698221
v -0.241065 -0.167468 -0.695690
v -0.241065 -0.167468 0.695690
v -0.240248 -0.320387 -0.693334
v -0.240248 -0.320387 0.693334
v -0.238555 -0.086127 -0.688447
v -0.238555 -0.086127 0.688446
v -0.237261 -0.760009 0.119666
v -0.237261 -0.760009 -0.119666
v -0.235652 -0.386782 -0.680068
v -0.235652 -0.386782 0.680068
v -0.234593 -0.002712 -0.677013
v -0.234593 -0.002712 0.677013
v -0.229361 0.082516 -0.661914
v -0.229361 0.082516 0.661914
v -0.228877 -0.445920 -0.660518
v -0.228877 -0.445919 0.660518
v -0.228204 0.617475 -0.425211
v -0.228204 0.617475 0.425211
v -0.227274 0.717002 -0.114629
v -0.227274 0.717002 0.114629
v -0.225461 -0.737849 -0.420100
v -0.225461 -0.737849 0.420100
v -0.223745 0.640975 0.416903
v -0.223745 0.640975 -0.416903
v -0.223040 0.169300 -0.643673
v -0.223040 0.169300 0.643673
v -0.222100 0.703870 -0.215309
v -0.222100 0.703870 0.215309
v -0.220651 -0.498059 -0.636778
v -0.220651 -0.498059 0.636778
v -0.218532 0.690738 -0.288668
v -0.218532 0.690738 0.288668
v -0.215812 0.257380 -0.622814
v -0.215812 0.257380 0.622814
v -0.215781 -0.760009 -0.153517
v -0.215781 -0.760009 0.153517
v -0.214484 -0.754350 0.283321
v -0.214484 -0.754350 -0.283321
v -0.211699 -0.543460 -0.610944
v -0.211699 -0.543460 0.610944
v -0.211492 0.660327 -0.394073
v -0.211492 0.660327 0.394072
v -0.207858 0.346497 -0.599860
v -0.207858 0.346497 0.599859
v -0.206698 0.717002 -0.147055
v -0.206698 0.717002 0.147055
v -0.202747 -0.582381 -0.585110
v -0.202747 -0.582381 0.585110
v -0.200749 -0.746877 -0.374055
v -0.200749 -0.746877 0.374055
v -0.199369 0.731171 -0.000000
v -0.199369 0.731171 -0.000000
v -0.199360 0.436391 -0.575334
v -0.199360 0.436391 0.575334
v -0.196801 0.731171 0.031712
v -0.196801 0.731171 -0.031712
v -0.194521 -0.615081 -0.561370
v -0.194521 -0.615081 0.561370
v -0.193131 0.676569 0.359859
v -0.193131 0.676569 -0.359860
v -0.190499 0.526803 -0.549762
v -0.190499 0.526803 0.549762
v -0.189352 0.731171 -0.061662
v -0.189352 0.731171 0.061661
v -0.189310 -0.760009 -0.183521
v -0.189310 -0.760009 0.183521
v -0.187747 -0.641821 -0.541820
v -0.187747 -0.641820 0.541820
v -0.185788 0.703870 -0.245416
v -0.185788 0.703870 0.245415
v -0.183150 -0.662858 -0.528554
v -0.183150 -0.662858 0.528554
v -0.181457 -0.678452 0.523666
v -0.181457 0.617475 -0.523666
v -0.181457 -0.678452 -0.523666
v -0.181457 -0.678452 -0.523666
v -0.181457 -0.678452 0.523666
v -0.181457 0.617475 0.523666
v -0.181341 0.717002 -0.175796
v -0.181341 0.717002 0.175796
v -0.181030 -0.691368 0.522435
v -0.181030 -0.691368 -0.522435
v -0.179134 -0.704025 0.516963
v -0.179134 -0.704025 -0.516963
v -0.179076 0.637886 -0.516797
v -0.179076 0.637886 0.516797
v -0.177406 0.731171 -0.089477
v -0.177406 0.731171 0.089477
v -0.176569 0.653761 -0.509562
v -0.176569 0.653761 0.509562
v -0.174842 -0.716164 0.504579
v -0.174842 -0.716164 -0.504579
v -0.174081 0.665100 -0.502379
v -0.174081 0.665100 0.502379
v -0.171755 0.671904 -0.495667
v -0.171755 0.671904 0.495667
v -0.170345 0.690738 -0.317404
v -0.170345 0.690738 0.317404
v -0.169737 0.674172 -0.489846
v -0.169737 0.674172 0.489846
v -0.169359 0.617475 -0.488755
v -0.169359 0.617475 0.488755
v -0.168174 0.671904 -0.485334
v -0.168174 0.671904 0.485334
v -0.167657 0.637886 -0.483841
v -0.167657 0.637886 0.483841
v -0.167230 -0.727524 0.482611
v -0.167230 -0.727525 -0.482611
v -0.167209 0.665100 -0.482550
v -0.167209 0.665100 0.482549
v -0.167190 -0.754350 0.311524
v -0.167190 -0.754350 -0.311524
v -0.166988 0.653761 -0.481913
v -0.166988 0.653761 0.481912
v -0.161345 0.731171 0.114788
v -0.161345 0.731171 -0.114788
v -0.158359 -0.760009 -0.209183
v -0.158359 -0.760009 0.209183
v -0.157262 0.617475 -0.453844
v -0.157262 0.617475 0.453844
v -0.155372 -0.737849 0.448389
v -0.155372 -0.737849 -0.448389
v -0.154190 0.640975 -0.444977
v -0.154190 0.640975 0.444976
v -0.151693 0.717002 -0.200378
v -0.151693 0.717002 0.200378
v -0.148332 0.747414 -0.000000
v -0.148332 0.747414 -0.000000
v -0.147223 -0.763595 -0.000000
v -0.147223 -0.763595 -0.000000
v -0.146421 0.747414 -0.023594
v -0.146421 0.747414 0.023594
v -0.145746 0.660327 -0.420609
v -0.145746 0.660327 0.420609
v -0.145327 -0.763595 -0.023418
v -0.145327 -0.763595 0.023418
v -0.144822 0.703870 -0.269846
v -0.144822 0.703870 0.269845
v -0.141552 0.731171 -0.137224
v -0.141552 0.731171 0.137223
v -0.140880 0.747414 -0.045877
v -0.140880 0.747414 0.045877
v -0.139826 -0.763595 -0.045534
v -0.139826 -0.763595 0.045534
v -0.138342 -0.746877 0.399243
v -0.138342 -0.746877 -0.399243
v -0.135895 0.983100 -0.000000
v -0.135895 0.983100 -0.000000
v -0.135819 1.009796 -0.000000
v -0.135819 1.009796 -0.000000
v -0.134154 0.983100 -0.021693
v -0.134154 0.983100 0.021693
v -0.134079 1.009796 -0.021683
v -0.134079 1.009796 0.021683
v -0.133092 0.676569 -0.384092
v -0.133092 0.676569 0.384092
v -0.131992 0.747414 -0.066572
v -0.131992 0.747414 0.066572
v -0.131005 -0.763595 -0.066074
v -0.131005 -0.763595 0.066074
v -0.129099 0.983100 -0.042152
v -0.129099 0.983100 0.042152
v -0.129028 1.009796 -0.042132
v -0.129028 1.009796 0.042131
v -0.124429 -0.246476 -0.725687
v -0.124429 -0.246476 0.725687
v -0.124429 -0.246476 0.725687
v -0.123978 -0.167468 -0.723056
v -0.123978 -0.167468 0.723056
v -0.123558 -0.320387 -0.720607
v -0.123558 -0.320387 0.720607
v -0.123441 -0.760009 -0.230006
v -0.123441 -0.760009 0.230006
v -0.123231 0.952256 -0.000000
v -0.123231 0.952256 -0.000000
v -0.122687 -0.086127 -0.715527
v -0.122687 -0.086127 0.715527
v -0.121651 0.952256 -0.019668
v -0.121651 0.952256 0.019668
v -0.121194 -0.386782 -0.706819
v -0.121194 -0.386782 0.706819
v -0.120987 0.983100 -0.061131
v -0.120987 0.983100 0.061130
v -0.120921 1.009796 -0.061099
v -0.120921 1.009796 0.061099
v -0.120649 -0.002712 -0.703644
v -0.120649 -0.002712 0.703644
v -0.120042 0.747414 -0.085404
v -0.120042 0.747414 0.085404
v -0.119145 -0.763595 -0.084765
v -0.119145 -0.763595 0.084765
v -0.118409 0.731171 -0.156411
v -0.118409 0.731171 0.156411
v -0.118245 0.717002 -0.220325
v -0.118245 0.717002 0.220325
v -0.117959 0.082516 -0.687951
v -0.117959 0.082516 0.687951
v -0.117710 -0.445920 -0.686500
v -0.117710 -0.445919 0.686500
v -0.117390 0.690738 -0.338777
v -0.117390 0.690738 0.338777
v -0.117088 1.030790 -0.000000
v -0.117088 1.030790 -0.000000
v -0.117067 0.952256 -0.038219
v -0.117067 0.952256 0.038219
v -0.115588 1.030790 -0.018693
v -0.115588 1.030790 0.018693
v -0.115216 -0.754350 0.332502
v -0.115216 -0.754350 -0.332502
v -0.114708 0.169300 -0.668993
v -0.114708 0.169300 0.668993
v -0.113479 -0.498059 -0.661826
v -0.113479 -0.498059 0.661826
v -0.111234 1.030790 -0.036322
v -0.111234 1.030790 0.036322
v -0.110991 0.257380 -0.647313
v -0.110991 0.257380 0.647313
v -0.110072 0.983100 -0.078380
v -0.110072 0.983100 0.078380
v -0.110012 1.009796 -0.078339
v -0.110012 1.009796 0.078339
v -0.109710 0.952256 -0.055428
v -0.109710 0.952256 0.055428
v -0.108875 -0.543460 -0.634976
v -0.108875 -0.543460 0.634976
v -0.106900 0.346497 0.623456
v -0.106900 0.346497 -0.623456
v -0.105941 0.766766 -0.000000
v -0.105316 0.747414 -0.102096
v -0.105316 0.747414 0.102095
v -0.104576 0.766766 -0.016851
v -0.104576 0.766766 0.016851
v -0.104528 -0.763595 -0.101332
v -0.104528 -0.763595 0.101332
v -0.104272 -0.582381 -0.608126
v -0.104272 -0.582381 0.608126
v -0.104245 1.030790 -0.052674
v -0.104245 1.030790 0.052674
v -0.103741 0.918821 -0.000000
v -0.103741 0.918821 -0.000000
v -0.102530 0.436391 -0.597966
v -0.102530 0.436391 0.597966
v -0.102411 0.918821 -0.016553
v -0.102411 0.918821 0.016553
v -0.100618 0.766766 -0.032766
v -0.100618 0.766766 0.032766
v -0.100041 -0.615081 0.583452
v -0.100041 -0.615081 -0.583452
v -0.099810 0.952256 -0.071071
v -0.099810 0.952256 0.071070
v -0.099801 0.703870 -0.288016
v -0.099801 0.703870 0.288016
v -0.098551 0.918821 -0.032167
v -0.098551 0.918821 0.032167
v -0.097972 0.526803 -0.571388
v -0.097972 0.526803 0.571388
v -0.096608 0.983100 -0.093655
v -0.096608 0.983100 0.093654
v -0.096557 1.009796 -0.093605
v -0.096557 1.009796 0.093605
v -0.096557 -0.641821 -0.563133
v -0.096557 -0.641820 0.563133
v -0.094841 1.030790 -0.067537
v -0.094841 1.030790 0.067536
v -0.094270 0.766766 0.047546
v -0.094270 0.766766 -0.047547
v -0.094193 -0.662858 -0.549345
v -0.094193 -0.662858 0.549345
v -0.093322 -0.678452 0.544265
v -0.093322 0.617475 -0.544265
v -0.093322 -0.678452 -0.544265
v -0.093322 -0.678452 -0.544265
v -0.093322 -0.678452 0.544265
v -0.093322 0.617475 0.544265
v -0.093103 -0.691368 0.542986
v -0.093103 -0.691368 -0.542986
v -0.092355 0.918821 -0.046653
v -0.092355 0.918821 0.046653
v -0.092300 0.731171 0.171981
v -0.092300 0.731171 -0.171982
v -0.092127 -0.704025 0.537299
v -0.092127 -0.704025 -0.537299
v -0.092098 0.637886 -0.537126
v -0.092098 0.637886 0.537126
v -0.090808 0.653761 -0.529606
v -0.090808 0.653761 0.529606
v -0.089920 -0.716164 0.524427
v -0.089920 -0.716164 -0.524427
v -0.089528 0.665100 -0.522141
v -0.089528 0.665100 0.522141
v -0.088332 0.671904 -0.515165
v -0.088332 0.671904 0.515165
v -0.088098 0.747414 -0.116372
v -0.088098 0.747414 0.116371
v -0.087600 0.952256 -0.084922
v -0.087600 0.952256 0.084922
v -0.087439 -0.763595 -0.115501
v -0.087439 -0.763595 0.115501
v -0.087295 0.674172 -0.509115
v -0.087295 0.674172 0.509115
v -0.087100 0.617475 -0.507981
v -0.087100 0.617475 0.507981
v -0.086491 0.671904 -0.504425
v -0.086491 0.671904 0.504425
v -0.086225 0.637886 -0.502874
v -0.086225 0.637886 0.502874
v -0.086005 -0.727524 0.501595
v -0.086005 -0.727525 -0.501595
v -0.085994 0.665100 0.501531
v -0.085994 0.665100 -0.501531
v -0.085881 0.653761 -0.500869
v -0.085881 0.653761 0.500869
v -0.085736 0.766766 -0.060996
v -0.085736 0.766766 0.060996
v -0.085067 -0.760009 0.245495
v -0.085067 -0.760009 -0.245495
v -0.084019 0.918821 -0.059822
v -0.084019 0.918821 0.059821
v -0.083342 0.884350 -0.000000
v -0.083342 0.884350 -0.000000
v -0.083242 1.030790 -0.080697
v -0.083242 1.030790 0.080696
v -0.082272 0.884350 0.013290
v -0.082272 0.884350 -0.013291
v -0.081486 0.717002 -0.235161
v -0.081486 0.717002 0.235161
v -0.080879 0.617475 -0.471697
v -0.080879 0.617475 0.471696
v -0.080852 0.983100 -0.106706
v -0.080852 0.983100 0.106706
v -0.080810 1.009796 -0.106648
v -0.080810 1.009796 0.106648
v -0.079907 -0.737849 -0.466027
v -0.079907 -0.737849 0.466027
v -0.079299 0.640975 -0.462480
v -0.079299 0.640975 0.462480
v -0.079169 0.884350 0.025830
v -0.079169 0.884350 -0.025830
v -0.075834 0.790266 -0.000000
v -0.075834 0.790266 -0.000000
v -0.075834 0.790266 -0.000000
v -0.075834 0.790266 -0.000000
v -0.075218 0.766766 -0.072918
v -0.075218 0.766766 0.072918
v -0.074956 0.660327 -0.437154
v -0.074956 0.660327 0.437154
v -0.074858 0.790266 -0.012063
v -0.074858 0.790266 0.012062
v -0.074858 0.790266 0.012062
v -0.074858 0.790266 -0.012063
v -0.074188 0.884350 -0.037465
v -0.074188 0.884350 0.037465
v -0.073787 1.044526 -0.000000
v -0.073787 1.044526 -0.000000
v -0.073738 0.918821 -0.071484
v -0.073738 0.918821 0.071483
v -0.073312 0.952256 -0.096758
v -0.073312 0.952256 0.096758
v -0.072842 1.044526 -0.011780
v -0.072842 1.044526 0.011780
v -0.072024 0.790266 -0.023455
v -0.072024 0.790266 0.023454
v -0.072024 0.790266 0.023454
v -0.072024 0.790266 -0.023455
v -0.071149 -0.746877 0.414948
v -0.071149 -0.746877 -0.414948
v -0.070098 1.044526 -0.022890
v -0.070098 1.044526 0.022890
v -0.069667 1.030790 -0.091941
v -0.069667 1.030790 0.091941
v -0.068672 0.747414 0.127956
v -0.068672 0.747414 -0.127956
v -0.068448 0.676569 -0.399200
v -0.068448 0.676569 0.399200
v -0.068158 -0.763595 -0.126999
v -0.068158 -0.763595 0.126999
v -0.067948 0.850396 -0.000000
v -0.067948 0.850396 -0.000000
v -0.067488 0.884350 -0.048045
v -0.067488 0.884350 0.048045
v -0.067480 0.790266 -0.034035
v -0.067480 0.790266 0.034035
v -0.067480 0.790266 0.034035
v -0.067480 0.790266 -0.034035
v -0.067074 0.850396 0.010825
v -0.067074 0.850396 -0.010825
v -0.065693 1.044526 -0.033195
v -0.065693 1.044526 0.033194
v -0.064541 0.850396 0.021042
v -0.064541 0.850396 -0.021042
v -0.063606 0.731171 -0.183563
v -0.063606 0.731171 0.183562
v -0.063473 0.818517 -0.000000
v -0.063473 0.818517 -0.000000
v -0.063059 0.983100 -0.117288
v -0.063059 0.983100 0.117287
v -0.063026 1.009796 0.117223
v -0.063026 1.009796 -0.117223
v -0.062920 0.766766 -0.083114
v -0.062920 0.766766 0.083114
v -0.062656 0.818517 0.010101
v -0.062656 0.818517 -0.010101
v -0.061708 0.918821 -0.081450
v -0.061708 0.918821 0.081450
v -0.061371 0.790266 -0.043662
v -0.061371 0.790266 0.043662
v -0.061371 0.790266 0.043662
v -0.061371 0.790266 -0.043662
v -0.060476 0.850396 0.030526
v -0.060476 0.850396 -0.030526
v -0.060373 0.690738 -0.352103
v -0.060373 0.690738 0.352103
v -0.060286 0.818517 0.019639
v -0.060286 0.818517 -0.019639
v -0.059767 1.044526 -0.042561
v -0.059767 1.044526 0.042561
v -0.059255 -0.754350 0.345581
v -0.059255 -0.754350 -0.345581
v -0.059227 0.884350 -0.057416
v -0.059227 0.884350 0.057416
v -0.057176 0.952256 -0.106355
v -0.057176 0.952256 0.106355
v -0.056485 0.818517 0.028496
v -0.056485 0.818517 -0.028496
v -0.055010 0.850396 0.039152
v -0.055010 0.850396 -0.039152
v -0.054336 1.030790 -0.101058
v -0.054336 1.030790 0.101057
v -0.053842 0.790266 -0.052196
v -0.053842 0.790266 0.052196
v -0.053842 0.790266 0.052196
v -0.053842 0.790266 -0.052196
v -0.052458 1.044526 -0.050854
v -0.052458 1.044526 0.050854
v -0.051374 0.818517 0.036554
v -0.051374 0.818517 -0.036554
v -0.051327 0.703870 -0.299346
v -0.051327 0.703870 0.299346
v -0.049560 0.884350 -0.065425
v -0.049560 0.884350 0.065425
v -0.049046 0.766766 0.091387
v -0.049046 0.766766 -0.091388
v -0.048270 0.850396 0.046794
v -0.048270 0.850396 -0.046794
v -0.048125 0.918821 -0.089531
v -0.048125 0.918821 0.089530
v -0.047324 0.747414 -0.136572
v -0.047324 0.747414 0.136572
v -0.046970 -0.763595 0.135551
v -0.046970 -0.763595 -0.135551
v -0.045074 0.818517 0.043695
v -0.045074 0.818517 -0.043696
v -0.045040 0.790266 -0.059495
v -0.045040 0.790266 0.059495
v -0.045040 0.790266 0.059495
v -0.045040 0.790266 -0.059495
v -0.043903 1.044526 -0.057940
v -0.043903 1.044526 0.057940
v -0.043749 -0.760009 0.255152
v -0.043749 -0.760009 -0.255152
v -0.043482 0.983100 -0.125152
v -0.043482 0.983100 0.125152
v -0.043460 1.009796 -0.125083
v -0.043460 1.009796 0.125083
v -0.041908 0.717002 -0.244411
v -0.041908 0.717002 0.244411
v -0.040387 0.850396 -0.053328
v -0.040387 0.850396 0.053327
v -0.039425 0.952256 -0.113488
v -0.039425 0.952256 0.113487
v -0.038647 0.884350 -0.071920
v -0.038647 0.884350 0.071919
v -0.037707 0.818517 0.049803
v -0.037707 0.818517 -0.049803
v -0.037467 1.030790 -0.107833
v -0.037467 1.030790 0.107832
v -0.035108 0.790266 -0.065417
v -0.035108 0.790266 0.065417
v -0.035108 0.790266 -0.065417
v -0.035108 0.790266 0.065417
v -0.034242 1.044526 -0.063685
v -0.034242 1.044526 0.063685
v -0.033799 0.766766 -0.097542
v -0.033799 0.766766 0.097541
v -0.033182 0.918821 -0.095537
v -0.033182 0.918821 0.095537
v -0.032712 0.731171 -0.190783
v -0.032712 0.731171 0.190783
v -0.031489 0.850396 -0.058627
v -0.031489 0.850396 0.058627
v -0.029395 0.818517 -0.054758
v -0.029395 0.818517 0.054758
v -0.026644 0.884350 -0.076748
v -0.026644 0.884350 0.076748
v -0.024338 0.747414 -0.141944
v -0.024338 0.747414 0.141944
v -0.024194 0.790266 -0.069822
v -0.024194 0.790266 0.069822
v -0.024194 0.790266 -0.069822
v -0.024194 0.790266 0.069822
v -0.024156 -0.763595 0.140883
v -0.024156 -0.763595 -0.140883
v -0.023612 1.044526 -0.067954
v -0.023612 1.044526 0.067954
v -0.022377 0.983100 -0.130052
v -0.022377 0.983100 0.130051
v -0.022367 1.009796 -0.129979
v -0.022367 1.009796 0.129979
v -0.021706 0.850396 -0.062567
v -0.021706 0.850396 0.062567
v -0.020289 0.952256 -0.117932
v -0.020289 0.952256 0.117931
v -0.020258 0.818517 -0.058443
v -0.020258 0.818517 0.058443
v -0.019283 1.030790 -0.112054
v -0.019283 1.030790 0.112053
v -0.017383 0.766766 -0.101378
v -0.017383 0.766766 0.101378
v -0.017075 0.918821 -0.099280
v -0.017075 0.918821 0.099280
v -0.013710 0.884350 -0.079757
v -0.013710 0.884350 0.079757
v -0.012443 0.790266 -0.072569
v -0.012443 0.790266 0.072569
v -0.012443 0.790266 -0.072569
v -0.012443 0.790266 0.072569
v -0.012152 1.044526 -0.070614
v -0.012152 1.044526 0.070614
v -0.011167 0.850396 -0.065024
v -0.011167 0.850396 0.065023
v -0.010420 0.818517 -0.060741
v -0.010420 0.818517 0.060740
v 0.000000 -0.615081 0.591065
v 0.000000 0.346497 0.631591
v 0.000000 0.436391 -0.605768
v 0.000000 -0.386782 -0.716042
v 0.000000 -0.320387 -0.730010
v 0.000000 0.665100 0.508075
v 0.000000 0.790266 -0.073516
v 0.000000 -0.691368 0.550071
v 0.000000 0.660327 -0.442858
v 0.000000 0.818517 -0.061533
v 0.000000 -0.754350 0.350090
v 0.000000 -0.737849 -0.472108
v 0.000000 -0.727524 0.508140
v 0.000000 -0.543460 0.643261
v 0.000000 -0.498059 0.670462
v 0.000000 -0.445920 -0.695457
v 0.000000 -0.167468 0.732491
v 0.000000 -0.086127 0.724863
v 0.000000 -0.002712 -0.712825
v 0.000000 0.169300 -0.677722
v 0.000000 0.257380 0.655759
v 0.000000 0.617475 -0.477851
v 0.000000 0.637886 -0.544135
v 0.000000 0.637886 -0.509435
v 0.000000 0.653761 -0.536517
v 0.000000 0.653761 -0.507405
v 0.000000 0.671904 -0.511007
v 0.000000 0.676569 -0.404409
v 0.000000 0.850396 -0.065870
v 0.000000 0.884350 -0.080794
v 0.000000 0.717002 -0.247601
v 0.000000 -0.704025 0.544309
v 0.000000 -0.662858 -0.556513
v 0.000000 0.671904 -0.521887
v 0.000000 0.690738 -0.356698
v 0.000000 0.918821 -0.100569
v 0.000000 1.030790 -0.113508
v 0.000000 0.731171 -0.193273
v 0.000000 0.790266 -0.073516
v 0.000000 0.952256 -0.119463
v 0.000000 1.044526 -0.071531
v 0.000000 -0.763595 0.142721
v 0.000000 1.009796 -0.131667
v 0.000000 -0.764847 0.000000
v 0.000000 -0.763595 -0.142721
v 0.000000 -0.763595 0.142721
v 0.000000 -0.760009 -0.258481
v 0.000000 -0.760009 0.258481
v 0.000000 -0.754350 -0.350090
v 0.000000 -0.754350 0.350090
v 0.000000 -0.746877 -0.420362
v 0.000000 -0.746877 -0.420362
v 0.000000 -0.746877 0.420362
v 0.000000 -0.746877 0.420362
v 0.000000 -0.737849 -0.472108
v 0.000000 -0.737849 0.472108
v 0.000000 -0.727525 -0.508140
v 0.000000 -0.727524 0.508140
v 0.000000 -0.716164 -0.531269
v 0.000000 -0.716164 -0.531269
v 0.000000 -0.716164 0.531269
v 0.000000 -0.716164 0.531269
v 0.000000 -0.704025 -0.544309
v 0.000000 -0.704025 0.544309
v 0.000000 -0.691368 -0.550071
v 0.000000 -0.691368 0.550071
v 0.000000 -0.678452 -0.551367
v 0.000000 -0.678452 -0.551367
v 0.000000 -0.678452 0.551367
v 0.000000 -0.678452 0.551367
v 0.000000 -0.662858 -0.556513
v 0.000000 -0.662858 0.556513
v 0.000000 -0.641821 -0.570481
v 0.000000 -0.641821 -0.570481
v 0.000000 -0.641820 0.570481
v 0.000000 -0.641820 0.570481
v 0.000000 -0.615081 -0.591065
v 0.000000 -0.615081 0.591065
v 0.000000 -0.582381 -0.616060
v 0.000000 -0.582381 -0.616060
v 0.000000 -0.582381 0.616060
v 0.000000 -0.582381 0.616060
v 0.000000 -0.543460 -0.643261
v 0.000000 -0.543460 0.643261
v 0.000000 -0.498059 -0.670462
v 0.000000 -0.498059 0.670462
v 0.000000 -0.445920 -0.695457
v 0.000000 -0.445919 0.695457
v 0.000000 -0.386782 -0.716042
v 0.000000 -0.386782 0.716042
v 0.000000 -0.320387 -0.730010
v 0.000000 -0.320387 0.730010
v 0.000000 -0.246476 -0.735156
v 0.000000 -0.246476 -0.735156
v 0.000000 -0.246476 0.735156
v 0.000000 -0.246476 0.735156
v 0.000000 -0.167468 -0.732491
v 0.000000 -0.167468 0.732491
v 0.000000 -0.086127 -0.724864
v 0.000000 -0.086127 0.724863
v 0.000000 -0.002712 -0.712825
v 0.000000 -0.002712 0.712825
v 0.000000 0.082516 -0.696928
v 0.000000 0.082516 -0.696928
v 0.000000 0.082516 0.696928
v 0.000000 0.082516 0.696928
v 0.000000 0.169300 -0.677722
v 0.000000 0.169300 0.677722
v 0.000000 0.257380 -0.655759
v 0.000000 0.257380 0.655759
v 0.000000 0.346497 -0.631591
v 0.000000 0.346497 0.631591
v 0.000000 0.436391 -0.605768
v 0.000000 0.436391 0.605768
v 0.000000 0.526803 -0.578843
v 0.000000 0.526803 -0.578843
v 0.000000 0.526803 0.578843
v 0.000000 0.526803 0.578843
v 0.000000 0.617475 -0.551367
v 0.000000 0.617475 -0.551367
v 0.000000 0.617475 -0.514609
v 0.000000 0.617475 -0.514609
v 0.000000 0.617475 -0.477851
v 0.000000 0.617475 0.477851
v 0.000000 0.617475 0.514609
v 0.000000 0.617475 0.514609
v 0.000000 0.617475 0.551367
v 0.000000 0.617475 0.551367
v 0.000000 0.637886 -0.544135
v 0.000000 0.637886 -0.509435
v 0.000000 0.637886 0.509435
v 0.000000 0.637886 0.544135
v 0.000000 0.640975 -0.468515
v 0.000000 0.640975 -0.468515
v 0.000000 0.640975 0.468515
v 0.000000 0.640975 0.468515
v 0.000000 0.653761 -0.536517
v 0.000000 0.653761 -0.507405
v 0.000000 0.653761 0.507404
v 0.000000 0.653761 0.536516
v 0.000000 0.660327 -0.442858
v 0.000000 0.660327 0.442858
v 0.000000 0.665100 -0.528954
v 0.000000 0.665100 -0.508075
v 0.000000 0.665100 0.508075
v 0.000000 0.665100 0.528954
v 0.000000 0.671904 -0.521887
v 0.000000 0.671904 -0.511007
v 0.000000 0.671904 0.511007
v 0.000000 0.671904 0.521887
v 0.000000 0.674172 -0.515758
v 0.000000 0.674172 -0.515758
v 0.000000 0.674172 0.515758
v 0.000000 0.674172 0.515758
v 0.000000 0.676569 -0.404409
v 0.000000 0.676569 0.404409
v 0.000000 0.690738 -0.356698
v 0.000000 0.690738 0.356697
v 0.000000 0.703870 -0.303252
v 0.000000 0.703870 -0.303252
v 0.000000 0.703870 0.303252
v 0.000000 0.703870 0.303252
v 0.000000 0.717002 -0.247601
v 0.000000 0.717002 0.247600
v 0.000000 0.731171 -0.193273
v 0.000000 0.731171 0.193272
v 0.000000 0.747414 -0.143797
v 0.000000 0.747414 -0.143797
v 0.000000 0.747414 0.143796
v 0.000000 0.747414 0.143796
v 0.000000 0.766766 -0.102701
v 0.000000 0.766766 0.102701
v 0.000000 0.790266 -0.073516
v 0.000000 0.790266 -0.073516
v 0.000000 0.790266 0.073515
v 0.000000 0.790266 0.073515
v 0.000000 0.818517 -0.061533
v 0.000000 0.818517 0.061532
v 0.000000 0.850396 -0.065870
v 0.000000 0.850396 0.065870
v 0.000000 0.884350 -0.080794
v 0.000000 0.884350 0.080793
v 0.000000 0.918821 -0.100569
v 0.000000 0.918821 0.100569
v 0.000000 0.952256 -0.119463
v 0.000000 0.952256 0.119463
v 0.000000 0.983100 -0.131740
v 0.000000 0.983100 -0.131740
v 0.000000 0.983100 0.131740
v 0.000000 0.983100 0.131740
v 0.000000 1.009796 -0.131667
v 0.000000 1.009796 0.131666
v 0.000000 1.030790 -0.113508
v 0.000000 1.030790 0.113508
v 0.000000 1.044526 -0.071531
v 0.000000 1.044526 0.071531
v 0.000000 1.049451 -0.000000
v 0.000000 -0.763595 -0.142721
v 0.000000 1.009796 0.131666
v 0.000000 0.731171 0.193272
v 0.000000 0.790266 0.073515
v 0.000000 0.952256 0.119463
v 0.000000 1.044526 0.071531
v 0.000000 1.030790 0.113508
v 0.000000 -0.704025 -0.544309
v 0.000000 -0.662858 0.556513
v 0.000000 0.671904 0.521887
v 0.000000 0.690738 0.356697
v 0.000000 0.918821 0.100569
v 0.000000 0.717002 0.247600
v 0.000000 0.884350 0.080793
v 0.000000 -0.754350 -0.350090
v 0.000000 -0.737849 0.472108
v 0.000000 -0.727525 -0.508140
v 0.000000 -0.543460 -0.643261
v 0.000000 -0.498059 -0.670462
v 0.000000 -0.445919 0.695457
v 0.000000 -0.167468 -0.732491
v 0.000000 -0.086127 -0.724864
v 0.000000 -0.002712 0.712825
v 0.000000 0.169300 0.677722
v 0.000000 0.257380 -0.655759
v 0.000000 0.617475 0.477851
v 0.000000 0.637886 0.509435
v 0.000000 0.637886 0.544135
v 0.000000 0.653761 0.507404
v 0.000000 0.653761 0.536516
v 0.000000 0.671904 0.511007
v 0.000000 0.676569 0.404409
v 0.000000 0.850396 0.065870
v 0.000000 0.818517 0.061532
v 0.000000 -0.691368 -0.550071
v 0.000000 0.660327 0.442858
v 0.000000 -0.386782 0.716042
v 0.000000 -0.320387 0.730010
v 0.000000 0.665100 -0.508075
v 0.000000 0.790266 0.073515
v 0.000000 -0.615081 -0.591065
v 0.000000 0.346497 -0.631591
v 0.000000 0.436391 0.605768
v 0.010420 0.818517 -0.060741
v 0.010420 0.818517 0.060740
v 0.011167 0.850396 -0.065024
v 0.011167 0.850396 0.065023
v 0.012152 1.044526 -0.070614
v 0.012152 1.044526 0.070614
v 0.012443 0.790266 -0.072569
v 0.012443 0.790266 0.072569
v 0.012443 0.790266 -0.072569
v 0.012443 0.790266 0.072569
v 0.013710 0.884350 -0.079757
v 0.013710 0.884350 0.079757
v 0.017075 0.918821 -0.099280
v 0.017075 0.918821 0.099280
v 0.017383 0.766766 -0.101378
v 0.017383 0.766766 0.101378
v 0.019283 1.030790 -0.112054
v 0.019283 1.030790 0.112053
v 0.020258 0.818517 -0.058443
v 0.020258 0.818517 0.058443
v 0.020289 0.952256 -0.117932
v 0.020289 0.952256 0.117931
v 0.021706 0.850396 -0.062567
v 0.021706 0.850396 0.062567
v 0.022367 1.009796 -0.129979
v 0.022367 1.009796 0.129979
v 0.022377 0.983100 -0.130052
v 0.022377 0.983100 0.130051
v 0.023612 1.044526 -0.067954
v 0.023612 1.044526 0.067954
v 0.024156 -0.763595 0.140883
v 0.024156 -0.763595 -0.140883
v 0.024194 0.790266 -0.069822
v 0.024194 0.790266 0.069822
v 0.024194 0.790266 -0.069822
v 0.024194 0.790266 0.069822
v 0.024338 0.747414 -0.141944
v 0.024338 0.747414 0.141944
v 0.026644 0.884350 -0.076748
v 0.026644 0.884350 0.076748
v 0.029395 0.818517 -0.054758
v 0.029395 0.818517 0.054758
v 0.031489 0.850396 -0.058627
v 0.031489 0.850396 0.058627
v 0.032712 0.731171 -0.190783
v 0.032712 0.731171 0.190783
v 0.033182 0.918821 -0.095537
v 0.033182 0.918821 0.095537
v 0.033799 0.766766 -0.097542
v 0.033799 0.766766 0.097541
v 0.034242 1.044526 -0.063685
v 0.034242 1.044526 0.063685
v 0.035108 0.790266 -0.065417
v 0.035108 0.790266 0.065417
v 0.035108 0.790266 -0.065417
v 0.035108 0.790266 0.065417
v 0.037467 1.030790 -0.107833
v 0.037467 1.030790 0.107832
v 0.037707 0.818517 0.049803
v 0.037707 0.818517 -0.049803
v 0.038647 0.884350 -0.071920
v 0.038647 0.884350 0.071919
v 0.039425 0.952256 -0.113488
v 0.039425 0.952256 0.113487
v 0.040387 0.850396 -0.053328
v 0.040387 0.850396 0.053327
v 0.041908 0.717002 -0.244411
v 0.041908 0.717002 0.244411
v 0.043460 1.009796 -0.125083
v 0.043460 1.009796 0.125083
v 0.043482 0.983100 -0.125152
v 0.043482 0.983100 0.125152
v 0.043749 -0.760009 0.255152
v 0.043749 -0.760009 -0.255152
v 0.043903 1.044526 -0.057940
v 0.043903 1.044526 0.057940
v 0.045040 0.790266 0.059495
v 0.045040 0.790266 -0.059495
v 0.045040 0.790266 -0.059495
v 0.045040 0.790266 0.059495
v 0.045074 0.818517 0.043695
v 0.045074 0.818517 -0.043696
v 0.046970 -0.763595 0.135551
v 0.046970 -0.763595 -0.135551
v 0.047324 0.747414 -0.136572
v 0.047324 0.747414 0.136572
v 0.048125 0.918821 -0.089531
v 0.048125 0.918821 0.089530
v 0.048270 0.850396 0.046794
v 0.048270 0.850396 -0.046794
v 0.049046 0.766766 0.091387
v 0.049046 0.766766 -0.091388
v 0.049560 0.884350 -0.065425
v 0.049560 0.884350 0.065425
v 0.051327 0.703870 -0.299346
v 0.051327 0.703870 0.299346
v 0.051374 0.818517 0.036554
v 0.051374 0.818517 -0.036554
v 0.052458 1.044526 -0.050854
v 0.052458 1.044526 0.050854
v 0.053842 0.790266 0.052196
v 0.053842 0.790266 -0.052196
v 0.053842 0.790266 -0.052196
v 0.053842 0.790266 0.052196
v 0.054336 1.030790 -0.101058
v 0.054336 1.030790 0.101057
v 0.055010 0.850396 0.039152
v 0.055010 0.850396 -0.039152
v 0.056485 0.818517 0.028496
v 0.056485 0.818517 -0.028496
v 0.057176 0.952256 -0.106355
v 0.057176 0.952256 0.106355
v 0.059227 0.884350 -0.057416
v 0.059227 0.884350 0.057416
v 0.059255 -0.754350 0.345581
v 0.059255 -0.754350 -0.345581
v 0.059767 1.044526 -0.042561
v 0.059767 1.044526 0.042561
v 0.060286 0.818517 0.019639
v 0.060286 0.818517 -0.019639
v 0.060373 0.690738 -0.352103
v 0.060373 0.690738 0.352103
v 0.060476 0.850396 0.030526
v 0.060476 0.850396 -0.030526
v 0.061371 0.790266 0.043662
v 0.061371 0.790266 -0.043662
v 0.061371 0.790266 -0.043662
v 0.061371 0.790266 0.043662
v 0.061708 0.918821 -0.081450
v 0.061708 0.918821 0.081450
v 0.062656 0.818517 0.010101
v 0.062656 0.818517 -0.010101
v 0.062920 0.766766 -0.083114
v 0.062920 0.766766 0.083114
v 0.063026 1.009796 0.117223
v 0.063026 1.009796 -0.117223
v 0.063059 0.983100 -0.117288
v 0.063059 0.983100 0.117287
v 0.063473 0.818517 -0.000000
v 0.063473 0.818517 -0.000000
v 0.063606 0.731171 -0.183563
v 0.063606 0.731171 0.183562
v 0.064541 0.850396 0.021042
v 0.064541 0.850396 -0.021042
v 0.065693 1.044526 -0.033195
v 0.065693 1.044526 0.033194
v 0.067074 0.850396 0.010825
v 0.067074 0.850396 -0.010825
v 0.067480 0.790266 0.034035
v 0.067480 0.790266 -0.034035
v 0.067480 0.790266 -0.034035
v 0.067480 0.790266 0.034035
v 0.067488 0.884350 -0.048045
v 0.067488 0.884350 0.048045
v 0.067948 0.850396 -0.000000
v 0.067948 0.850396 -0.000000
v 0.068158 -0.763595 -0.126999
v 0.068158 -0.763595 0.126999
v 0.068448 0.676569 -0.399200
v 0.068448 0.676569 0.399200
v 0.068672 0.747414 0.127956
v 0.068672 0.747414 -0.127956
v 0.069667 1.030790 -0.091941
v 0.069667 1.030790 0.091941
v 0.070098 1.044526 -0.022890
v 0.070098 1.044526 0.022890
v 0.071149 -0.746877 0.414948
v 0.071149 -0.746877 -0.414948
v 0.072024 0.790266 0.023454
v 0.072024 0.790266 -0.023455
v 0.072024 0.790266 -0.023455
v 0.072024 0.790266 0.023454
v 0.072842 1.044526 -0.011780
v 0.072842 1.044526 0.011780
v 0.073312 0.952256 -0.096758
v 0.073312 0.952256 0.096758
v 0.073738 0.918821 -0.071484
v 0.073738 0.918821 0.071483
v 0.073787 1.044526 -0.000000
v 0.073787 1.044526 -0.000000
v 0.074188 0.884350 -0.037465
v 0.074188 0.884350 0.037465
v 0.074858 0.790266 0.012062
v 0.074858 0.790266 -0.012063
v 0.074858 0.790266 -0.012063
v 0.074858 0.790266 0.012062
v 0.074956 0.660327 -0.437154
v 0.074956 0.660327 0.437154
v 0.075218 0.766766 -0.072918
v 0.075218 0.766766 0.072918
v 0.075834 0.790266 -0.000000
v 0.075834 0.790266 -0.000000
v 0.075834 0.790266 -0.000000
v 0.075834 0.790266 -0.000000
v 0.079169 0.884350 0.025830
v 0.079169 0.884350 -0.025830
v 0.079299 0.640975 -0.462480
v 0.079299 0.640975 0.462480
v 0.079907 -0.737849 -0.466027
v 0.079907 -0.737849 0.466027
v 0.080810 1.009796 -0.106648
v 0.080810 1.009796 0.106648
v 0.080852 0.983100 -0.106706
v 0.080852 0.983100 0.106706
v 0.080879 0.617475 -0.471697
v 0.080879 0.617475 0.471696
v 0.081486 0.717002 -0.235161
v 0.081486 0.717002 0.235161
v 0.082272 0.884350 0.013290
v 0.082272 0.884350 -0.013291
v 0.083242 1.030790 -0.080697
v 0.083242 1.030790 0.080696
v 0.083342 0.884350 -0.000000
v 0.083342 0.884350 -0.000000
v 0.084019 0.918821 -0.059822
v 0.084019 0.918821 0.059821
v 0.085067 -0.760009 0.245495
v 0.085067 -0.760009 -0.245495
v 0.085736 0.766766 -0.060996
v 0.085736 0.766766 0.060996
v 0.085881 0.653761 -0.500869
v 0.085881 0.653761 0.500869
v 0.085994 0.665100 0.501531
v 0.085994 0.665100 -0.501531
v 0.086005 -0.727524 0.501595
v 0.086005 -0.727525 -0.501595
v 0.086225 0.637886 -0.502874
v 0.086225 0.637886 0.502874
v 0.086491 0.671904 -0.504425
v 0.086491 0.671904 0.504425
v 0.087100 0.617475 -0.507981
v 0.087100 0.617475 0.507981
v 0.087295 0.674172 -0.509115
v 0.087295 0.674172 0.509115
v 0.087439 -0.763595 -0.115501
v 0.087439 -0.763595 0.115501
v 0.087600 0.952256 -0.084922
v 0.087600 0.952256 0.084922
v 0.088098 0.747414 -0.116372
v 0.088098 0.747414 0.116371
v 0.088332 0.671904 -0.515165
v 0.088332 0.671904 0.515165
v 0.089528 0.665100 -0.522141
v 0.089528 0.665100 0.522141
v 0.089920 -0.716164 0.524427
v 0.089920 -0.716164 -0.524427
v 0.090808 0.653761 -0.529606
v 0.090808 0.653761 0.529606
v 0.092098 0.637886 -0.537126
v 0.092098 0.637886 0.537126
v 0.092127 -0.704025 0.537299
v 0.092127 -0.704025 -0.537299
v 0.092300 0.731171 0.171981
v 0.092300 0.731171 -0.171982
v 0.092355 0.918821 -0.046653
v 0.092355 0.918821 0.046653
v 0.093103 -0.691368 0.542986
v 0.093103 -0.691368 -0.542986
v 0.093322 -0.678452 -0.544265
v 0.093322 0.617475 -0.544265
v 0.093322 -0.678452 0.544265
v 0.093322 -0.678452 0.544265
v 0.093322 0.617475 0.544265
v 0.093322 -0.678452 -0.544265
v 0.094193 -0.662858 -0.549345
v 0.094193 -0.662858 0.549345
v 0.094270 0.766766 0.047546
v 0.094270 0.766766 -0.047547
v 0.094841 1.030790 -0.067537
v 0.094841 1.030790 0.067536
v 0.096557 -0.641821 -0.563133
v 0.096557 -0.641820 0.563133
v 0.096557 1.009796 -0.093605
v 0.096557 1.009796 0.093605
v 0.096608 0.983100 -0.093655
v 0.096608 0.983100 0.093654
v 0.097972 0.526803 -0.571388
v 0.097972 0.526803 0.571388
v 0.098551 0.918821 -0.032167
v 0.098551 0.918821 0.032167
v 0.099801 0.703870 -0.288016
v 0.099801 0.703870 0.288016
v 0.099810 0.952256 -0.071071
v 0.099810 0.952256 0.071070
v 0.100041 -0.615081 0.583452
v 0.100041 -0.615081 -0.583452
v 0.100618 0.766766 -0.032766
v 0.100618 0.766766 0.032766
v 0.102411 0.918821 -0.016553
v 0.102411 0.918821 0.016553
v 0.102530 0.436391 -0.597966
v 0.102530 0.436391 0.597966
v 0.103741 0.918821 -0.000000
v 0.103741 0.918821 -0.000000
v 0.104245 1.030790 -0.052674
v 0.104245 1.030790 0.052674
v 0.104272 -0.582381 -0.608126
v 0.104272 -0.582381 0.608126
v 0.104528 -0.763595 -0.101332
v 0.104528 -0.763595 0.101332
v 0.104576 0.766766 -0.016851
v 0.104576 0.766766 0.016851
v 0.105316 0.747414 -0.102096
v 0.105316 0.747414 0.102095
v 0.105941 0.766766 -0.000000
v 0.106900 0.346497 0.623456
v 0.106900 0.346497 -0.623456
v 0.108875 -0.543460 -0.634976
v 0.108875 -0.543460 0.634976
v 0.109710 0.952256 -0.055428
v 0.109710 0.952256 0.055428
v 0.110012 1.009796 -0.078339
v 0.110012 1.009796 0.078339
v 0.110072 0.983100 -0.078380
v 0.110072 0.983100 0.078380
v 0.110991 0.257380 -0.647313
v 0.110991 0.257380 0.647313
v 0.111234 1.030790 -0.036322
v 0.111234 1.030790 0.036322
v 0.113479 -0.498059 -0.661826
v 0.113479 -0.498059 0.661826
v 0.114708 0.169300 -0.668993
v 0.114708 0.169300 0.668993
v 0.115216 -0.754350 0.332502
v 0.115216 -0.754350 -0.332502
v 0.115588 1.030790 -0.018693
v 0.115588 1.030790 0.018693
v 0.117067 0.952256 -0.038219
v 0.117067 0.952256 0.038219
v 0.117088 1.030790 -0.000000
v 0.117088 1.030790 -0.000000
v 0.117390 0.690738 -0.338777
v 0.117390 0.690738 0.338777
v 0.117710 -0.445920 -0.686500
v 0.117710 -0.445919 0.686500
v 0.117959 0.082516 -0.687951
v 0.117959 0.082516 0.687951
v 0.118245 0.717002 -0.220325
v 0.118245 0.717002 0.220325
v 0.118409 0.731171 -0.156411
v 0.118409 0.731171 0.156411
v 0.119145 -0.763595 -0.084765
v 0.119145 -0.763595 0.084765
v 0.120042 0.747414 -0.085404
v 0.120042 0.747414 0.085404
v 0.120649 -0.002712 -0.703644
v 0.120649 -0.002712 0.703644
v 0.120921 1.009796 -0.061099
v 0.120921 1.009796 0.061099
v 0.120987 0.983100 -0.061131
v 0.120987 0.983100 0.061130
v 0.121194 -0.386782 -0.706819
v 0.121194 -0.386782 0.706819
v 0.121651 0.952256 -0.019668
v 0.121651 0.952256 0.019668
v 0.122687 -0.086127 -0.715527
v 0.122687 -0.086127 0.715527
v 0.123231 0.952256 -0.000000
v 0.123231 0.952256 -0.000000
v 0.123441 -0.760009 -0.230006
v 0.123441 -0.760009 0.230006
v 0.123558 -0.320387 -0.720607
v 0.123558 -0.320387 0.720607
v 0.123978 -0.167468 -0.723056
v 0.123978 -0.167468 0.723056
v 0.124429 -0.246476 -0.725687
v 0.124429 -0.246476 -0.725687
v 0.124429 -0.246476 0.725687
v 0.129028 1.009796 -0.042132
v 0.129028 1.009796 0.042131
v 0.129099 0.983100 -0.042152
v 0.129099 0.983100 0.042152
v 0.131005 -0.763595 -0.066074
v 0.131005 -0.763595 0.066074
v 0.131992 0.747414 -0.066572
v 0.131992 0.747414 0.066572
v 0.133092 0.676569 -0.384092
v 0.133092 0.676569 0.384092
v 0.134079 1.009796 -0.021683
v 0.134079 1.009796 0.021683
v 0.134154 0.983100 -0.021693
v 0.134154 0.983100 0.021693
v 0.135819 1.009796 -0.000000
v 0.135819 1.009796 -0.000000
v 0.135895 0.983100 -0.000000
v 0.135895 0.983100 -0.000000
v 0.138342 -0.746877 0.399243
v 0.138342 -0.746877 -0.399243
v 0.139826 -0.763595 -0.045534
v 0.139826 -0.763595 0.045534
v 0.140880 0.747414 -0.045877
v 0.140880 0.747414 0.045877
v 0.141552 0.731171 -0.137224
v 0.141552 0.731171 0.137223
v 0.144822 0.703870 -0.269846
v 0.144822 0.703870 0.269845
v 0.145327 -0.763595 -0.023418
v 0.145327 -0.763595 0.023418
v 0.145746 0.660327 -0.420609
v 0.145746 0.660327 0.420609
v 0.146421 0.747414 -0.023594
v 0.146421 0.747414 0.023594
v 0.147223 -0.763595 -0.000000
v 0.147223 -0.763595 -0.000000
v 0.148332 0.747414 -0.000000
v 0.148332 0.747414 -0.000000
v 0.151693 0.717002 -0.200378
v 0.151693 0.717002 0.200378
v 0.154190 0.640975 -0.444977
v 0.154190 0.640975 0.444976
v 0.155372 -0.737849 0.448389
v 0.155372 -0.737849 -0.448389
v 0.157262 0.617475 -0.453844
v 0.157262 0.617475 0.453844
v 0.158359 -0.760009 -0.209183
v 0.158359 -0.760009 0.209183
v 0.161345 0.731171 0.114788
v 0.161345 0.731171 -0.114788
v 0.166988 0.653761 -0.481913
v 0.166988 0.653761 0.481912
v 0.167190 -0.754350 0.311524
v 0.167190 -0.754350 -0.311524
v 0.167209 0.665100 -0.482550
v 0.167209 0.665100 0.482549
v 0.167230 -0.727524 0.482611
v 0.167230 -0.727525 -0.482611
v 0.167657 0.637886 -0.483841
v 0.167657 0.637886 0.483841
v 0.168174 0.671904 -0.485334
v 0.168174 0.671904 0.485334
v 0.169359 0.617475 -0.488755
v 0.169359 0.617475 0.488755
v 0.169737 0.674172 -0.489846
v 0.169737 0.674172 0.489846
v 0.170345 0.690738 -0.317404
v 0.170345 0.690738 0.317404
v 0.171755 0.671904 -0.495667
v 0.171755 0.671904 0.495667
v 0.174081 0.665100 -0.502379
v 0.174081 0.665100 0.502379
v 0.174842 -0.716164 0.504579
v 0.174842 -0.716164 -0.504579
v 0.176569 0.653761 -0.509562
v 0.176569 0.653761 0.509562
v 0.177406 0.731171 -0.089477
v 0.177406 0.731171 0.089477
v 0.179076 0.637886 -0.516797
v 0.179076 0.637886 0.516797
v 0.179134 -0.704025 0.516963
v 0.179134 -0.704025 -0.516963
v 0.181030 -0.691368 0.522435
v 0.181030 -0.691368 -0.522435
v 0.181341 0.717002 -0.175796
v 0.181341 0.717002 0.175796
v 0.181457 -0.678452 -0.523666
v 0.181457 0.617475 -0.523666
v 0.181457 -0.678452 0.523666
v 0.181457 -0.678452 0.523666
v 0.181457 -0.678452 -0.523666
v 0.181457 0.617475 0.523666
v 0.183150 -0.662858 -0.528554
v 0.183150 -0.662858 0.528554
v 0.185788 0.703870 -0.245416
v 0.185788 0.703870 0.245415
v 0.187747 -0.641821 -0.541820
v 0.187747 -0.641820 0.541820
v 0.189310 -0.760009 -0.183521
v 0.189310 -0.760009 0.183521
v 0.189352 0.731171 -0.061662
v 0.189352 0.731171 0.061661
v 0.190499 0.526803 -0.549762
v 0.190499 0.526803 0.549762
v 0.193131 0.676569 0.359859
v 0.193131 0.676569 -0.359860
v 0.194521 -0.615081 -0.561370
v 0.194521 -0.615081 0.561370
v 0.196801 0.731171 0.031712
v 0.196801 0.731171 -0.031712
v 0.199360 0.436391 -0.575334
v 0.199360 0.436391 0.575334
v 0.199369 0.731171 -0.000000
v 0.199369 0.731171 -0.000000
v 0.200749 -0.746877 -0.374055
v 0.200749 -0.746877 0.374055
v 0.202747 -0.582381 -0.585110
v 0.202747 -0.582381 0.585110
v 0.206698 0.717002 -0.147055
v 0.206698 0.717002 0.147055
v 0.207858 0.346497 -0.599860
v 0.207858 0.346497 0.599859
v 0.211492 0.660327 -0.394073
v 0.211492 0.660327 0.394072
v 0.211699 -0.543460 -0.610944
v 0.211699 -0.543460 0.610944
v 0.214484 -0.754350 0.283321
v 0.214484 -0.754350 -0.283321
v 0.215781 -0.760009 -0.153517
v 0.215781 -0.760009 0.153517
v 0.215812 0.257380 -0.622814
v 0.215812 0.257380 0.622814
v 0.218532 0.690738 -0.288668
v 0.218532 0.690738 0.288668
v 0.220651 -0.498059 -0.636778
v 0.220651 -0.498059 0.636778
v 0.222100 0.703870 -0.215309
v 0.222100 0.703870 0.215309
v 0.223040 0.169300 -0.643673
v 0.223040 0.169300 0.643673
v 0.223745 0.640975 0.416903
v 0.223745 0.640975 -0.416903
v 0.225461 -0.737849 -0.420100
v 0.225461 -0.737849 0.420100
v 0.227274 0.717002 -0.114629
v 0.227274 0.717002 0.114629
v 0.228204 0.617475 -0.425211
v 0.228204 0.617475 0.425211
v 0.228877 -0.445920 -0.660518
v 0.228877 -0.445919 0.660518
v 0.229361 0.082516 -0.661914
v 0.229361 0.082516 0.661914
v 0.234593 -0.002712 -0.677013
v 0.234593 -0.002712 0.677013
v 0.235652 -0.386782 -0.680068
v 0.235652 -0.386782 0.680068
v 0.237261 -0.760009 0.119666
v 0.237261 -0.760009 -0.119666
v 0.238555 -0.086127 -0.688447
v 0.238555 -0.086127 0.688446
v 0.240248 -0.320387 -0.693334
v 0.240248 -0.320387 0.693334
v 0.241065 -0.167468 -0.695690
v 0.241065 -0.167468 0.695690
v 0.241942 -0.246476 -0.698222
v 0.241942 -0.246476 -0.698222
v 0.241942 -0.246476 0.698221
v 0.241942 -0.246476 0.698221
v 0.242317 0.653761 -0.451509
v 0.242317 0.653761 0.451509
v 0.242578 0.717002 -0.078994
v 0.242578 0.717002 0.078994
v 0.242638 0.665100 0.452106
v 0.242638 0.665100 -0.452106
v 0.242669 -0.727525 -0.452163
v 0.242669 -0.727524 0.452163
v 0.243287 0.637886 -0.453316
v 0.243287 0.637886 0.453316
v 0.244038 0.671904 -0.454715
v 0.244038 0.671904 0.454714
v 0.245758 0.617475 -0.457920
v 0.245758 0.617475 0.457920
v 0.246307 0.674172 -0.458942
v 0.246307 0.674172 0.458942
v 0.247763 0.676569 -0.327280
v 0.247763 0.676569 0.327280
v 0.249234 0.671904 -0.464396
v 0.249234 0.671904 0.464396
v 0.252121 0.717002 -0.040626
v 0.252121 0.717002 0.040626
v 0.252609 0.665100 0.470684
v 0.252609 0.665100 -0.470684
v 0.253156 0.703870 -0.180107
v 0.253156 0.703870 0.180107
v 0.253238 -0.760009 -0.082466
v 0.253238 -0.760009 0.082466
v 0.253715 -0.716164 -0.472745
v 0.253715 -0.716164 0.472745
v 0.255410 0.717002 -0.000000
v 0.255410 0.717002 -0.000000
v 0.256220 0.653761 -0.477414
v 0.256220 0.653761 0.477414
v 0.256404 -0.754350 0.248564
v 0.256404 -0.754350 -0.248564
v 0.257536 -0.746877 -0.340191
v 0.257536 -0.746877 0.340191
v 0.259858 0.637886 -0.484193
v 0.259858 0.637886 0.484193
v 0.259942 -0.704025 -0.484348
v 0.259942 -0.704025 0.484348
v 0.261243 0.690738 -0.253255
v 0.261243 0.690738 0.253255
v 0.262693 -0.691368 0.489475
v 0.262693 -0.691368 -0.489475
v 0.263200 -0.760009 -0.042412
v 0.263200 -0.760009 0.042412
v 0.263312 -0.678452 0.490628
v 0.263312 -0.678452 -0.490628
v 0.263312 0.617475 0.490628
v 0.263312 -0.678452 -0.490628
v 0.263312 -0.678452 0.490628
v 0.263312 0.617475 -0.490628
v 0.265770 -0.662858 0.495208
v 0.265770 -0.662858 -0.495208
v 0.266634 -0.760009 -0.000000
v 0.271318 0.660327 -0.358396
v 0.271318 0.660327 0.358396
v 0.272440 -0.641820 0.507637
v 0.272440 -0.641821 -0.507637
v 0.276434 0.526803 -0.515078
v 0.276434 0.526803 0.515078
v 0.278357 0.703870 -0.140394
v 0.278357 0.703870 0.140393
v 0.282271 -0.615081 0.525954
v 0.282271 -0.615081 -0.525954
v 0.287037 0.640975 0.379159
v 0.287037 0.640975 -0.379160
v 0.289238 -0.737849 -0.382067
v 0.289238 -0.737849 0.382067
v 0.289292 0.436391 -0.539037
v 0.289292 0.436391 0.539037
v 0.292258 -0.754350 0.207926
v 0.292258 -0.754350 -0.207926
v 0.292757 0.617475 -0.386716
v 0.292757 0.617475 0.386715
v 0.294207 -0.582381 -0.548195
v 0.294207 -0.582381 0.548195
v 0.296187 0.676569 -0.287131
v 0.296187 0.676569 0.287130
v 0.297101 0.703870 -0.096750
v 0.297101 0.703870 0.096749
v 0.297773 0.690738 -0.211850
v 0.297773 0.690738 0.211850
v 0.301624 0.346497 0.562015
v 0.301624 0.346497 -0.562015
v 0.307198 -0.543460 0.572400
v 0.307198 -0.543460 -0.572400
v 0.307871 -0.746877 0.298457
v 0.307871 -0.746877 -0.298457
v 0.308788 0.703870 -0.049758
v 0.308788 0.703870 0.049757
v 0.310863 0.653761 -0.410632
v 0.310863 0.653761 0.410632
v 0.311274 0.665100 0.411175
v 0.311274 0.665100 -0.411175
v 0.311313 -0.727524 0.411227
v 0.311313 -0.727525 -0.411227
v 0.312107 0.637886 -0.412276
v 0.312107 0.637886 0.412276
v 0.312817 0.703870 -0.000000
v 0.312817 0.703870 -0.000000
v 0.313070 0.671904 -0.413548
v 0.313070 0.671904 0.413547
v 0.313166 0.257380 0.583521
v 0.313166 0.257380 -0.583521
v 0.315277 0.617475 -0.416463
v 0.315277 0.617475 0.416463
v 0.315981 0.674172 -0.417393
v 0.315981 0.674172 0.417392
v 0.319736 0.671904 -0.422353
v 0.319736 0.671904 0.422353
v 0.320188 -0.498059 0.596604
v 0.320188 -0.498059 -0.596604
v 0.321351 -0.754350 -0.162078
v 0.321351 -0.754350 0.162078
v 0.323655 0.169300 -0.603064
v 0.323655 0.169300 0.603064
v 0.324065 0.665100 -0.428072
v 0.324065 0.665100 0.428071
v 0.324347 0.660327 -0.314429
v 0.324347 0.660327 0.314429
v 0.325484 -0.716164 -0.429946
v 0.325484 -0.716164 0.429946
v 0.327415 0.690738 -0.165137
v 0.327415 0.690738 0.165136
v 0.328699 0.653761 -0.434192
v 0.328699 0.653761 0.434192
v 0.332124 -0.445920 -0.618846
v 0.332124 -0.445919 0.618846
v 0.332827 0.082516 -0.620154
v 0.332827 0.082516 0.620154
v 0.333366 0.637886 -0.440357
v 0.333366 0.637886 0.440357
v 0.333473 -0.704025 -0.440499
v 0.333473 -0.704025 0.440499
v 0.337003 -0.691368 0.445161
v 0.337003 -0.691368 -0.445161
v 0.337603 0.676569 -0.240187
v 0.337603 0.676569 0.240187
v 0.337797 -0.678452 -0.446210
v 0.337797 -0.678452 0.446210
v 0.337797 0.617475 -0.446210
v 0.337797 -0.678452 -0.446210
v 0.337797 -0.678452 0.446210
v 0.337797 0.617475 0.446210
v 0.340419 -0.002712 -0.634301
v 0.340419 -0.002712 0.634300
v 0.340950 -0.662858 0.450375
v 0.340950 -0.662858 -0.450375
v 0.341955 -0.386782 -0.637162
v 0.341955 -0.386782 0.637162
v 0.342989 -0.754350 0.111693
v 0.342989 -0.754350 -0.111693
v 0.343138 0.640975 0.332645
v 0.343138 0.640975 -0.332646
v 0.345769 -0.737849 -0.335196
v 0.345769 -0.737849 0.335196
v 0.346168 -0.086127 -0.645012
v 0.346168 -0.086127 0.645012
v 0.348626 -0.320387 -0.649592
v 0.348626 -0.320387 0.649592
v 0.349463 0.690738 -0.113801
v 0.349463 0.690738 0.113801
v 0.349507 -0.641820 0.461679
v 0.349507 -0.641821 -0.461679
v 0.349810 -0.167468 0.651800
v 0.349810 -0.167468 -0.651800
v 0.349976 0.617475 -0.339274
v 0.349976 0.617475 0.339274
v 0.350921 -0.746877 0.249661
v 0.350921 -0.746877 -0.249661
v 0.351083 -0.246476 0.654171
v 0.351083 -0.246476 -0.654171
v 0.351083 -0.246476 -0.654171
v 0.351083 -0.246476 0.654171
v 0.354630 0.526803 -0.468446
v 0.354630 0.526803 0.468446
v 0.356482 -0.754350 0.057443
v 0.356482 -0.754350 -0.057443
v 0.361133 -0.754350 -0.000000
v 0.361133 -0.754350 -0.000000
v 0.362118 -0.615081 0.478337
v 0.362118 -0.615081 -0.478337
v 0.363209 0.690738 -0.058527
v 0.363209 0.690738 0.058527
v 0.367948 0.690738 -0.000000
v 0.367948 0.690738 -0.000000
v 0.369701 0.660327 -0.263022
v 0.369701 0.660327 0.263022
v 0.371126 0.436391 -0.490236
v 0.371126 0.436391 0.490236
v 0.371210 0.676569 0.187225
v 0.371210 0.676569 -0.187226
v 0.371620 0.653761 -0.360257
v 0.371620 0.653761 0.360257
v 0.372112 0.665100 -0.360734
v 0.372112 0.665100 0.360733
v 0.372159 -0.727524 0.360779
v 0.372159 -0.727525 -0.360779
v 0.373108 0.637886 -0.361699
v 0.373108 0.637886 0.361699
v 0.374259 0.671904 -0.362815
v 0.374259 0.671904 0.362815
v 0.376897 0.617475 -0.365373
v 0.376897 0.617475 0.365372
v 0.377432 -0.582381 -0.498565
v 0.377432 -0.582381 0.498565
v 0.377738 0.674172 -0.366188
v 0.377738 0.674172 0.366188
v 0.382227 0.671904 -0.370540
v 0.382227 0.671904 0.370540
v 0.385853 -0.746877 0.194611
v 0.385853 -0.746877 -0.194611
v 0.386946 0.346497 -0.511134
v 0.386946 0.346497 0.511133
v 0.387403 0.665100 -0.375557
v 0.387403 0.665100 0.375557
v 0.389099 -0.716164 -0.377201
v 0.389099 -0.716164 0.377201
v 0.391119 0.640975 0.278260
v 0.391119 0.640975 -0.278260
v 0.392942 0.653761 -0.380927
v 0.392942 0.653761 0.380927
v 0.394096 -0.543460 -0.520578
v 0.394096 -0.543460 0.520578
v 0.394119 -0.737849 -0.280394
v 0.394119 -0.737849 0.280394
v 0.396207 0.676569 -0.129023
v 0.396207 0.676569 0.129023
v 0.398521 0.637886 -0.386336
v 0.398521 0.637886 0.386336
v 0.398649 -0.704025 -0.386460
v 0.398649 -0.704025 0.386460
v 0.398913 0.617475 -0.283805
v 0.398913 0.617475 0.283805
v 0.401753 0.257380 -0.530693
v 0.401753 0.257380 0.530693
v 0.402869 -0.691368 0.390550
v 0.402869 -0.691368 -0.390550
v 0.403818 -0.678452 -0.391470
v 0.403818 -0.678452 0.391470
v 0.403818 0.617475 -0.391471
v 0.403818 0.617475 0.391470
v 0.406502 0.660327 -0.205025
v 0.406502 0.660327 0.205025
v 0.407587 -0.662858 -0.395124
v 0.407587 -0.662858 0.395124
v 0.410761 -0.498059 -0.542592
v 0.410761 -0.498059 0.542592
v 0.411792 0.676569 0.066355
v 0.411792 0.676569 -0.066356
v 0.411836 -0.746877 0.134112
v 0.411836 -0.746877 -0.134112
v 0.415208 0.169300 -0.548467
v 0.415208 0.169300 0.548467
v 0.417165 0.676569 -0.000000
v 0.417165 0.676569 -0.000000
v 0.417817 -0.641820 0.405041
v 0.417817 -0.641821 -0.405041
v 0.423584 0.653761 -0.301358
v 0.423584 0.653761 0.301357
v 0.423942 0.526803 -0.410979
v 0.423942 0.526803 0.410979
v 0.424144 0.665100 -0.301756
v 0.424144 0.665100 0.301756
v 0.424198 -0.727525 -0.301794
v 0.424198 -0.727525 0.301794
v 0.425280 0.637886 -0.302564
v 0.425280 0.637886 0.302564
v 0.426074 -0.445920 -0.562820
v 0.426074 -0.445919 0.562820
v 0.426592 0.671904 -0.303497
v 0.426592 0.671904 0.303497
v 0.426975 0.082516 -0.564010
v 0.426975 0.082516 0.564010
v 0.428036 -0.746877 -0.068973
v 0.428036 -0.746877 0.068973
v 0.429599 0.617475 -0.305637
v 0.429599 0.617475 0.305636
v 0.430053 0.640975 0.216904
v 0.430053 0.640975 -0.216904
v 0.430558 0.674172 -0.306319
v 0.430558 0.674172 0.306319
v 0.432893 -0.615081 0.419656
v 0.432893 -0.615081 -0.419656
v 0.433351 -0.737849 -0.218567
v 0.433351 -0.737849 0.218567
v 0.433621 -0.746877 -0.000000
v 0.433621 -0.746877 -0.000000
v 0.433876 0.660327 -0.141289
v 0.433876 0.660327 0.141289
v 0.435675 0.671904 -0.309959
v 0.435675 0.671904 0.309959
v 0.436715 -0.002712 -0.576875
v 0.436715 -0.002712 0.576875
v 0.438623 0.617475 -0.221226
v 0.438623 0.617475 0.221226
v 0.438685 -0.386782 -0.579478
v 0.438685 -0.386782 0.579478
v 0.441574 0.665100 -0.314156
v 0.441574 0.665100 0.314156
v 0.443507 -0.716164 -0.315531
v 0.443507 -0.716164 0.315531
v 0.443662 0.436391 -0.430096
v 0.443662 0.436391 0.430095
v 0.444090 -0.086127 -0.586618
v 0.444090 -0.086127 0.586617
v 0.447243 -0.320387 -0.590782
v 0.447243 -0.320387 0.590782
v 0.447887 0.653761 -0.318648
v 0.447887 0.653761 0.318648
v 0.448763 -0.167468 -0.592790
v 0.448763 -0.167468 0.592790
v 0.450396 -0.246476 -0.594947
v 0.450396 -0.246476 -0.594947
v 0.450396 -0.246476 0.594947
v 0.450396 -0.246476 0.594947
v 0.450942 0.660327 -0.072664
v 0.450942 0.660327 0.072664
v 0.451199 -0.582381 -0.437403
v 0.451199 -0.582381 0.437403
v 0.454247 0.637886 -0.323173
v 0.454247 0.637886 0.323172
v 0.454393 -0.704025 -0.323276
v 0.454393 -0.704025 0.323276
v 0.456826 0.660327 -0.000000
v 0.456826 0.660327 -0.000000
v 0.459012 0.640975 0.149475
v 0.459012 0.640975 -0.149475
v 0.459203 -0.691368 0.326698
v 0.459203 -0.691368 -0.326698
v 0.460284 -0.678452 -0.327468
v 0.460284 -0.678452 -0.327468
v 0.460284 -0.678452 0.327468
v 0.460284 -0.678452 0.327468
v 0.460284 0.617475 -0.327468
v 0.460284 0.617475 0.327468
v 0.462532 -0.737849 -0.150621
v 0.462532 -0.737849 0.150621
v 0.462574 0.346497 0.448429
v 0.462574 0.346497 -0.448430
v 0.464580 -0.662858 0.330524
v 0.464580 -0.662858 -0.330524
v 0.465750 0.653761 -0.234908
v 0.465750 0.653761 0.234908
v 0.466366 0.665100 -0.235219
v 0.466366 0.665100 0.235218
v 0.466425 -0.727525 -0.235248
v 0.466425 -0.727525 0.235248
v 0.467615 0.637886 -0.235848
v 0.467615 0.637886 0.235848
v 0.468159 0.617475 -0.152454
v 0.468159 0.617475 0.152454
v 0.469057 0.671904 -0.236576
v 0.469057 0.671904 0.236576
v 0.471121 -0.543460 -0.456715
v 0.471121 -0.543460 0.456715
v 0.472363 0.617475 -0.238243
v 0.472363 0.617475 0.238243
v 0.473418 0.674172 -0.238775
v 0.473418 0.674172 0.238775
v 0.476241 -0.641820 0.338820
v 0.476241 -0.641821 -0.338820
v 0.477068 0.640975 0.076874
v 0.477068 0.640975 -0.076874
v 0.479044 0.671904 -0.241613
v 0.479044 0.671904 0.241613
v 0.480274 0.257380 -0.465589
v 0.480274 0.257380 0.465589
v 0.480726 -0.737849 -0.077463
v 0.480726 -0.737849 0.077463
v 0.483222 0.526803 -0.343787
v 0.483222 0.526803 0.343787
v 0.483293 0.640975 -0.000000
v 0.483293 0.640975 -0.000000
v 0.485530 0.665100 -0.244885
v 0.485530 0.665100 0.244884
v 0.486575 0.617475 -0.078406
v 0.486575 0.617475 0.078406
v 0.486999 -0.737849 -0.000000
v 0.486999 -0.737849 -0.000000
v 0.487656 -0.716164 -0.245957
v 0.487656 -0.716164 0.245957
v 0.491043 -0.498059 -0.476028
v 0.491043 -0.498059 0.476028
v 0.492472 0.653761 -0.248386
v 0.492472 0.653761 0.248385
v 0.492924 0.617475 -0.000000
v 0.492924 0.617475 -0.000000
v 0.493425 -0.615081 0.351045
v 0.493425 -0.615081 -0.351045
v 0.496360 0.169300 -0.481183
v 0.496360 0.169300 0.481182
v 0.497113 0.653761 -0.161883
v 0.497113 0.653761 0.161882
v 0.497770 0.665100 -0.162096
v 0.497770 0.665100 0.162096
v 0.497833 -0.727525 0.162117
v 0.497833 -0.727525 -0.162117
v 0.499103 0.637886 -0.162531
v 0.499103 0.637886 0.162530
v 0.499465 0.637886 -0.251913
v 0.499465 0.637886 0.251912
v 0.499625 -0.704025 -0.251993
v 0.499625 -0.704025 0.251993
v 0.500642 0.671904 -0.163032
v 0.500642 0.671904 0.163031
v 0.504171 0.617475 -0.164181
v 0.504171 0.617475 0.164181
v 0.504914 -0.691368 0.254661
v 0.504914 -0.691368 -0.254661
v 0.505297 0.674172 -0.164547
v 0.505297 0.674172 0.164547
v 0.505699 0.436391 -0.359778
v 0.505699 0.436391 0.359778
v 0.506104 -0.678452 0.255261
v 0.506104 -0.678452 -0.255261
v 0.506104 -0.678452 -0.255261
v 0.506104 -0.678452 0.255261
v 0.506104 0.617475 -0.255261
v 0.506104 0.617475 0.255261
v 0.509349 -0.445920 -0.493775
v 0.509349 -0.445919 0.493775
v 0.510426 0.082516 -0.494819
v 0.510426 0.082516 0.494819
v 0.510827 -0.662858 0.257643
v 0.510827 -0.662858 -0.257643
v 0.511302 0.671904 -0.166503
v 0.511302 0.671904 0.166503
v 0.514291 -0.582381 -0.365891
v 0.514291 -0.582381 0.365891
v 0.516667 0.653761 -0.083255
v 0.516667 0.653761 0.083255
v 0.517351 0.665100 -0.083365
v 0.517351 0.665100 0.083365
v 0.517416 -0.727525 -0.083375
v 0.517416 -0.727525 0.083375
v 0.518225 0.665100 -0.168758
v 0.518225 0.665100 0.168757
v 0.518735 0.637886 -0.083588
v 0.518735 0.637886 0.083588
v 0.520335 0.671904 -0.083846
v 0.520335 0.671904 0.083846
v 0.520494 -0.716164 -0.169496
v 0.520494 -0.716164 0.169496
v 0.522069 -0.002712 -0.506106
v 0.522070 -0.002712 0.506106
v 0.523409 0.653761 -0.000000
v 0.523409 0.653761 -0.000000
v 0.523649 -0.641820 0.264110
v 0.523649 -0.641821 -0.264110
v 0.524004 0.617475 -0.084437
v 0.524004 0.617475 0.084437
v 0.524101 0.665100 -0.000000
v 0.524101 0.665100 -0.000000
v 0.524167 -0.727525 -0.000000
v 0.524167 -0.727525 -0.000000
v 0.524425 -0.386782 -0.508390
v 0.524425 -0.386782 0.508390
v 0.525173 0.674172 -0.084626
v 0.525173 0.674172 0.084625
v 0.525504 0.637886 -0.000000
v 0.525504 0.637886 -0.000000
v 0.525635 0.653761 -0.171170
v 0.525635 0.653761 0.171170
v 0.527125 0.671904 -0.000000
v 0.527125 0.671904 -0.000000
v 0.527256 0.346497 -0.375114
v 0.527256 0.346497 0.375114
v 0.530841 0.617475 -0.000000
v 0.530841 0.617475 -0.000000
v 0.530886 -0.086127 -0.514653
v 0.530886 -0.086127 0.514653
v 0.531325 0.526803 -0.267981
v 0.531325 0.526803 0.267981
v 0.531414 0.671904 -0.085631
v 0.531414 0.671904 0.085631
v 0.532026 0.674172 -0.000000
v 0.532026 0.674172 -0.000000
v 0.533098 0.637886 -0.173601
v 0.533098 0.637886 0.173601
v 0.533269 -0.704025 -0.173656
v 0.533269 -0.704025 0.173656
v 0.534655 -0.320387 -0.518307
v 0.534655 -0.320387 0.518307
v 0.536473 -0.167468 -0.520069
v 0.536473 -0.167468 0.520069
v 0.536999 -0.543460 -0.382046
v 0.536999 -0.543460 0.382046
v 0.538348 0.671904 -0.000000
v 0.538348 0.671904 -0.000000
v 0.538424 -0.246476 -0.521961
v 0.538424 -0.246476 -0.521961
v 0.538424 -0.246476 0.521960
v 0.538424 -0.246476 0.521960
v 0.538610 0.665100 -0.086791
v 0.538610 0.665100 0.086791
v 0.538914 -0.691368 0.175495
v 0.538914 -0.691368 -0.175495
v 0.540184 -0.678452 -0.175908
v 0.540184 -0.678452 -0.175908
v 0.540184 -0.678452 0.175908
v 0.540184 -0.678452 0.175908
v 0.540184 0.617475 -0.175908
v 0.540184 0.617475 0.175908
v 0.540968 -0.716164 -0.087171
v 0.540968 -0.716164 0.087171
v 0.542543 -0.615081 0.273640
v 0.542543 -0.615081 -0.273640
v 0.545225 -0.662858 0.177550
v 0.545225 -0.662858 -0.177550
v 0.545638 0.665100 -0.000000
v 0.546311 0.653761 -0.088032
v 0.546311 0.653761 0.088031
v 0.547432 0.257380 -0.389468
v 0.547432 0.257380 0.389468
v 0.548027 -0.716164 -0.000000
v 0.548027 -0.716164 -0.000000
v 0.553439 0.653761 -0.000000
v 0.553439 0.653761 -0.000000
v 0.554068 0.637886 -0.089282
v 0.554068 0.637886 0.089282
v 0.554246 -0.704025 -0.089310
v 0.554246 -0.704025 0.089310
v 0.556039 0.436391 -0.280447
v 0.556039 0.436391 0.280446
v 0.558910 -0.641820 0.182006
v 0.558910 -0.641821 -0.182006
v 0.559706 -0.498059 -0.398201
v 0.559706 -0.498059 0.398201
v 0.560113 -0.691368 0.090256
v 0.560113 -0.691368 -0.090256
v 0.561298 0.637886 -0.000000
v 0.561298 0.637886 -0.000000
v 0.561432 -0.678452 -0.090468
v 0.561432 -0.678452 0.090468
v 0.561432 -0.678452 0.090468
v 0.561432 -0.678452 -0.090468
v 0.561432 0.617475 -0.090468
v 0.561432 0.617475 0.090468
v 0.561478 -0.704025 -0.000000
v 0.561478 -0.704025 -0.000000
v 0.565486 -0.582381 -0.285211
v 0.565486 -0.582381 0.285211
v 0.565766 0.169300 -0.402512
v 0.565766 0.169300 0.402512
v 0.566673 -0.662858 0.091313
v 0.566673 -0.662858 -0.091313
v 0.567103 0.526803 -0.184674
v 0.567103 0.526803 0.184674
v 0.567421 -0.691368 -0.000000
v 0.567421 -0.691368 -0.000000
v 0.568758 -0.678452 -0.000000
v 0.568758 -0.678452 -0.000000
v 0.568758 0.617475 -0.000000
v 0.568758 0.617475 -0.000000
v 0.574066 -0.662858 -0.000000
v 0.574066 -0.662858 -0.000000
v 0.579077 -0.615081 -0.188573
v 0.579077 -0.615081 0.188573
v 0.579742 0.346497 -0.292401
v 0.579742 0.346497 0.292401
v 0.580572 -0.445920 -0.413046
v 0.580572 -0.445919 0.413046
v 0.580895 -0.641821 0.093604
v 0.580895 -0.641821 -0.093604
v 0.581800 0.082516 -0.413919
v 0.581800 0.082516 0.413919
v 0.588475 -0.641821 -0.000000
v 0.588475 -0.641821 -0.000000
v 0.589410 0.526803 -0.094977
v 0.589410 0.526803 0.094977
v 0.590454 -0.543460 -0.297804
v 0.590454 -0.543460 0.297804
v 0.593481 0.436391 -0.193264
v 0.593481 0.436391 0.193264
v 0.595071 -0.002712 -0.423361
v 0.595071 -0.002712 0.423361
v 0.597101 0.526803 -0.000000
v 0.597101 0.526803 -0.000000
v 0.597756 -0.386782 -0.425271
v 0.597756 -0.386782 0.425271
v 0.601855 -0.615081 0.096982
v 0.601855 -0.615081 -0.096982
v 0.601926 0.257380 -0.303590
v 0.601926 0.257380 0.303590
v 0.603565 -0.582381 -0.196548
v 0.603565 -0.582381 0.196548
v 0.605121 -0.086127 -0.430511
v 0.605121 -0.086127 0.430511
v 0.609417 -0.320387 -0.433567
v 0.609417 -0.320387 0.433567
v 0.609709 -0.615081 -0.000000
v 0.609709 -0.615081 -0.000000
v 0.611488 -0.167468 -0.435041
v 0.611488 -0.167468 0.435041
v 0.613713 -0.246476 -0.436624
v 0.613713 -0.246476 -0.436624
v 0.613713 -0.246476 0.436624
v 0.613713 -0.246476 0.436624
v 0.615422 -0.498059 -0.310397
v 0.615422 -0.498059 0.310397
v 0.616827 0.436391 -0.099395
v 0.616827 0.436391 0.099394
v 0.618780 0.346497 -0.201503
v 0.618780 0.346497 0.201502
v 0.622086 0.169300 -0.313758
v 0.622086 0.169300 0.313758
v 0.624875 0.436391 -0.000000
v 0.624875 0.436391 -0.000000
v 0.627307 -0.582381 -0.101083
v 0.627307 -0.582381 0.101083
v 0.630214 -0.543460 -0.205226
v 0.630214 -0.543460 0.205226
v 0.635492 -0.582381 -0.000000
v 0.635492 -0.582381 -0.000000
v 0.638365 -0.445920 -0.321969
v 0.638365 -0.445919 0.321969
v 0.639715 0.082516 -0.322650
v 0.639715 0.082516 0.322649
v 0.642458 0.257380 -0.209213
v 0.642458 0.257380 0.209213
v 0.643121 0.346497 -0.103631
v 0.643121 0.346497 0.103631
v 0.644592 -0.419267 -0.000000
v 0.644592 -0.419267 -0.000000
v 0.644592 -0.405962 0.065502
v 0.644592 -0.405962 -0.065502
v 0.644592 -0.369849 -0.116449
v 0.644592 -0.369849 0.116449
v 0.644592 -0.316629 0.152839
v 0.644592 -0.316629 -0.152839
v 0.644592 -0.252006 -0.174673
v 0.644592 -0.252006 0.174673
v 0.644592 -0.181680 -0.181951
v 0.644592 -0.181680 0.181951
v 0.644592 -0.111354 -0.174673
v 0.644592 -0.111354 0.174673
v 0.644592 -0.046731 0.152839
v 0.644592 -0.046731 -0.152839
v 0.644592 0.006489 -0.116449
v 0.644592 0.006489 0.116449
v 0.644592 0.042602 0.065502
v 0.644592 0.042602 -0.065502
v 0.644592 0.055907 -0.000000
v 0.644592 0.055907 -0.000000
v 0.651512 0.346497 -0.000000
v 0.651512 0.346497 -0.000000
v 0.654307 -0.002712 -0.330010
v 0.654307 -0.002712 0.330009
v 0.655004 -0.543460 -0.105546
v 0.655004 -0.543460 0.105546
v 0.656863 -0.498059 -0.213904
v 0.656863 -0.498059 0.213904
v 0.657260 -0.386782 -0.331499
v 0.657260 -0.386782 0.331499
v 0.663551 -0.543460 -0.000000
v 0.663551 -0.543460 -0.000000
v 0.663976 0.169300 -0.216220
v 0.663976 0.169300 0.216220
v 0.665357 -0.086127 -0.335583
v 0.665357 -0.086127 0.335583
v 0.667730 0.257380 -0.107597
v 0.667730 0.257380 0.107597
v 0.670081 -0.320387 -0.337965
v 0.670081 -0.320387 0.337965
v 0.672359 -0.167468 -0.339114
v 0.672359 -0.167468 0.339114
v 0.674805 -0.246476 -0.340348
v 0.674805 -0.246476 -0.340348
v 0.674805 -0.246476 0.340348
v 0.674805 -0.246476 0.340348
v 0.676443 0.257380 -0.000000
v 0.676443 0.257380 -0.000000
v 0.681352 -0.445920 -0.221879
v 0.681352 -0.445919 0.221879
v 0.682702 -0.498059 -0.110009
v 0.682702 -0.498059 0.110009
v 0.682792 0.082516 -0.222348
v 0.682792 0.082516 0.222348
v 0.690094 0.169300 -0.111201
v 0.690094 0.169300 0.111200
v 0.691610 -0.498059 -0.000000
v 0.691610 -0.498059 -0.000000
v 0.698367 -0.002712 -0.227420
v 0.698367 -0.002712 0.227420
v 0.699098 0.169300 -0.000000
v 0.699098 0.169300 -0.000000
v 0.701518 -0.386782 -0.228446
v 0.701518 -0.386782 0.228446
v 0.708153 -0.445920 -0.114111
v 0.708153 -0.445920 0.114110
v 0.709651 0.082516 -0.114352
v 0.709651 0.082516 0.114352
v 0.710161 -0.086127 -0.231261
v 0.710161 -0.086127 0.231260
v 0.715203 -0.320387 -0.232902
v 0.715203 -0.320387 0.232902
v 0.717393 -0.445920 -0.000000
v 0.717393 -0.445920 -0.000000
v 0.717634 -0.167468 -0.233694
v 0.717634 -0.167468 0.233694
v 0.718910 0.082516 -0.000000
v 0.718910 0.082516 -0.000000
v 0.720245 -0.246476 -0.234544
v 0.720245 -0.246476 -0.234544
v 0.720245 -0.246476 0.234544
v 0.720245 -0.246476 0.234544
v 0.725838 -0.002712 -0.116960
v 0.725838 -0.002712 0.116960
v 0.729114 -0.386782 -0.117488
v 0.729114 -0.386782 0.117488
v 0.734039 0.066965 -0.000000
v 0.734039 0.066965 -0.000000
v 0.735309 -0.002712 -0.000000
v 0.735309 -0.002712 -0.000000
v 0.735364 0.054882 -0.064363
v 0.735364 0.054882 0.064363
v 0.738097 -0.086127 -0.118936
v 0.738097 -0.086127 0.118936
v 0.738627 -0.386782 -0.000000
v 0.738627 -0.386782 -0.000000
v 0.738960 0.022085 -0.114423
v 0.738960 0.022085 0.114423
v 0.743336 -0.320387 -0.119780
v 0.743336 -0.320387 0.119780
v 0.744260 -0.026248 -0.150181
v 0.744260 -0.026248 0.150180
v 0.745863 -0.167468 -0.120187
v 0.745863 -0.167468 0.120187
v 0.747727 -0.086127 -0.000000
v 0.747727 -0.086127 -0.000000
v 0.748576 -0.246476 -0.120624
v 0.748576 -0.246476 0.120624
v 0.748576 -0.246476 0.120624
v 0.750696 -0.084938 -0.171635
v 0.750696 -0.084938 0.171635
v 0.753035 -0.320387 -0.000000
v 0.753035 -0.320387 -0.000000
v 0.755595 -0.167468 -0.000000
v 0.755595 -0.167468 -0.000000
v 0.757699 -0.148807 -0.178786
v 0.757699 -0.148807 0.178786
v 0.758344 -0.246476 -0.000000
v 0.758344 -0.246476 -0.000000
v 0.764703 -0.212675 -0.171635
v 0.764703 -0.212675 0.171635
v 0.771138 -0.271365 -0.150181
v 0.771138 -0.271365 0.150181
v 0.776438 -0.319698 0.114423
v 0.776438 -0.319698 -0.114423
v 0.780035 -0.352495 0.064363
v 0.780035 -0.352495 -0.064363
v 0.781360 -0.364578 -0.000000
v 0.781360 -0.364578 -0.000000
v 0.800508 0.097722 -0.000000
v 0.800508 0.097722 -0.000000
v 0.802699 0.087078 -0.061271
v 0.802699 0.087078 0.061270
v 0.808647 0.058188 -0.108925
v 0.808647 0.058188 0.108925
v 0.817412 0.015612 -0.142965
v 0.817412 0.015612 0.142965
v 0.828056 -0.036087 -0.163388
v 0.828056 -0.036087 0.163388
v 0.839638 -0.092347 -0.170196
v 0.839638 -0.092347 0.170196
v 0.848321 0.144548 -0.000000
v 0.848321 0.144548 -0.000000
v 0.851035 0.135489 -0.056713
v 0.851035 0.135489 0.056713
v 0.851221 -0.148608 -0.163388
v 0.851221 -0.148608 0.163388
v 0.858401 0.110899 -0.100823
v 0.858401 0.110899 0.100823
v 0.861865 -0.200307 -0.142965
v 0.861865 -0.200307 0.142965
v 0.869256 0.074661 -0.132331
v 0.869256 0.074661 0.132331
v 0.870630 -0.242882 -0.108925
v 0.870630 -0.242882 0.108925
v 0.876578 -0.271773 -0.061270
v 0.876578 -0.271773 0.061270
v 0.878769 -0.282417 -0.000000
v 0.878769 -0.282417 -0.000000
v 0.881802 0.203815 -0.000000
v 0.881802 0.203815 -0.000000
v 0.882436 0.030659 -0.151235
v 0.882436 0.030659 0.151235
v 0.884809 0.196413 -0.051179
v 0.884809 0.196413 0.051179
v 0.892970 0.176321 -0.090985
v 0.892970 0.176321 0.090985
v 0.896780 -0.017227 -0.157537
v 0.896780 -0.017227 0.157536
v 0.904997 0.146711 -0.119418
v 0.904997 0.146711 0.119418
v 0.905273 0.271895 -0.000000
v 0.905273 0.271895 -0.000000
v 0.908458 0.266149 0.045157
v 0.908458 0.266149 -0.045157
v 0.911123 -0.065112 -0.151235
v 0.911123 -0.065112 0.151235
v 0.917103 0.250555 -0.080279
v 0.917103 0.250555 0.080279
v 0.919600 0.110757 -0.136478
v 0.919600 0.110757 0.136478
v 0.923056 0.345158 -0.000000
v 0.923056 0.345158 -0.000000
v 0.924304 -0.109115 -0.132331
v 0.924304 -0.109115 0.132331
v 0.926419 0.340997 0.039134
v 0.926419 0.340997 -0.039135
v 0.929843 0.227574 -0.105366
v 0.929843 0.227574 0.105366
v 0.935159 -0.145353 -0.100823
v 0.935159 -0.145353 0.100823
v 0.935493 0.071631 -0.142164
v 0.935493 0.071631 0.142164
v 0.935549 0.329703 0.069573
v 0.935549 0.329703 -0.069573
v 0.939474 0.419976 -0.000000
v 0.939474 0.419976 -0.000000
v 0.942524 -0.169942 -0.056713
v 0.942524 -0.169942 0.056713
v 0.943131 0.417255 -0.033601
v 0.943131 0.417255 0.033601
v 0.945238 -0.179002 -0.000000
v 0.945238 -0.179002 -0.000000
v 0.945314 0.199668 -0.120419
v 0.945314 0.199668 0.120418
v 0.949003 0.313060 0.091314
v 0.949003 0.313060 -0.091315
v 0.951386 0.032504 -0.136478
v 0.951386 0.032504 0.136478
v 0.953056 0.409868 0.059735
v 0.953056 0.409868 -0.059735
v 0.958850 0.492721 -0.000000
v 0.962149 0.169300 -0.125436
v 0.962149 0.169300 0.125436
v 0.963029 0.491221 -0.029044
v 0.963029 0.491221 0.029043
v 0.965339 0.292851 -0.104359
v 0.965339 0.292851 0.104359
v 0.965990 -0.003450 -0.119418
v 0.965990 -0.003450 0.119418
v 0.967681 0.398982 -0.078402
v 0.967681 0.398982 0.078402
v 0.974371 0.487150 -0.051633
v 0.974371 0.487150 0.051632
v 0.978016 -0.033060 -0.090985
v 0.978016 -0.033060 0.090985
v 0.978984 0.138932 -0.120419
v 0.978984 0.138932 0.120418
v 0.983117 0.270858 -0.108708
v 0.983117 0.270858 0.108707
v 0.985441 0.385763 -0.089602
v 0.985441 0.385763 0.089602
v 0.985506 0.559763 -0.000000
v 0.985506 0.559763 -0.000000
v 0.986177 -0.053152 -0.051179
v 0.986177 -0.053152 0.051179
v 0.989184 -0.060554 -0.000000
v 0.989184 -0.060554 -0.000000
v 0.990551 0.559195 0.025951
v 0.990551 0.559195 -0.025951
v 0.991086 0.481151 -0.067768
v 0.991086 0.481151 0.067768
v 0.994454 0.111027 -0.105366
v 0.994454 0.111027 0.105366
v 1.000895 0.248865 -0.104359
v 1.000895 0.248865 0.104359
v 1.004245 0.557652 0.046135
v 1.004245 0.557652 -0.046135
v 1.004768 0.371379 0.093335
v 1.004768 0.371379 -0.093335
v 1.007195 0.088046 -0.080279
v 1.007195 0.088046 0.080279
v 1.011383 0.473866 -0.077449
v 1.011383 0.473866 0.077449
v 1.015840 0.072451 0.045157
v 1.015840 0.072451 -0.045157
v 1.017232 0.228656 0.091314
v 1.017232 0.228656 -0.091314
v 1.019025 0.066706 -0.000000
v 1.019025 0.066706 -0.000000
v 1.023764 0.617475 -0.000000
v 1.023764 0.617475 -0.000000
v 1.023764 0.617475 -0.000000
v 1.024095 0.356994 -0.089602
v 1.024095 0.356994 0.089602
v 1.024425 0.555378 0.060552
v 1.024425 0.555378 -0.060552
v 1.030134 0.617475 0.024811
v 1.030134 0.617475 -0.024812
v 1.030134 0.617475 -0.024812
v 1.030134 0.617475 0.024811
v 1.030685 0.212012 0.069573
v 1.030685 0.212012 -0.069573
v 1.033471 0.465938 -0.080676
v 1.033471 0.465938 0.080676
v 1.035064 0.629139 -0.000000
v 1.039815 0.200719 0.039134
v 1.039815 0.200719 -0.039135
v 1.041740 0.629228 -0.024534
v 1.041740 0.629228 0.024534
v 1.041855 0.343775 -0.078402
v 1.041855 0.343775 0.078402
v 1.043178 0.196558 -0.000000
v 1.043178 0.196558 -0.000000
v 1.045908 0.638210 -0.000000
v 1.047425 0.617475 0.044109
v 1.047425 0.617475 -0.044109
v 1.047425 0.617475 -0.044109
v 1.047425 0.617475 0.044109
v 1.048930 0.552617 0.069202
v 1.048930 0.552617 -0.069203
v 1.052720 0.638384 -0.023779
v 1.052720 0.638384 0.023779
v 1.055559 0.458010 -0.077449
v 1.055559 0.458010 0.077449
v 1.055842 0.644690 -0.000000
v 1.055842 0.644690 -0.000000
v 1.056480 0.332890 0.059735
v 1.056480 0.332890 -0.059735
v 1.059861 0.629472 -0.043615
v 1.059861 0.629472 0.043615
v 1.061682 0.617475 -0.000000
v 1.062640 0.644937 -0.022668
v 1.062640 0.644937 0.022668
v 1.064412 0.648577 -0.000000
v 1.065928 0.617475 -0.014887
v 1.065928 0.617475 0.014887
v 1.066405 0.325503 0.033601
v 1.066405 0.325503 -0.033601
v 1.070061 0.322781 -0.000000
v 1.070061 0.322781 -0.000000
v 1.070857 0.629139 -0.000000
v 1.070857 0.629139 -0.000000
v 1.071066 0.648882 -0.021318
v 1.071066 0.648882 0.021318
v 1.071161 0.649873 -0.000000
v 1.071161 0.649873 -0.000000
v 1.071209 0.638857 -0.042274
v 1.071209 0.638857 0.042274
v 1.072905 0.617475 0.057893
v 1.072905 0.617475 -0.057894
v 1.072905 0.617475 -0.057894
v 1.072905 0.617475 0.057893
v 1.075587 0.629294 -0.015165
v 1.075587 0.629294 0.015165
v 1.075597 0.549612 0.072086
v 1.075597 0.549612 -0.072086
v 1.075635 0.648577 -0.000000
v 1.075635 0.648577 -0.000000
v 1.075856 0.450726 -0.067768
v 1.075856 0.450726 0.067768
v 1.075938 0.638210 -0.000000
v 1.075938 0.638210 -0.000000
v 1.077379 0.644690 -0.000000
v 1.077379 0.644690 -0.000000
v 1.077455 0.617475 -0.026466
v 1.077455 0.617475 0.026465
v 1.077564 0.650214 -0.019849
v 1.077564 0.650214 0.019849
v 1.081091 0.645610 -0.040298
v 1.081091 0.645610 0.040298
v 1.081145 0.638472 -0.015919
v 1.081145 0.638472 0.015919
v 1.081699 0.648926 -0.018380
v 1.081699 0.648926 0.018380
v 1.083038 0.645013 -0.017031
v 1.083038 0.645013 0.017031
v 1.086565 0.629831 -0.057245
v 1.086565 0.629831 0.057245
v 1.088422 0.629715 -0.026960
v 1.088422 0.629715 0.026960
v 1.089129 0.649710 -0.037899
v 1.089129 0.649710 0.037899
v 1.092571 0.444726 -0.051633
v 1.092571 0.444726 0.051632
v 1.094442 0.617475 -0.034736
v 1.094442 0.617475 0.034736
v 1.094944 0.651137 -0.035288
v 1.094944 0.651137 0.035287
v 1.095277 0.639180 -0.028301
v 1.095277 0.639180 0.028300
v 1.098160 0.649871 0.032676
v 1.098160 0.649871 -0.032676
v 1.098396 0.645892 -0.030277
v 1.098396 0.645892 0.030277
v 1.098456 0.639554 -0.055485
v 1.098456 0.639554 0.055485
v 1.102264 0.546607 0.069202
v 1.102264 0.546607 -0.069203
v 1.103845 0.617475 -0.066164
v 1.103845 0.617475 -0.066164
v 1.103845 0.617475 0.066164
v 1.103913 0.440655 -0.029044
v 1.103913 0.440655 0.029043
v 1.107338 0.630335 -0.035385
v 1.107338 0.630335 0.035384
v 1.108092 0.439156 -0.000000
v 1.108281 0.646600 -0.052892
v 1.108281 0.646600 0.052891
v 1.115069 0.617475 -0.039699
v 1.115069 0.617475 0.039698
v 1.115747 0.650929 -0.049742
v 1.115747 0.650929 0.049742
v 1.116103 0.640225 -0.037145
v 1.116103 0.640225 0.037144
v 1.118992 0.630267 -0.065423
v 1.118992 0.630267 0.065423
v 1.120557 0.652497 -0.046315
v 1.120557 0.652497 0.046315
v 1.121031 0.647188 -0.039738
v 1.121031 0.647188 0.039738
v 1.122417 0.651265 -0.042888
v 1.122417 0.651265 0.042887
v 1.126769 0.543846 0.060552
v 1.126769 0.543846 -0.060552
v 1.130308 0.631089 0.040439
v 1.130308 0.631089 -0.040440
v 1.131541 0.640400 -0.063412
v 1.131541 0.640400 0.063411
v 1.137516 0.617475 -0.068921
v 1.137516 0.617475 -0.068921
v 1.137516 0.617475 -0.041353
v 1.137516 0.617475 0.041352
v 1.137516 0.617475 0.068921
v 1.141299 0.647803 -0.060448
v 1.141299 0.647803 0.060447
v 1.141391 0.641494 -0.042451
v 1.141391 0.641494 0.042451
v 1.146949 0.541572 0.046135
v 1.146949 0.541572 -0.046135
v 1.148070 0.652409 -0.056848
v 1.148070 0.652409 0.056848
v 1.148515 0.648761 -0.045415
v 1.148515 0.648761 0.045415
v 1.151659 0.654150 -0.052931
v 1.151659 0.654150 0.052931
v 1.151872 0.652956 0.049014
v 1.151872 0.652956 -0.049014
v 1.154280 0.630742 -0.068149
v 1.154280 0.630742 0.068149
v 1.155304 0.631908 0.042124
v 1.155304 0.631908 -0.042125
v 1.159963 0.617475 -0.039699
v 1.159963 0.617475 0.039698
v 1.160643 0.540029 0.025951
v 1.160643 0.540029 -0.025951
v 1.165688 0.539460 -0.000000
v 1.165688 0.539460 -0.000000
v 1.167546 0.641320 -0.066054
v 1.167546 0.641320 0.066054
v 1.168911 0.642875 -0.044220
v 1.168911 0.642875 0.044220
v 1.171186 0.617475 -0.066164
v 1.171186 0.617475 -0.066164
v 1.171186 0.617475 0.066164
v 1.177229 0.649112 -0.062966
v 1.177230 0.649112 0.062966
v 1.178424 0.650473 -0.047307
v 1.178424 0.650473 0.047307
v 1.180300 0.632729 0.040439
v 1.180300 0.632729 -0.040440
v 1.180590 0.617475 -0.034736
v 1.180590 0.617475 0.034736
v 1.183244 0.654020 0.059217
v 1.183244 0.654020 -0.059217
v 1.183927 0.654798 0.051056
v 1.183927 0.654798 -0.051057
v 1.185505 0.655948 -0.055137
v 1.185505 0.655948 0.055137
v 1.189568 0.631217 -0.065423
v 1.189568 0.631217 0.065423
v 1.196431 0.644257 -0.042451
v 1.196431 0.644257 0.042451
v 1.197577 0.617475 -0.026466
v 1.197577 0.617475 0.026465
v 1.202127 0.617475 -0.057894
v 1.202127 0.617475 0.057893
v 1.202127 0.617475 -0.057894
v 1.203269 0.633482 -0.035385
v 1.203269 0.633482 0.035384
v 1.203551 0.642241 -0.063412
v 1.203551 0.642241 0.063411
v 1.208333 0.652185 -0.045415
v 1.208333 0.652185 0.045415
v 1.209104 0.617475 -0.014887
v 1.209104 0.617475 0.014887
v 1.213160 0.650421 -0.060448
v 1.213160 0.650421 0.060447
v 1.213350 0.617475 -0.000000
v 1.215981 0.656639 0.049014
v 1.215981 0.656639 -0.049014
v 1.218418 0.655631 -0.056848
v 1.218418 0.655631 0.056848
v 1.219351 0.657746 -0.052931
v 1.219351 0.657746 0.052931
v 1.221720 0.645525 -0.037145
v 1.221720 0.645525 0.037144
v 1.221995 0.631653 -0.057245
v 1.221995 0.631653 0.057245
v 1.222185 0.634102 -0.026960
v 1.222185 0.634102 0.026960
v 1.227607 0.617475 -0.044109
v 1.227607 0.617475 0.044109
v 1.227607 0.617475 -0.044109
v 1.235021 0.634523 -0.015165
v 1.235021 0.634523 0.015165
v 1.235817 0.653758 -0.039738
v 1.235817 0.653758 0.039738
v 1.236637 0.643087 -0.055485
v 1.236637 0.643087 0.055485
v 1.239750 0.634679 -0.000000
v 1.239750 0.634679 -0.000000
v 1.242546 0.646570 -0.028301
v 1.242546 0.646570 0.028300
v 1.244897 0.617475 -0.024812
v 1.244897 0.617475 0.024811
v 1.244897 0.617475 -0.024812
v 1.245436 0.658331 -0.042888
v 1.245436 0.658331 0.042887
v 1.246178 0.651624 -0.052892
v 1.246178 0.651624 0.052891
v 1.248699 0.632013 -0.043615
v 1.248699 0.632013 0.043615
v 1.250452 0.659398 -0.046315
v 1.250452 0.659399 0.046315
v 1.250741 0.657112 -0.049742
v 1.250741 0.657112 0.049742
v 1.251267 0.617475 -0.000000
v 1.251267 0.617475 -0.000000
v 1.256678 0.647279 -0.015919
v 1.256678 0.647279 0.015919
v 1.258451 0.655053 -0.030277
v 1.258451 0.655053 0.030277
v 1.261884 0.647541 -0.000000
v 1.261884 0.647541 -0.000000
v 1.263884 0.643784 -0.042275
v 1.263884 0.643784 0.042274
v 1.266820 0.632256 -0.024534
v 1.266820 0.632256 0.024534
v 1.269693 0.659725 0.032676
v 1.269693 0.659725 -0.032676
v 1.273368 0.652614 -0.040298
v 1.273368 0.652614 0.040298
v 1.273496 0.632346 -0.000000
v 1.273810 0.655932 -0.017031
v 1.273810 0.655932 0.017031
v 1.276065 0.660759 -0.035288
v 1.276065 0.660759 0.035287
v 1.277359 0.658331 -0.037899
v 1.277359 0.658331 0.037899
v 1.279468 0.656256 -0.000000
v 1.279468 0.656256 -0.000000
v 1.282373 0.644257 -0.023779
v 1.282373 0.644257 0.023779
v 1.286154 0.660670 -0.018380
v 1.286154 0.660670 0.018380
v 1.289185 0.644430 -0.000000
v 1.291819 0.653287 -0.022668
v 1.291819 0.653287 0.022668
v 1.292218 0.661018 -0.000000
v 1.292218 0.661018 -0.000000
v 1.293445 0.661682 -0.019849
v 1.293445 0.661682 0.019849
v 1.295422 0.659159 -0.021318
v 1.295422 0.659159 0.021318
v 1.298617 0.653534 -0.000000
v 1.299849 0.662023 -0.000000
v 1.299849 0.662023 -0.000000
v 1.302077 0.659463 -0.000000
vn -0.9645 -0.2522 0.0781
vn -0.9391 -0.2521 0.2336
vn -0.9391 -0.2521 0.2335
vn -0.8893 -0.2517 0.3819
vn -0.8173 -0.2510 0.5186
vn -0.7261 -0.2501 0.6406
vn -0.7260 -0.2501 0.6406
vn -0.6182 -0.2489 0.7456
vn -0.4962 -0.2477 0.8321
vn -0.4962 -0.2478 0.8321
vn -0.3627 -0.2466 0.8987
vn -0.2206 -0.2457 0.9439
vn -0.2206 -0.2456 0.9439
vn -0.0736 -0.2450 0.9667
vn -0.9882 -0.1304 0.0800
vn -0.9622 -0.1303 0.2393
vn -0.9622 -0.1304 0.2393
vn -0.9110 -0.1302 0.3913
vn -0.9110 -0.1301 0.3913
vn -0.8372 -0.1298 0.5313
vn -0.7436 -0.1293 0.6560
vn -0.6330 -0.1286 0.7634
vn -0.5080 -0.1280 0.8518
vn -0.3712 -0.1274 0.9198
vn -0.2257 -0.1269 0.9659
vn -0.2257 -0.1268 0.9659
vn -0.0753 -0.1265 0.9891
vn -0.9949 0.0607 0.0806
vn -0.9687 0.0607 0.2409
vn -0.9686 0.0607 0.2409
vn -0.9172 0.0606 0.3939
vn -0.8428 0.0604 0.5348
vn -0.7485 0.0602 0.6604
vn -0.6371 0.0599 0.7684
vn -0.5113 0.0596 0.8574
vn -0.3736 0.0593 0.9257
vn -0.2272 0.0591 0.9721
vn -0.2272 0.0590 0.9721
vn -0.0757 0.0589 0.9954
vn -0.9113 0.4050 0.0738
vn -0.8873 0.4049 0.2207
vn -0.8404 0.4044 0.3609
vn -0.8404 0.4043 0.3609
vn -0.7726 0.4034 0.4903
vn -0.7726 0.4034 0.4902
vn -0.6866 0.4020 0.6058
vn -0.5849 0.4004 0.7054
vn -0.5849 0.4003 0.7054
vn -0.4697 0.3987 0.7877
vn -0.3435 0.3970 0.8511
vn -0.2090 0.3956 0.8943
vn -0.0697 0.3947 0.9162
vn -0.0697 0.3947 0.9161
vn -0.4198 0.9070 0.0340
vn -0.4088 0.9069 0.1017
vn -0.3876 0.9067 0.1665
vn -0.3570 0.9062 0.2266
vn -0.3181 0.9055 0.2807
vn -0.3182 0.9055 0.2807
vn -0.2719 0.9047 0.3279
vn -0.2719 0.9048 0.3279
vn -0.2191 0.9039 0.3674
vn -0.2191 0.9039 0.3673
vn -0.1607 0.9031 0.3982
vn -0.1607 0.9031 0.3983
vn -0.0981 0.9024 0.4197
vn -0.0981 0.9024 0.4196
vn -0.0328 0.9019 0.4306
vn -0.0328 0.9020 0.4306
vn 0.3375 0.9409 -0.0273
vn 0.3288 0.9409 -0.0818
vn 0.3117 0.9407 -0.1339
vn 0.2872 0.9404 -0.1822
vn 0.2560 0.9399 -0.2258
vn 0.2188 0.9394 -0.2639
vn 0.1764 0.9388 -0.2957
vn 0.1764 0.9388 -0.2958
vn 0.1294 0.9383 -0.3207
vn 0.1294 0.9383 -0.3208
vn 0.0790 0.9378 -0.3380
vn 0.0264 0.9375 -0.3469
vn 0.6813 0.7299 -0.0552
vn 0.6635 0.7298 -0.1650
vn 0.6287 0.7292 -0.2700
vn 0.5787 0.7282 -0.3672
vn 0.5150 0.7269 -0.4544
vn 0.5150 0.7268 -0.4544
vn 0.4395 0.7252 -0.5301
vn 0.3536 0.7234 -0.5930
vn 0.2591 0.7217 -0.6419
vn 0.1579 0.7203 -0.6755
vn 0.0527 0.7194 -0.6926
vn 0.8220 0.5656 -0.0666
vn 0.8004 0.5654 -0.1991
vn 0.7583 0.5648 -0.3257
vn 0.6974 0.5637 -0.4426
vn 0.6975 0.5636 -0.4426
vn 0.6202 0.5621 -0.5472
vn 0.5287 0.5602 -0.6377
vn 0.4249 0.5583 -0.7126
vn 0.3110 0.5564 -0.7705
vn 0.1894 0.5548 -0.8102
vn 0.1893 0.5548 -0.8102
vn 0.0632 0.5538 -0.8303
vn 0.8939 0.4425 -0.0724
vn 0.8704 0.4423 -0.2165
vn 0.8703 0.4423 -0.2165
vn 0.8243 0.4417 -0.3540
vn 0.7579 0.4407 -0.4810
vn 0.7579 0.4407 -0.4809
vn 0.6737 0.4393 -0.5943
vn 0.6737 0.4392 -0.5943
vn 0.5739 0.4375 -0.6922
vn 0.4610 0.4357 -0.7731
vn 0.3372 0.4340 -0.8354
vn 0.2052 0.4325 -0.8780
vn 0.0684 0.4316 -0.8995
vn 0.9365 0.3423 -0.0758
vn 0.9119 0.3422 -0.2268
vn 0.8635 0.3417 -0.3709
vn 0.7938 0.3408 -0.5037
vn 0.7053 0.3396 -0.6223
vn 0.6007 0.3381 -0.7245
vn 0.4823 0.3366 -0.8088
vn 0.3526 0.3351 -0.8737
vn 0.3526 0.3352 -0.8737
vn 0.2145 0.3339 -0.9179
vn 0.0715 0.3331 -0.9402
vn 0.0736 -0.2450 0.9667
vn 0.2206 -0.2456 0.9439
vn 0.3627 -0.2466 0.8987
vn 0.4962 -0.2478 0.8321
vn 0.4962 -0.2477 0.8321
vn 0.6182 -0.2489 0.7456
vn 0.7261 -0.2501 0.6406
vn 0.7260 -0.2501 0.6406
vn 0.8173 -0.2510 0.5186
vn 0.8893 -0.2517 0.3819
vn 0.9391 -0.2521 0.2335
vn 0.9645 -0.2522 0.0781
vn 0.0753 -0.1265 0.9891
vn 0.2257 -0.1268 0.9659
vn 0.2257 -0.1269 0.9659
vn 0.3712 -0.1274 0.9198
vn 0.5080 -0.1280 0.8518
vn 0.6330 -0.1287 0.7634
vn 0.6330 -0.1286 0.7634
vn 0.7436 -0.1293 0.6560
vn 0.8372 -0.1298 0.5313
vn 0.9110 -0.1301 0.3913
vn 0.9110 -0.1302 0.3913
vn 0.9622 -0.1304 0.2393
vn 0.9622 -0.1303 0.2393
vn 0.9882 -0.1304 0.0800
vn 0.0757 0.0589 0.9954
vn 0.2272 0.0590 0.9721
vn 0.2272 0.0591 0.9721
vn 0.3736 0.0593 0.9257
vn 0.5113 0.0596 0.8574
vn 0.6371 0.0599 0.7684
vn 0.7485 0.0602 0.6604
vn 0.8428 0.0604 0.5348
vn 0.9172 0.0606 0.3939
vn 0.9686 0.0607 0.2409
vn 0.9949 0.0607 0.0806
vn 0.0697 0.3947 0.9162
vn 0.0697 0.3947 0.9161
vn 0.2090 0.3956 0.8943
vn 0.3435 0.3970 0.8511
vn 0.4697 0.3986 0.7877
vn 0.4697 0.3987 0.7877
vn 0.5849 0.4003 0.7054
vn 0.5849 0.4004 0.7054
vn 0.6866 0.4020 0.6058
vn 0.7726 0.4034 0.4903
vn 0.8404 0.4043 0.3609
vn 0.8404 0.4044 0.3609
vn 0.8873 0.4049 0.2207
vn 0.8874 0.4049 0.2207
vn 0.9113 0.4050 0.0738
vn 0.0328 0.9019 0.4306
vn 0.0328 0.9020 0.4306
vn 0.0981 0.9024 0.4196
vn 0.1607 0.9031 0.3983
vn 0.1607 0.9031 0.3982
vn 0.2191 0.9039 0.3674
vn 0.2191 0.9039 0.3673
vn 0.2719 0.9047 0.3279
vn 0.3182 0.9055 0.2807
vn 0.3570 0.9062 0.2266
vn 0.3876 0.9067 0.1665
vn 0.4088 0.9069 0.1017
vn 0.4198 0.9070 0.0340
vn -0.0264 0.9375 -0.3469
vn -0.0790 0.9378 -0.3380
vn -0.1294 0.9383 -0.3207
vn -0.1294 0.9383 -0.3208
vn -0.1764 0.9388 -0.2957
vn -0.1764 0.9388 -0.2958
vn -0.2188 0.9394 -0.2639
vn -0.2560 0.9399 -0.2258
vn -0.2560 0.9399 -0.2259
vn -0.2872 0.9404 -0.1822
vn -0.2872 0.9404 -0.1823
vn -0.3117 0.9407 -0.1339
vn -0.3288 0.9409 -0.0818
vn -0.3375 0.9409 -0.0273
vn -0.0527 0.7194 -0.6926
vn -0.1579 0.7203 -0.6755
vn -0.2591 0.7217 -0.6419
vn -0.3536 0.7234 -0.5930
vn -0.4395 0.7252 -0.5300
vn -0.4395 0.7252 -0.5301
vn -0.5150 0.7268 -0.4544
vn -0.5787 0.7282 -0.3672
vn -0.6287 0.7292 -0.2700
vn -0.6635 0.7298 -0.1650
vn -0.6813 0.7299 -0.0552
vn -0.0632 0.5538 -0.8303
vn -0.1894 0.5548 -0.8102
vn -0.3110 0.5564 -0.7705
vn -0.4249 0.5583 -0.7126
vn -0.5287 0.5602 -0.6377
vn -0.6202 0.5621 -0.5472
vn -0.6975 0.5636 -0.4426
vn -0.6974 0.5636 -0.4426
vn -0.7583 0.5648 -0.3257
vn -0.8004 0.5654 -0.1991
vn -0.8220 0.5656 -0.0666
vn -0.0684 0.4316 -0.8995
vn -0.2052 0.4325 -0.8780
vn -0.3372 0.4340 -0.8354
vn -0.4610 0.4357 -0.7731
vn -0.4610 0.4357 -0.7730
vn -0.5739 0.4375 -0.6922
vn -0.6737 0.4392 -0.5943
vn -0.6737 0.4393 -0.5943
vn -0.7579 0.4407 -0.4810
vn -0.7579 0.4407 -0.4809
vn -0.8243 0.4417 -0.3540
vn -0.8243 0.4418 -0.3540
vn -0.8703 0.4423 -0.2165
vn -0.8704 0.4423 -0.2165
vn -0.8939 0.4425 -0.0724
vn -0.0715 0.3331 -0.9402
vn -0.2145 0.3339 -0.9179
vn -0.3526 0.3351 -0.8737
vn -0.3526 0.3352 -0.8737
vn -0.4823 0.3366 -0.8088
vn -0.6007 0.3381 -0.7245
vn -0.7053 0.3396 -0.6223
vn -0.7938 0.3408 -0.5037
vn -0.8635 0.3417 -0.3709
vn -0.9119 0.3422 -0.2268
vn -0.9365 0.3423 -0.0758
vn 0.9645 -0.2522 -0.0781
vn 0.9391 -0.2521 -0.2336
vn 0.9391 -0.2521 -0.2335
vn 0.8893 -0.2517 -0.3819
vn 0.8173 -0.2510 -0.5186
vn 0.7261 -0.2501 -0.6406
vn 0.7260 -0.2501 -0.6406
vn 0.6182 -0.2489 -0.7456
vn 0.4962 -0.2477 -0.8321
vn 0.4962 -0.2478 -0.8321
vn 0.3627 -0.2466 -0.8987
vn 0.2206 -0.2457 -0.9439
vn 0.2206 -0.2456 -0.9439
vn 0.0736 -0.2450 -0.9667
vn 0.9882 -0.1304 -0.0800
vn 0.9622 -0.1303 -0.2393
vn 0.9622 -0.1304 -0.2393
vn 0.9110 -0.1302 -0.3913
vn 0.9110 -0.1301 -0.3913
vn 0.8372 -0.1298 -0.5313
vn 0.7436 -0.1293 -0.6560
vn 0.6330 -0.1286 -0.7634
vn 0.5080 -0.1280 -0.8518
vn 0.3712 -0.1274 -0.9198
vn 0.2257 -0.1269 -0.9659
vn 0.2257 -0.1268 -0.9659
vn 0.0753 -0.1265 -0.9891
vn 0.9949 0.0607 -0.0806
vn 0.9687 0.0607 -0.2409
vn 0.9686 0.0607 -0.2409
vn 0.9172 0.0606 -0.3939
vn 0.8428 0.0604 -0.5348
vn 0.7485 0.0602 -0.6604
vn 0.6371 0.0599 -0.7684
vn 0.5113 0.0596 -0.8574
vn 0.3736 0.0593 -0.9257
vn 0.2272 0.0591 -0.9721
vn 0.2272 0.0590 -0.9721
vn 0.0757 0.0589 -0.9954
vn 0.9113 0.4050 -0.0738
vn 0.8873 0.4049 -0.2207
vn 0.8404 0.4044 -0.3609
vn 0.8404 0.4043 -0.3609
vn 0.7726 0.4034 -0.4903
vn 0.7726 0.4034 -0.4902
vn 0.6866 0.4020 -0.6058
vn 0.5849 0.4004 -0.7054
vn 0.5849 0.4003 -0.7054
vn 0.4697 0.3987 -0.7877
vn 0.3435 0.3970 -0.8511
vn 0.2090 0.3956 -0.8943
vn 0.0697 0.3947 -0.9162
vn 0.0697 0.3947 -0.9161
vn 0.4198 0.9070 -0.0340
vn 0.4088 0.9069 -0.1017
vn 0.3876 0.9067 -0.1665
vn 0.3570 0.9062 -0.2266
vn 0.3181 0.9055 -0.2807
vn 0.3182 0.9055 -0.2807
vn 0.2719 0.9047 -0.3279
vn 0.2719 0.9048 -0.3279
vn 0.2191 0.9039 -0.3674
vn 0.2191 0.9039 -0.3673
vn 0.1607 0.9031 -0.3982
vn 0.1607 0.9031 -0.3983
vn 0.0981 0.9024 -0.4197
vn 0.0981 0.9024 -0.4196
vn 0.0328 0.9019 -0.4306
vn 0.0328 0.9020 -0.4306
vn -0.3375 0.9409 0.0273
vn -0.3288 0.9409 0.0818
vn -0.3117 0.9407 0.1339
vn -0.2872 0.9404 0.1822
vn -0.2560 0.9399 0.2258
vn -0.2188 0.9394 0.2639
vn -0.1764 0.9388 0.2957
vn -0.1764 0.9388 0.2958
vn -0.1294 0.9383 0.3207
vn -0.1294 0.9383 0.3208
vn -0.0790 0.9378 0.3380
vn -0.0264 0.9375 0.3469
vn -0.6813 0.7299 0.0552
vn -0.6635 0.7298 0.1650
vn -0.6287 0.7292 0.2700
vn -0.5787 0.7282 0.3672
vn -0.5150 0.7269 0.4544
vn -0.5150 0.7268 0.4544
vn -0.4395 0.7252 0.5301
vn -0.3536 0.7234 0.5930
vn -0.2591 0.7217 0.6419
vn -0.1579 0.7203 0.6755
vn -0.0527 0.7194 0.6926
vn -0.8220 0.5656 0.0666
vn -0.8004 0.5654 0.1991
vn -0.7583 0.5648 0.3257
vn -0.6974 0.5637 0.4426
vn -0.6975 0.5636 0.4426
vn -0.6202 0.5621 0.5472
vn -0.5287 0.5602 0.6377
vn -0.4249 0.5583 0.7126
vn -0.3110 0.5564 0.7705
vn -0.1894 0.5548 0.8102
vn -0.1893 0.5548 0.8102
vn -0.0632 0.5538 0.8303
vn -0.8939 0.4425 0.0724
vn -0.8704 0.4423 0.2165
vn -0.8703 0.4423 0.2165
vn -0.8243 0.4417 0.3540
vn -0.7579 0.4407 0.4810
vn -0.7579 0.4407 0.4809
vn -0.6737 0.4393 0.5943
vn -0.6737 0.4392 0.5943
vn -0.5739 0.4375 0.6922
vn -0.4610 0.4357 0.7731
vn -0.3372 0.4340 0.8354
vn -0.2052 0.4325 0.8780
vn -0.0684 0.4316 0.8995
vn -0.9365 0.3423 0.0758
vn -0.9119 0.3422 0.2268
vn -0.8635 0.3417 0.3709
vn -0.7938 0.3408 0.5037
vn -0.7053 0.3396 0.6223
vn -0.6007 0.3381 0.7245
vn -0.4823 0.3366 0.8088
vn -0.3526 0.3351 0.8737
vn -0.3526 0.3352 0.8737
vn -0.2145 0.3339 0.9179
vn -0.0715 0.3331 0.9402
vn -0.0736 -0.2450 -0.9667
vn -0.2206 -0.2456 -0.9439
vn -0.3627 -0.2466 -0.8987
vn -0.4962 -0.2478 -0.8321
vn -0.4962 -0.2477 -0.8321
vn -0.6182 -0.2489 -0.7456
vn -0.7261 -0.2501 -0.6406
vn -0.7260 -0.2501 -0.6406
vn -0.8173 -0.2510 -0.5186
vn -0.8893 -0.2517 -0.3819
vn -0.9391 -0.2521 -0.2335
vn -0.9645 -0.2522 -0.0781
vn -0.0753 -0.1265 -0.9891
vn -0.2257 -0.1268 -0.9659
vn -0.2257 -0.1269 -0.9659
vn -0.3712 -0.1274 -0.9198
vn -0.5080 -0.1280 -0.8518
vn -0.6330 -0.1287 -0.7634
vn -0.6330 -0.1286 -0.7634
vn -0.7436 -0.1293 -0.6560
vn -0.8372 -0.1298 -0.5313
vn -0.9110 -0.1301 -0.3913
vn -0.9110 -0.1302 -0.3913
vn -0.9622 -0.1304 -0.2393
vn -0.9622 -0.1303 -0.2393
vn -0.9882 -0.1304 -0.0800
vn -0.0757 0.0589 -0.9954
vn -0.2272 0.0590 -0.9721
vn -0.2272 0.0591 -0.9721
vn -0.3736 0.0593 -0.9257
vn -0.5113 0.0596 -0.8574
vn -0.6371 0.0599 -0.7684
vn -0.7485 0.0602 -0.6604
vn -0.8428 0.0604 -0.5348
vn -0.9172 0.0606 -0.3939
vn -0.9686 0.0607 -0.2409
vn -0.9949 0.0607 -0.0806
vn -0.0697 0.3947 -0.9162
vn -0.0697 0.3947 -0.9161
vn -0.2090 0.3956 -0.8943
vn -0.3435 0.3970 -0.8511
vn -0.4697 0.3986 -0.7877
vn -0.4697 0.3987 -0.7877
vn -0.5849 0.4003 -0.7054
vn -0.5849 0.4004 -0.7054
vn -0.6866 0.4020 -0.6058
vn -0.7726 0.4034 -0.4903
vn -0.8404 0.4043 -0.3609
vn -0.8404 0.4044 -0.3609
vn -0.8873 0.4049 -0.2207
vn -0.8874 0.4049 -0.2207
vn -0.9113 0.4050 -0.0738
vn -0.0328 0.9019 -0.4306
vn -0.0328 0.9020 -0.4306
vn -0.0981 0.9024 -0.4196
vn -0.1607 0.9031 -0.3983
vn -0.1607 0.9031 -0.3982
vn -0.2191 0.9039 -0.3674
vn -0.2191 0.9039 -0.3673
vn -0.2719 0.9047 -0.3279
vn -0.3182 0.9055 -0.2807
vn -0.3570 0.9062 -0.2266
vn -0.3876 0.9067 -0.1665
vn -0.4088 0.9069 -0.1017
vn -0.4198 0.9070 -0.0340
vn 0.0264 0.9375 0.3469
vn 0.0790 0.9378 0.3380
vn 0.1294 0.9383 0.3207
vn 0.1294 0.9383 0.3208
vn 0.1764 0.9388 0.2957
vn 0.1764 0.9388 0.2958
vn 0.2188 0.9394 0.2639
vn 0.2560 0.9399 0.2258
vn 0.2560 0.9399 0.2259
vn 0.2872 0.9404 0.1822
vn 0.2872 0.9404 0.1823
vn 0.3117 0.9407 0.1339
vn 0.3288 0.9409 0.0818
vn 0.3375 0.9409 0.0273
vn 0.0527 0.7194 0.6926
vn 0.1579 0.7203 0.6755
vn 0.2591 0.7217 0.6419
vn 0.3536 0.7234 0.5930
vn 0.4395 0.7252 0.5300
vn 0.4395 0.7252 0.5301
vn 0.5150 0.7268 0.4544
vn 0.5787 0.7282 0.3672
vn 0.6287 0.7292 0.2700
vn 0.6635 0.7298 0.1650
vn 0.6813 0.7299 0.0552
vn 0.0632 0.5538 0.8303
vn 0.1894 0.5548 0.8102
vn 0.3110 0.5564 0.7705
vn 0.4249 0.5583 0.7126
vn 0.5287 0.5602 0.6377
vn 0.6202 0.5621 0.5472
vn 0.6975 0.5636 0.4426
vn 0.6974 0.5636 0.4426
vn 0.7583 0.5648 0.3257
vn 0.8004 0.5654 0.1991
vn 0.8220 0.5656 0.0666
vn 0.0684 0.4316 0.8995
vn 0.2052 0.4325 0.8780
vn 0.3372 0.4340 0.8354
vn 0.4610 0.4357 0.7731
vn 0.4610 0.4357 0.7730
vn 0.5739 0.4375 0.6922
vn 0.6737 0.4392 0.5943
vn 0.6737 0.4393 0.5943
vn 0.7579 0.4407 0.4810
vn 0.7579 0.4407 0.4809
vn 0.8243 0.4417 0.3540
vn 0.8243 0.4418 0.3540
vn 0.8703 0.4423 0.2165
vn 0.8704 0.4423 0.2165
vn 0.8939 0.4425 0.0724
vn 0.0715 0.3331 0.9402
vn 0.2145 0.3339 0.9179
vn 0.3526 0.3351 0.8737
vn 0.3526 0.3352 0.8737
vn 0.4823 0.3366 0.8088
vn 0.6007 0.3381 0.7245
vn 0.7053 0.3396 0.6223
vn 0.7938 0.3408 0.5037
vn 0.8635 0.3417 0.3709
vn 0.9119 0.3422 0.2268
vn 0.9365 0.3423 0.0758
vn 0.9516 0.2975 -0.0771
vn 0.9265 0.2974 -0.2304
vn 0.8774 0.2969 -0.3768
vn 0.8065 0.2961 -0.5118
vn 0.7165 0.2950 -0.6321
vn 0.6101 0.2937 -0.7359
vn 0.4898 0.2924 -0.8214
vn 0.3581 0.2910 -0.8872
vn 0.2178 0.2899 -0.9319
vn 0.0726 0.2892 -0.9545
vn 0.9531 0.2928 -0.0772
vn 0.9279 0.2927 -0.2308
vn 0.8787 0.2922 -0.3774
vn 0.8077 0.2914 -0.5125
vn 0.7176 0.2904 -0.6331
vn 0.6110 0.2891 -0.7369
vn 0.4905 0.2877 -0.8226
vn 0.3586 0.2864 -0.8885
vn 0.2181 0.2853 -0.9333
vn 0.0727 0.2847 -0.9559
vn 0.9559 0.2833 -0.0774
vn 0.9307 0.2831 -0.2315
vn 0.8814 0.2827 -0.3785
vn 0.8101 0.2820 -0.5140
vn 0.7197 0.2809 -0.6349
vn 0.6128 0.2797 -0.7391
vn 0.4919 0.2783 -0.8249
vn 0.3596 0.2771 -0.8910
vn 0.2187 0.2760 -0.9359
vn 0.0729 0.2754 -0.9586
vn 0.9601 0.2686 -0.0777
vn 0.9348 0.2685 -0.2325
vn 0.8852 0.2681 -0.3802
vn 0.8136 0.2674 -0.5163
vn 0.7228 0.2663 -0.6377
vn 0.6154 0.2652 -0.7423
vn 0.4940 0.2639 -0.8284
vn 0.3611 0.2627 -0.8947
vn 0.2197 0.2617 -0.9398
vn 0.0732 0.2610 -0.9625
vn 0.9655 0.2483 -0.0782
vn 0.9401 0.2482 -0.2338
vn 0.9401 0.2483 -0.2338
vn 0.8902 0.2479 -0.3823
vn 0.8182 0.2472 -0.5192
vn 0.8181 0.2472 -0.5192
vn 0.7268 0.2462 -0.6412
vn 0.6188 0.2451 -0.7463
vn 0.4967 0.2440 -0.8329
vn 0.3631 0.2428 -0.8996
vn 0.2208 0.2419 -0.9448
vn 0.0736 0.2413 -0.9677
vn 0.9719 0.2219 -0.0787
vn 0.9463 0.2218 -0.2353
vn 0.8960 0.2214 -0.3848
vn 0.8235 0.2208 -0.5226
vn 0.7315 0.2200 -0.6454
vn 0.6228 0.2190 -0.7511
vn 0.4999 0.2179 -0.8382
vn 0.3654 0.2169 -0.9052
vn 0.2222 0.2160 -0.9508
vn 0.0741 0.2155 -0.9737
vn 0.9789 0.1883 -0.0793
vn 0.9789 0.1884 -0.0793
vn 0.9531 0.1883 -0.2370
vn 0.9025 0.1880 -0.3876
vn 0.8294 0.1875 -0.5263
vn 0.7367 0.1867 -0.6499
vn 0.6271 0.1859 -0.7564
vn 0.5033 0.1849 -0.8441
vn 0.3679 0.1841 -0.9115
vn 0.2237 0.1833 -0.9573
vn 0.0746 0.1829 -0.9803
vn 0.9859 0.1468 -0.0798
vn 0.9599 0.1467 -0.2387
vn 0.9089 0.1465 -0.3904
vn 0.8353 0.1461 -0.5300
vn 0.7419 0.1455 -0.6545
vn 0.6315 0.1448 -0.7617
vn 0.5068 0.1441 -0.8499
vn 0.3704 0.1434 -0.9177
vn 0.2253 0.1428 -0.9638
vn 0.0751 0.1424 -0.9870
vn 0.9921 0.0960 -0.0803
vn 0.9660 0.0959 -0.2402
vn 0.9146 0.0958 -0.3928
vn 0.8405 0.0955 -0.5333
vn 0.7465 0.0951 -0.6586
vn 0.6354 0.0947 -0.7664
vn 0.5099 0.0942 -0.8551
vn 0.3726 0.0937 -0.9232
vn 0.2266 0.0933 -0.9695
vn 0.0755 0.0931 -0.9928
vn 0.0756 0.0931 -0.9928
vn 0.9961 0.0347 -0.0807
vn 0.9699 0.0346 -0.2412
vn 0.9183 0.0346 -0.3944
vn 0.8439 0.0345 -0.5355
vn 0.7494 0.0343 -0.6612
vn 0.6379 0.0342 -0.7694
vn 0.5119 0.0340 -0.8584
vn 0.3741 0.0338 -0.9268
vn 0.2275 0.0337 -0.9732
vn 0.0758 0.0336 -0.9966
vn -0.0726 0.2892 -0.9545
vn -0.2178 0.2899 -0.9319
vn -0.3581 0.2910 -0.8872
vn -0.4898 0.2924 -0.8213
vn -0.4898 0.2924 -0.8214
vn -0.6101 0.2937 -0.7359
vn -0.7165 0.2950 -0.6321
vn -0.8065 0.2961 -0.5118
vn -0.8774 0.2969 -0.3768
vn -0.9265 0.2974 -0.2304
vn -0.9516 0.2975 -0.0771
vn -0.0727 0.2847 -0.9559
vn -0.2181 0.2853 -0.9333
vn -0.3586 0.2864 -0.8885
vn -0.4905 0.2877 -0.8226
vn -0.6110 0.2891 -0.7369
vn -0.7176 0.2904 -0.6331
vn -0.8077 0.2914 -0.5125
vn -0.8787 0.2922 -0.3774
vn -0.9279 0.2927 -0.2308
vn -0.9531 0.2928 -0.0772
vn -0.0729 0.2754 -0.9586
vn -0.2187 0.2760 -0.9359
vn -0.3596 0.2771 -0.8910
vn -0.4919 0.2783 -0.8249
vn -0.6128 0.2797 -0.7391
vn -0.7197 0.2809 -0.6349
vn -0.8101 0.2820 -0.5140
vn -0.8814 0.2827 -0.3785
vn -0.9307 0.2831 -0.2315
vn -0.9559 0.2833 -0.0774
vn -0.0732 0.2610 -0.9625
vn -0.2197 0.2617 -0.9398
vn -0.3611 0.2627 -0.8947
vn -0.4940 0.2639 -0.8284
vn -0.6154 0.2652 -0.7423
vn -0.7228 0.2664 -0.6377
vn -0.7228 0.2663 -0.6377
vn -0.8136 0.2674 -0.5163
vn -0.8852 0.2681 -0.3802
vn -0.9348 0.2685 -0.2325
vn -0.9601 0.2686 -0.0777
vn -0.0736 0.2413 -0.9677
vn -0.2208 0.2419 -0.9448
vn -0.3631 0.2428 -0.8996
vn -0.4967 0.2440 -0.8329
vn -0.6188 0.2451 -0.7463
vn -0.7268 0.2462 -0.6412
vn -0.8182 0.2472 -0.5192
vn -0.8181 0.2472 -0.5192
vn -0.8902 0.2479 -0.3823
vn -0.9401 0.2483 -0.2338
vn -0.9401 0.2482 -0.2338
vn -0.9655 0.2483 -0.0782
vn -0.0741 0.2155 -0.9737
vn -0.2222 0.2160 -0.9508
vn -0.3654 0.2169 -0.9052
vn -0.4999 0.2179 -0.8382
vn -0.6228 0.2190 -0.7511
vn -0.7315 0.2200 -0.6454
vn -0.8235 0.2208 -0.5226
vn -0.8960 0.2214 -0.3848
vn -0.9463 0.2218 -0.2353
vn -0.9719 0.2219 -0.0787
vn -0.0746 0.1829 -0.9803
vn -0.2237 0.1833 -0.9573
vn -0.3679 0.1841 -0.9115
vn -0.5033 0.1849 -0.8441
vn -0.6271 0.1859 -0.7564
vn -0.7367 0.1867 -0.6499
vn -0.8294 0.1875 -0.5263
vn -0.9025 0.1880 -0.3876
vn -0.9531 0.1883 -0.2370
vn -0.9789 0.1884 -0.0793
vn -0.9789 0.1883 -0.0793
vn -0.0751 0.1424 -0.9870
vn -0.2253 0.1428 -0.9638
vn -0.3704 0.1434 -0.9177
vn -0.5068 0.1441 -0.8499
vn -0.6315 0.1448 -0.7617
vn -0.7419 0.1455 -0.6545
vn -0.8353 0.1461 -0.5300
vn -0.9089 0.1465 -0.3904
vn -0.9599 0.1467 -0.2387
vn -0.9859 0.1468 -0.0798
vn -0.0755 0.0931 -0.9928
vn -0.2266 0.0933 -0.9695
vn -0.3726 0.0937 -0.9232
vn -0.5099 0.0942 -0.8551
vn -0.6354 0.0947 -0.7664
vn -0.7465 0.0951 -0.6586
vn -0.8405 0.0955 -0.5333
vn -0.9146 0.0958 -0.3928
vn -0.9660 0.0959 -0.2402
vn -0.9921 0.0960 -0.0803
vn -0.0758 0.0336 -0.9966
vn -0.2275 0.0337 -0.9732
vn -0.3741 0.0338 -0.9268
vn -0.5119 0.0340 -0.8584
vn -0.6379 0.0342 -0.7694
vn -0.7494 0.0343 -0.6612
vn -0.8439 0.0345 -0.5355
vn -0.9183 0.0346 -0.3944
vn -0.9699 0.0346 -0.2412
vn -0.9961 0.0347 -0.0807
vn -0.9516 0.2975 0.0771
vn -0.9265 0.2974 0.2304
vn -0.8774 0.2969 0.3768
vn -0.8065 0.2961 0.5118
vn -0.7165 0.2950 0.6321
vn -0.6101 0.2937 0.7359
vn -0.4898 0.2924 0.8213
vn -0.4898 0.2924 0.8214
vn -0.3581 0.2910 0.8872
vn -0.2178 0.2899 0.9319
vn -0.0726 0.2892 0.9545
vn -0.9531 0.2928 0.0772
vn -0.9279 0.2927 0.2308
vn -0.8787 0.2922 0.3774
vn -0.8077 0.2914 0.5125
vn -0.7176 0.2904 0.6331
vn -0.6110 0.2891 0.7369
vn -0.4905 0.2877 0.8226
vn -0.3586 0.2864 0.8885
vn -0.2181 0.2853 0.9333
vn -0.0727 0.2847 0.9559
vn -0.9559 0.2833 0.0774
vn -0.9307 0.2831 0.2315
vn -0.8814 0.2827 0.3785
vn -0.8101 0.2820 0.5140
vn -0.7197 0.2809 0.6349
vn -0.6128 0.2797 0.7391
vn -0.4919 0.2783 0.8249
vn -0.3596 0.2771 0.8910
vn -0.2187 0.2760 0.9359
vn -0.0729 0.2754 0.9586
vn -0.9601 0.2686 0.0777
vn -0.9348 0.2685 0.2325
vn -0.8852 0.2681 0.3802
vn -0.8136 0.2674 0.5163
vn -0.7228 0.2663 0.6377
vn -0.6154 0.2652 0.7423
vn -0.4940 0.2639 0.8284
vn -0.3611 0.2627 0.8947
vn -0.2197 0.2617 0.9398
vn -0.0732 0.2610 0.9625
vn -0.9655 0.2483 0.0782
vn -0.9401 0.2482 0.2338
vn -0.9401 0.2483 0.2338
vn -0.8902 0.2479 0.3823
vn -0.8182 0.2472 0.5192
vn -0.8181 0.2472 0.5192
vn -0.7268 0.2462 0.6412
vn -0.6188 0.2451 0.7463
vn -0.4967 0.2440 0.8329
vn -0.3631 0.2428 0.8996
vn -0.2208 0.2419 0.9448
vn -0.0736 0.2413 0.9677
vn -0.9719 0.2219 0.0787
vn -0.9463 0.2218 0.2353
vn -0.8960 0.2214 0.3848
vn -0.8235 0.2208 0.5226
vn -0.7315 0.2200 0.6454
vn -0.6228 0.2190 0.7511
vn -0.4999 0.2179 0.8382
vn -0.3654 0.2169 0.9052
vn -0.2222 0.2160 0.9508
vn -0.0741 0.2155 0.9737
vn -0.9789 0.1883 0.0793
vn -0.9789 0.1884 0.0793
vn -0.9531 0.1883 0.2370
vn -0.9025 0.1880 0.3876
vn -0.8294 0.1875 0.5263
vn -0.7367 0.1867 0.6499
vn -0.6271 0.1859 0.7564
vn -0.5033 0.1849 0.8441
vn -0.3679 0.1841 0.9115
vn -0.2237 0.1833 0.9573
vn -0.0746 0.1829 0.9803
vn -0.9859 0.1468 0.0798
vn -0.9599 0.1467 0.2387
vn -0.9089 0.1465 0.3904
vn -0.8353 0.1461 0.5300
vn -0.7419 0.1455 0.6545
vn -0.6315 0.1448 0.7617
vn -0.5068 0.1441 0.8499
vn -0.3704 0.1434 0.9177
vn -0.2253 0.1428 0.9638
vn -0.0751 0.1424 0.9870
vn -0.9921 0.0960 0.0803
vn -0.9660 0.0959 0.2402
vn -0.9146 0.0958 0.3928
vn -0.8405 0.0955 0.5333
vn -0.7465 0.0951 0.6586
vn -0.6354 0.0947 0.7664
vn -0.5099 0.0942 0.8551
vn -0.3726 0.0937 0.9232
vn -0.2266 0.0933 0.9695
vn -0.0755 0.0931 0.9928
vn -0.0756 0.0931 0.9928
vn -0.9961 0.0347 0.0807
vn -0.9699 0.0346 0.2412
vn -0.9183 0.0346 0.3944
vn -0.8439 0.0345 0.5355
vn -0.7494 0.0343 0.6612
vn -0.6379 0.0342 0.7694
vn -0.5119 0.0340 0.8584
vn -0.3741 0.0338 0.9268
vn -0.2275 0.0337 0.9732
vn -0.0758 0.0336 0.9966
vn 0.0726 0.2892 0.9545
vn 0.2178 0.2899 0.9319
vn 0.3581 0.2910 0.8872
vn 0.4898 0.2924 0.8213
vn 0.4898 0.2924 0.8214
vn 0.6101 0.2937 0.7359
vn 0.7165 0.2950 0.6321
vn 0.8065 0.2961 0.5118
vn 0.8774 0.2969 0.3768
vn 0.9265 0.2974 0.2304
vn 0.9516 0.2975 0.0771
vn 0.0727 0.2847 0.9559
vn 0.2181 0.2853 0.9333
vn 0.3586 0.2864 0.8885
vn 0.4905 0.2877 0.8226
vn 0.6110 0.2891 0.7369
vn 0.7176 0.2904 0.6331
vn 0.8077 0.2914 0.5125
vn 0.8787 0.2922 0.3774
vn 0.9279 0.2927 0.2308
vn 0.9531 0.2928 0.0772
vn 0.0729 0.2754 0.9586
vn 0.2187 0.2760 0.9359
vn 0.3596 0.2771 0.8910
vn 0.4919 0.2783 0.8249
vn 0.6128 0.2797 0.7391
vn 0.7197 0.2809 0.6349
vn 0.8101 0.2820 0.5140
vn 0.8814 0.2827 0.3785
vn 0.9307 0.2831 0.2315
vn 0.9559 0.2833 0.0774
vn 0.0732 0.2610 0.9625
vn 0.2197 0.2617 0.9398
vn 0.3611 0.2627 0.8947
vn 0.4940 0.2639 0.8284
vn 0.6154 0.2652 0.7423
vn 0.7228 0.2664 0.6377
vn 0.7228 0.2663 0.6377
vn 0.8136 0.2674 0.5163
vn 0.8852 0.2681 0.3802
vn 0.9348 0.2685 0.2325
vn 0.9601 0.2686 0.0777
vn 0.0736 0.2413 0.9677
vn 0.2208 0.2419 0.9448
vn 0.3631 0.2428 0.8996
vn 0.4967 0.2440 0.8329
vn 0.6188 0.2451 0.7463
vn 0.7268 0.2462 0.6412
vn 0.8182 0.2472 0.5192
vn 0.8181 0.2472 0.5192
vn 0.8902 0.2479 0.3823
vn 0.9401 0.2483 0.2338
vn 0.9401 0.2482 0.2338
vn 0.9655 0.2483 0.0782
vn 0.0741 0.2155 0.9737
vn 0.2222 0.2160 0.9508
vn 0.3654 0.2169 0.9052
vn 0.4999 0.2179 0.8382
vn 0.6228 0.2190 0.7511
vn 0.7315 0.2200 0.6454
vn 0.8235 0.2208 0.5226
vn 0.8960 0.2214 0.3848
vn 0.9463 0.2218 0.2353
vn 0.9719 0.2219 0.0787
vn 0.0746 0.1829 0.9803
vn 0.2237 0.1833 0.9573
vn 0.3679 0.1841 0.9115
vn 0.5033 0.1849 0.8441
vn 0.6271 0.1859 0.7564
vn 0.7367 0.1867 0.6499
vn 0.8294 0.1875 0.5263
vn 0.9025 0.1880 0.3876
vn 0.9531 0.1883 0.2370
vn 0.9789 0.1884 0.0793
vn 0.9789 0.1883 0.0793
vn 0.0751 0.1424 0.9869
vn 0.0751 0.1424 0.9870
vn 0.2253 0.1428 0.9638
vn 0.3704 0.1434 0.9177
vn 0.5068 0.1441 0.8499
vn 0.6315 0.1448 0.7617
vn 0.7419 0.1455 0.6545
vn 0.8353 0.1461 0.5300
vn 0.9089 0.1465 0.3904
vn 0.9599 0.1467 0.2387
vn 0.9859 0.1468 0.0798
vn 0.0755 0.0931 0.9928
vn 0.2266 0.0933 0.9695
vn 0.3726 0.0937 0.9232
vn 0.5099 0.0942 0.8551
vn 0.6354 0.0947 0.7664
vn 0.7465 0.0951 0.6586
vn 0.8405 0.0955 0.5333
vn 0.9146 0.0958 0.3928
vn 0.9660 0.0959 0.2402
vn 0.9921 0.0960 0.0803
vn 0.0758 0.0336 0.9966
vn 0.2275 0.0337 0.9732
vn 0.3741 0.0338 0.9268
vn 0.5119 0.0340 0.8584
vn 0.6379 0.0342 0.7694
vn 0.7494 0.0343 0.6612
vn 0.8439 0.0345 0.5355
vn 0.9183 0.0346 0.3944
vn 0.9699 0.0346 0.2412
vn 0.9961 0.0347 0.0807
vn 0.9942 -0.0714 -0.0805
vn 0.9680 -0.0714 -0.2407
vn 0.9165 -0.0713 -0.3936
vn 0.8422 -0.0711 -0.5344
vn 0.7480 -0.0708 -0.6599
vn 0.6367 -0.0704 -0.7679
vn 0.5109 -0.0701 -0.8568
vn 0.3734 -0.0697 -0.9251
vn 0.2270 -0.0694 -0.9714
vn 0.0757 -0.0693 -0.9947
vn 0.9742 -0.2114 -0.0789
vn 0.9485 -0.2113 -0.2359
vn 0.8982 -0.2110 -0.3857
vn 0.8254 -0.2104 -0.5238
vn 0.7332 -0.2096 -0.6469
vn 0.6242 -0.2086 -0.7529
vn 0.5010 -0.2076 -0.8402
vn 0.3662 -0.2066 -0.9073
vn 0.2227 -0.2058 -0.9529
vn 0.0743 -0.2053 -0.9759
vn 0.9384 -0.3370 -0.0760
vn 0.9137 -0.3368 -0.2272
vn 0.8653 -0.3364 -0.3716
vn 0.8653 -0.3363 -0.3716
vn 0.7954 -0.3355 -0.5047
vn 0.7067 -0.3343 -0.6235
vn 0.6019 -0.3328 -0.7259
vn 0.4833 -0.3313 -0.8104
vn 0.3533 -0.3299 -0.8754
vn 0.2149 -0.3287 -0.9197
vn 0.0717 -0.3279 -0.9420
vn 0.8940 -0.4421 -0.0724
vn 0.8705 -0.4420 -0.2165
vn 0.8245 -0.4414 -0.3541
vn 0.7581 -0.4403 -0.4810
vn 0.6738 -0.4389 -0.5945
vn 0.5740 -0.4372 -0.6923
vn 0.4611 -0.4354 -0.7732
vn 0.3373 -0.4337 -0.8356
vn 0.2052 -0.4322 -0.8781
vn 0.0685 -0.4313 -0.8996
vn 0.8486 -0.5245 -0.0687
vn 0.8263 -0.5243 -0.2055
vn 0.7828 -0.5237 -0.3362
vn 0.7199 -0.5226 -0.4568
vn 0.6400 -0.5210 -0.5647
vn 0.6400 -0.5211 -0.5647
vn 0.5455 -0.5192 -0.6579
vn 0.4383 -0.5173 -0.7350
vn 0.3207 -0.5154 -0.7947
vn 0.1952 -0.5138 -0.8354
vn 0.0651 -0.5129 -0.8560
vn 0.8094 -0.5835 -0.0655
vn 0.7882 -0.5834 -0.1960
vn 0.7467 -0.5828 -0.3207
vn 0.6868 -0.5816 -0.4358
vn 0.6108 -0.5801 -0.5389
vn 0.5208 -0.5782 -0.6281
vn 0.4186 -0.5762 -0.7019
vn 0.3064 -0.5743 -0.7591
vn 0.1866 -0.5727 -0.7982
vn 0.0623 -0.5717 -0.8181
vn 0.7837 -0.6179 -0.0635
vn 0.7631 -0.6178 -0.1898
vn 0.7230 -0.6171 -0.3105
vn 0.6651 -0.6160 -0.4221
vn 0.5916 -0.6145 -0.5219
vn 0.5045 -0.6126 -0.6084
vn 0.4056 -0.6107 -0.6801
vn 0.2969 -0.6088 -0.7357
vn 0.1808 -0.6072 -0.7737
vn 0.0603 -0.6062 -0.7930
vn 0.7815 -0.6206 -0.0633
vn 0.7611 -0.6205 -0.1893
vn 0.7610 -0.6205 -0.1893
vn 0.7210 -0.6199 -0.3097
vn 0.6633 -0.6187 -0.4209
vn 0.5900 -0.6172 -0.5205
vn 0.5900 -0.6172 -0.5206
vn 0.5031 -0.6153 -0.6068
vn 0.4045 -0.6134 -0.6783
vn 0.2961 -0.6115 -0.7337
vn 0.1804 -0.6099 -0.7717
vn 0.0602 -0.6089 -0.7910
vn 0.8232 -0.5638 -0.0667
vn 0.8016 -0.5637 -0.1994
vn 0.7594 -0.5630 -0.3261
vn 0.6984 -0.5619 -0.4432
vn 0.6211 -0.5603 -0.5480
vn 0.5295 -0.5585 -0.6386
vn 0.5294 -0.5585 -0.6386
vn 0.4255 -0.5565 -0.7136
vn 0.3114 -0.5546 -0.7716
vn 0.1896 -0.5530 -0.8113
vn 0.0633 -0.5520 -0.8314
vn 0.9439 -0.3213 -0.0764
vn 0.9190 -0.3212 -0.2286
vn 0.8703 -0.3207 -0.3738
vn 0.8000 -0.3199 -0.5076
vn 0.7108 -0.3187 -0.6271
vn 0.6053 -0.3173 -0.7300
vn 0.4860 -0.3159 -0.8149
vn 0.3553 -0.3145 -0.8803
vn 0.2161 -0.3133 -0.9247
vn 0.0721 -0.3126 -0.9472
vn -0.0757 -0.0693 -0.9947
vn -0.2270 -0.0694 -0.9714
vn -0.3734 -0.0697 -0.9251
vn -0.5109 -0.0701 -0.8568
vn -0.6367 -0.0704 -0.7679
vn -0.7480 -0.0708 -0.6599
vn -0.8422 -0.0711 -0.5344
vn -0.9165 -0.0713 -0.3936
vn -0.9680 -0.0714 -0.2407
vn -0.9942 -0.0714 -0.0805
vn -0.0743 -0.2053 -0.9759
vn -0.2227 -0.2058 -0.9529
vn -0.3662 -0.2066 -0.9073
vn -0.5010 -0.2076 -0.8402
vn -0.6242 -0.2086 -0.7529
vn -0.7332 -0.2096 -0.6469
vn -0.8254 -0.2104 -0.5238
vn -0.8982 -0.2110 -0.3857
vn -0.9485 -0.2113 -0.2359
vn -0.9742 -0.2114 -0.0789
vn -0.0717 -0.3279 -0.9420
vn -0.2149 -0.3287 -0.9197
vn -0.3533 -0.3299 -0.8754
vn -0.4833 -0.3313 -0.8104
vn -0.6019 -0.3328 -0.7259
vn -0.7067 -0.3343 -0.6235
vn -0.7954 -0.3355 -0.5047
vn -0.8653 -0.3363 -0.3716
vn -0.8653 -0.3364 -0.3716
vn -0.9137 -0.3368 -0.2272
vn -0.9384 -0.3370 -0.0760
vn -0.0685 -0.4313 -0.8996
vn -0.2052 -0.4322 -0.8781
vn -0.3373 -0.4337 -0.8356
vn -0.4611 -0.4354 -0.7732
vn -0.5740 -0.4372 -0.6923
vn -0.6738 -0.4389 -0.5945
vn -0.7581 -0.4403 -0.4810
vn -0.8245 -0.4414 -0.3541
vn -0.8705 -0.4420 -0.2165
vn -0.8940 -0.4421 -0.0724
vn -0.0651 -0.5129 -0.8560
vn -0.1952 -0.5138 -0.8354
vn -0.3207 -0.5154 -0.7947
vn -0.4383 -0.5173 -0.7350
vn -0.5455 -0.5192 -0.6579
vn -0.6400 -0.5211 -0.5647
vn -0.6400 -0.5210 -0.5647
vn -0.7199 -0.5226 -0.4568
vn -0.7828 -0.5237 -0.3362
vn -0.8263 -0.5243 -0.2055
vn -0.8486 -0.5245 -0.0687
vn -0.0623 -0.5717 -0.8181
vn -0.1866 -0.5727 -0.7982
vn -0.3064 -0.5743 -0.7591
vn -0.4186 -0.5762 -0.7019
vn -0.5208 -0.5782 -0.6281
vn -0.6108 -0.5801 -0.5389
vn -0.6868 -0.5816 -0.4358
vn -0.7467 -0.5828 -0.3207
vn -0.7882 -0.5834 -0.1960
vn -0.8094 -0.5835 -0.0655
vn -0.0603 -0.6062 -0.7930
vn -0.1808 -0.6072 -0.7737
vn -0.2969 -0.6088 -0.7357
vn -0.4056 -0.6107 -0.6801
vn -0.5045 -0.6126 -0.6084
vn -0.5916 -0.6145 -0.5219
vn -0.6651 -0.6160 -0.4221
vn -0.7230 -0.6171 -0.3105
vn -0.7631 -0.6178 -0.1898
vn -0.7837 -0.6179 -0.0635
vn -0.0602 -0.6089 -0.7910
vn -0.1804 -0.6099 -0.7717
vn -0.2961 -0.6115 -0.7337
vn -0.4045 -0.6134 -0.6783
vn -0.5031 -0.6153 -0.6068
vn -0.5900 -0.6172 -0.5205
vn -0.6633 -0.6187 -0.4209
vn -0.7210 -0.6199 -0.3097
vn -0.7610 -0.6205 -0.1893
vn -0.7611 -0.6205 -0.1893
vn -0.7815 -0.6206 -0.0633
vn -0.0633 -0.5520 -0.8314
vn -0.1896 -0.5530 -0.8113
vn -0.3114 -0.5546 -0.7716
vn -0.4255 -0.5565 -0.7136
vn -0.5295 -0.5585 -0.6386
vn -0.5294 -0.5585 -0.6386
vn -0.6211 -0.5603 -0.5480
vn -0.6984 -0.5619 -0.4432
vn -0.7594 -0.5630 -0.3261
vn -0.8016 -0.5637 -0.1994
vn -0.8232 -0.5638 -0.0667
vn -0.0721 -0.3126 -0.9472
vn -0.2161 -0.3133 -0.9247
vn -0.3553 -0.3145 -0.8803
vn -0.4860 -0.3159 -0.8149
vn -0.6053 -0.3173 -0.7300
vn -0.7108 -0.3187 -0.6271
vn -0.8000 -0.3199 -0.5076
vn -0.8703 -0.3207 -0.3738
vn -0.9190 -0.3212 -0.2286
vn -0.9439 -0.3213 -0.0764
vn -0.9942 -0.0714 0.0805
vn -0.9680 -0.0714 0.2407
vn -0.9165 -0.0713 0.3936
vn -0.8422 -0.0711 0.5344
vn -0.7480 -0.0708 0.6599
vn -0.6367 -0.0704 0.7679
vn -0.5109 -0.0701 0.8568
vn -0.3734 -0.0697 0.9251
vn -0.2270 -0.0694 0.9714
vn -0.0757 -0.0693 0.9947
vn -0.9742 -0.2114 0.0789
vn -0.9485 -0.2113 0.2359
vn -0.8982 -0.2110 0.3857
vn -0.8254 -0.2104 0.5238
vn -0.7332 -0.2096 0.6469
vn -0.6242 -0.2086 0.7529
vn -0.5010 -0.2076 0.8402
vn -0.3662 -0.2066 0.9073
vn -0.2227 -0.2058 0.9529
vn -0.0743 -0.2053 0.9759
vn -0.9384 -0.3370 0.0760
vn -0.9137 -0.3368 0.2272
vn -0.8653 -0.3364 0.3716
vn -0.8653 -0.3363 0.3716
vn -0.7954 -0.3355 0.5047
vn -0.7067 -0.3343 0.6235
vn -0.6019 -0.3328 0.7259
vn -0.4833 -0.3313 0.8104
vn -0.3533 -0.3299 0.8754
vn -0.2149 -0.3287 0.9197
vn -0.0717 -0.3279 0.9420
vn -0.8940 -0.4421 0.0724
vn -0.8705 -0.4420 0.2165
vn -0.8245 -0.4414 0.3541
vn -0.7581 -0.4403 0.4810
vn -0.6738 -0.4389 0.5945
vn -0.5740 -0.4372 0.6923
vn -0.4611 -0.4354 0.7732
vn -0.3373 -0.4337 0.8356
vn -0.2052 -0.4322 0.8781
vn -0.0685 -0.4313 0.8996
vn -0.8486 -0.5245 0.0687
vn -0.8263 -0.5243 0.2055
vn -0.7828 -0.5237 0.3362
vn -0.7199 -0.5226 0.4568
vn -0.6400 -0.5210 0.5647
vn -0.6400 -0.5211 0.5647
vn -0.5455 -0.5192 0.6579
vn -0.4383 -0.5173 0.7350
vn -0.3207 -0.5154 0.7947
vn -0.1952 -0.5138 0.8354
vn -0.0651 -0.5129 0.8560
vn -0.8094 -0.5835 0.0655
vn -0.7882 -0.5834 0.1960
vn -0.7467 -0.5828 0.3207
vn -0.6868 -0.5816 0.4358
vn -0.6108 -0.5801 0.5389
vn -0.5208 -0.5782 0.6281
vn -0.4186 -0.5762 0.7019
vn -0.3064 -0.5743 0.7591
vn -0.1866 -0.5727 0.7982
vn -0.0623 -0.5717 0.8181
vn -0.7837 -0.6179 0.0635
vn -0.7631 -0.6178 0.1898
vn -0.7230 -0.6171 0.3105
vn -0.6651 -0.6160 0.4221
vn -0.5916 -0.6145 0.5219
vn -0.5045 -0.6126 0.6084
vn -0.4056 -0.6107 0.6801
vn -0.2969 -0.6088 0.7357
vn -0.1808 -0.6072 0.7737
vn -0.0603 -0.6062 0.7930
vn -0.7815 -0.6206 0.0633
vn -0.7611 -0.6205 0.1893
vn -0.7610 -0.6205 0.1893
vn -0.7210 -0.6199 0.3097
vn -0.6633 -0.6187 0.4209
vn -0.5900 -0.6172 0.5205
vn -0.5900 -0.6172 0.5206
vn -0.5031 -0.6153 0.6068
vn -0.4045 -0.6134 0.6783
vn -0.2961 -0.6115 0.7337
vn -0.1804 -0.6099 0.7717
vn -0.0602 -0.6089 0.7910
vn -0.8232 -0.5638 0.0667
vn -0.8016 -0.5637 0.1994
vn -0.7594 -0.5630 0.3261
vn -0.6984 -0.5619 0.4432
vn -0.6211 -0.5603 0.5480
vn -0.5295 -0.5585 0.6386
vn -0.5294 -0.5585 0.6386
vn -0.4255 -0.5565 0.7136
vn -0.3114 -0.5546 0.7716
vn -0.1896 -0.5530 0.8113
vn -0.0633 -0.5520 0.8314
vn -0.9439 -0.3213 0.0764
vn -0.9190 -0.3212 0.2286
vn -0.8703 -0.3207 0.3738
vn -0.8000 -0.3199 0.5076
vn -0.7108 -0.3187 0.6271
vn -0.6053 -0.3173 0.7300
vn -0.4860 -0.3159 0.8149
vn -0.3553 -0.3145 0.8803
vn -0.2161 -0.3133 0.9247
vn -0.0721 -0.3126 0.9472
vn 0.0757 -0.0693 0.9947
vn 0.2270 -0.0694 0.9714
vn 0.3734 -0.0697 0.9251
vn 0.5109 -0.0701 0.8568
vn 0.6367 -0.0704 0.7679
vn 0.7480 -0.0708 0.6599
vn 0.8422 -0.0711 0.5344
vn 0.9165 -0.0713 0.3936
vn 0.9680 -0.0714 0.2407
vn 0.9942 -0.0714 0.0805
vn 0.0743 -0.2053 0.9759
vn 0.2227 -0.2058 0.9529
vn 0.3662 -0.2066 0.9073
vn 0.5010 -0.2076 0.8402
vn 0.6242 -0.2086 0.7529
vn 0.7332 -0.2096 0.6469
vn 0.8254 -0.2104 0.5238
vn 0.8982 -0.2110 0.3857
vn 0.9485 -0.2113 0.2359
vn 0.9742 -0.2114 0.0789
vn 0.0717 -0.3279 0.9420
vn 0.2149 -0.3287 0.9197
vn 0.3533 -0.3299 0.8754
vn 0.4833 -0.3313 0.8104
vn 0.6019 -0.3328 0.7259
vn 0.7067 -0.3343 0.6235
vn 0.7954 -0.3355 0.5047
vn 0.8653 -0.3363 0.3716
vn 0.8653 -0.3364 0.3716
vn 0.9137 -0.3368 0.2272
vn 0.9384 -0.3370 0.0760
vn 0.0685 -0.4313 0.8996
vn 0.2052 -0.4322 0.8781
vn 0.3373 -0.4337 0.8356
vn 0.4611 -0.4354 0.7732
vn 0.5740 -0.4372 0.6923
vn 0.6738 -0.4389 0.5945
vn 0.7581 -0.4403 0.4810
vn 0.8245 -0.4414 0.3541
vn 0.8705 -0.4420 0.2165
vn 0.8940 -0.4421 0.0724
vn 0.0651 -0.5129 0.8560
vn 0.1952 -0.5138 0.8354
vn 0.3207 -0.5154 0.7947
vn 0.4383 -0.5173 0.7350
vn 0.5455 -0.5192 0.6579
vn 0.6400 -0.5210 0.5647
vn 0.7199 -0.5226 0.4568
vn 0.7828 -0.5237 0.3362
vn 0.8263 -0.5243 0.2055
vn 0.8486 -0.5245 0.0687
vn 0.0623 -0.5717 0.8181
vn 0.1866 -0.5727 0.7982
vn 0.3064 -0.5743 0.7591
vn 0.4186 -0.5762 0.7019
vn 0.5208 -0.5782 0.6281
vn 0.6108 -0.5801 0.5389
vn 0.6868 -0.5816 0.4358
vn 0.7467 -0.5828 0.3207
vn 0.7882 -0.5834 0.1960
vn 0.8094 -0.5835 0.0655
vn 0.0603 -0.6062 0.7930
vn 0.1808 -0.6072 0.7737
vn 0.2969 -0.6088 0.7357
vn 0.4056 -0.6107 0.6801
vn 0.5045 -0.6126 0.6084
vn 0.5916 -0.6145 0.5219
vn 0.6651 -0.6160 0.4221
vn 0.7230 -0.6171 0.3105
vn 0.7631 -0.6178 0.1898
vn 0.7837 -0.6179 0.0635
vn 0.0602 -0.6089 0.7910
vn 0.1804 -0.6099 0.7717
vn 0.2961 -0.6115 0.7337
vn 0.4045 -0.6134 0.6783
vn 0.5031 -0.6153 0.6068
vn 0.5900 -0.6172 0.5205
vn 0.6633 -0.6187 0.4209
vn 0.7210 -0.6199 0.3097
vn 0.7610 -0.6205 0.1893
vn 0.7611 -0.6205 0.1893
vn 0.7815 -0.6206 0.0633
vn 0.0633 -0.5520 0.8314
vn 0.1896 -0.5530 0.8113
vn 0.3114 -0.5546 0.7716
vn 0.4255 -0.5565 0.7136
vn 0.5295 -0.5585 0.6386
vn 0.5294 -0.5585 0.6386
vn 0.6211 -0.5603 0.5480
vn 0.6984 -0.5619 0.4432
vn 0.7594 -0.5630 0.3261
vn 0.8016 -0.5637 0.1994
vn 0.8232 -0.5638 0.0667
vn 0.0721 -0.3126 0.9472
vn 0.2161 -0.3133 0.9247
vn 0.3553 -0.3145 0.8803
vn 0.4860 -0.3159 0.8149
vn 0.6053 -0.3173 0.7300
vn 0.7108 -0.3187 0.6271
vn 0.8000 -0.3199 0.5076
vn 0.8703 -0.3207 0.3738
vn 0.9190 -0.3212 0.2286
vn 0.9439 -0.3213 0.0764
vn 0.0017 -0.9927 -0.1209
vn 0.0017 -0.9203 -0.3912
vn 0.0016 -0.9204 -0.3910
vn 0.0014 -0.7518 -0.6594
vn 0.0014 -0.7520 -0.6591
vn 0.0010 -0.4909 -0.8712
vn 0.0009 -0.4911 -0.8711
vn 0.0004 -0.1701 -0.9854
vn 0.0003 -0.1702 -0.9854
vn -0.0004 0.1701 -0.9854
vn -0.0004 0.1702 -0.9854
vn -0.0011 0.4909 -0.8712
vn -0.0011 0.4911 -0.8711
vn -0.0018 0.7519 -0.6593
vn -0.0017 0.7520 -0.6591
vn -0.0022 0.9203 -0.3911
vn -0.0022 0.9204 -0.3910
vn -0.0024 0.9927 -0.1209
vn -0.0024 0.9927 -0.1208
vn 0.0132 -0.9926 -0.1208
vn 0.0130 -0.9927 -0.1203
vn 0.0128 -0.9204 -0.3908
vn 0.0123 -0.9210 -0.3894
vn 0.0111 -0.7522 -0.6589
vn 0.0105 -0.7535 -0.6574
vn 0.0076 -0.4913 -0.8710
vn 0.0072 -0.4927 -0.8702
vn 0.0028 -0.1703 -0.9854
vn 0.0027 -0.1709 -0.9853
vn -0.0029 0.1703 -0.9854
vn -0.0028 0.1708 -0.9853
vn -0.0088 0.4913 -0.8709
vn -0.0085 0.4926 -0.8702
vn -0.0138 0.7522 -0.6588
vn -0.0134 0.7532 -0.6576
vn -0.0172 0.9204 -0.3907
vn -0.0169 0.9208 -0.3897
vn -0.0186 0.9925 -0.1207
vn -0.0185 0.9926 -0.1204
vn 0.0402 -0.9919 -0.1207
vn 0.0395 -0.9921 -0.1193
vn 0.0389 -0.9197 -0.3908
vn 0.0373 -0.9214 -0.3868
vn 0.0336 -0.7514 -0.6590
vn 0.0319 -0.7553 -0.6546
vn 0.0233 -0.4906 -0.8711
vn 0.0221 -0.4948 -0.8687
vn 0.0085 -0.1699 -0.9854
vn 0.0082 -0.1717 -0.9851
vn -0.0089 0.1698 -0.9854
vn -0.0086 0.1716 -0.9851
vn -0.0268 0.4901 -0.8713
vn -0.0260 0.4938 -0.8692
vn -0.0423 0.7505 -0.6595
vn -0.0413 0.7536 -0.6560
vn -0.0527 0.9187 -0.3913
vn -0.0518 0.9200 -0.3884
vn -0.0572 0.9910 -0.1210
vn -0.0568 0.9912 -0.1199
vn 0.0888 -0.9887 -0.1210
vn 0.0873 -0.9892 -0.1181
vn 0.0860 -0.9160 -0.3918
vn 0.0826 -0.9198 -0.3837
vn 0.0744 -0.7471 -0.6605
vn 0.0709 -0.7554 -0.6515
vn 0.0515 -0.4864 -0.8722
vn 0.0493 -0.4955 -0.8672
vn 0.0188 -0.1680 -0.9856
vn 0.0182 -0.1718 -0.9850
vn -0.0198 0.1677 -0.9856
vn -0.0192 0.1713 -0.9850
vn -0.0594 0.4841 -0.8730
vn -0.0580 0.4918 -0.8688
vn -0.0939 0.7428 -0.6629
vn -0.0920 0.7494 -0.6557
vn -0.1174 0.9114 -0.3945
vn -0.1156 0.9142 -0.3884
vn -0.1277 0.9843 -0.1221
vn -0.1269 0.9846 -0.1200
vn 0.1689 -0.9781 -0.1218
vn 0.1661 -0.9791 -0.1170
vn 0.1635 -0.9042 -0.3946
vn 0.1574 -0.9112 -0.3807
vn 0.1410 -0.7339 -0.6645
vn 0.1354 -0.7488 -0.6488
vn 0.0971 -0.4746 -0.8748
vn 0.0942 -0.4906 -0.8663
vn 0.0354 -0.1629 -0.9860
vn 0.0347 -0.1695 -0.9849
vn -0.0371 0.1620 -0.9861
vn -0.0365 0.1682 -0.9851
vn -0.1116 0.4680 -0.8767
vn -0.1101 0.4814 -0.8696
vn -0.1774 0.7210 -0.6698
vn -0.1748 0.7326 -0.6578
vn -0.2230 0.8885 -0.4010
vn -0.2200 0.8938 -0.3908
vn -0.2431 0.9620 -0.1245
vn -0.2416 0.9628 -0.1210
vn 0.2946 -0.9476 -0.1234
vn 0.2899 -0.9500 -0.1162
vn 0.2841 -0.8716 -0.3995
vn 0.2748 -0.8838 -0.3787
vn 0.2430 -0.7008 -0.6707
vn 0.2362 -0.7246 -0.6474
vn 0.1658 -0.4477 -0.8787
vn 0.1637 -0.4721 -0.8662
vn 0.0598 -0.1520 -0.9866
vn 0.0599 -0.1618 -0.9850
vn -0.0624 0.1502 -0.9867
vn -0.0627 0.1593 -0.9852
vn -0.1881 0.4335 -0.8813
vn -0.1883 0.4532 -0.8713
vn -0.3004 0.6703 -0.6786
vn -0.2986 0.6879 -0.6615
vn -0.3796 0.8298 -0.4092
vn -0.3759 0.8385 -0.3945
vn -0.4151 0.9008 -0.1275
vn -0.4129 0.9025 -0.1224
vn 0.4788 -0.8690 -0.1250
vn 0.4723 -0.8738 -0.1155
vn 0.4579 -0.7919 -0.4040
vn 0.4469 -0.8112 -0.3770
vn 0.3868 -0.6276 -0.6756
vn 0.3821 -0.6607 -0.6461
vn 0.2602 -0.3945 -0.8813
vn 0.2626 -0.4260 -0.8658
vn 0.0928 -0.1321 -0.9869
vn 0.0951 -0.1442 -0.9850
vn -0.0960 0.1292 -0.9870
vn -0.0985 0.1401 -0.9852
vn -0.2878 0.3705 -0.8831
vn -0.2928 0.3942 -0.8711
vn -0.4584 0.5705 -0.6815
vn -0.4604 0.5925 -0.6611
vn -0.5781 0.7045 -0.4116
vn -0.5757 0.7165 -0.3939
vn -0.6319 0.7643 -0.1284
vn -0.6296 0.7673 -0.1221
vn 0.7064 -0.6969 -0.1239
vn 0.7005 -0.7046 -0.1136
vn 0.6682 -0.6272 -0.4000
vn 0.6610 -0.6520 -0.3715
vn 0.5577 -0.4903 -0.6697
vn 0.5608 -0.5265 -0.6390
vn 0.3714 -0.3046 -0.8771
vn 0.3820 -0.3358 -0.8610
vn 0.1313 -0.1009 -0.9862
vn 0.1368 -0.1122 -0.9842
vn -0.1342 0.0973 -0.9862
vn -0.1397 0.1073 -0.9844
vn -0.3961 0.2743 -0.8763
vn -0.4074 0.2955 -0.8641
vn -0.6187 0.4138 -0.6679
vn -0.6264 0.4337 -0.6476
vn -0.7675 0.5022 -0.3985
vn -0.7684 0.5139 -0.3813
vn -0.8323 0.5404 -0.1235
vn -0.8310 0.5437 -0.1174
vn 0.9000 -0.4199 -0.1171
vn 0.8975 -0.4272 -0.1091
vn 0.8456 -0.3750 -0.3800
vn 0.8461 -0.3948 -0.3581
vn 0.7055 -0.2925 -0.6455
vn 0.7162 -0.3176 -0.6214
vn 0.4721 -0.1823 -0.8625
vn 0.4875 -0.2021 -0.8494
vn 0.1670 -0.0603 -0.9841
vn 0.1741 -0.0672 -0.9824
vn -0.1687 0.0574 -0.9840
vn -0.1753 0.0633 -0.9825
vn -0.4851 0.1573 -0.8602
vn -0.4983 0.1695 -0.8503
vn -0.7338 0.2296 -0.6394
vn -0.7434 0.2411 -0.6239
vn -0.8871 0.2713 -0.3734
vn -0.8901 0.2784 -0.3609
vn -0.9506 0.2884 -0.1145
vn -0.9505 0.2907 -0.1102
vn 0.9863 -0.1242 -0.1085
vn 0.9863 -0.1267 -0.1055
vn 0.9280 -0.1109 -0.3557
vn 0.9304 -0.1171 -0.3473
vn 0.7821 -0.0873 -0.6169
vn 0.7887 -0.0943 -0.6075
vn 0.5310 -0.0551 -0.8456
vn 0.5390 -0.0602 -0.8402
vn 0.1892 -0.0183 -0.9818
vn 0.1928 -0.0200 -0.9810
vn -0.1895 0.0173 -0.9817
vn -0.1928 0.0187 -0.9811
vn -0.5332 0.0462 -0.8448
vn -0.5393 0.0491 -0.8407
vn -0.7860 0.0657 -0.6147
vn -0.7904 0.0685 -0.6088
vn -0.9324 0.0761 -0.3533
vn -0.9340 0.0781 -0.3487
vn -0.9910 0.0802 -0.1076
vn -0.9911 0.0809 -0.1060
vn -0.0024 0.9927 0.1209
vn -0.0024 0.9927 0.1208
vn -0.0022 0.9203 0.3911
vn -0.0022 0.9204 0.3910
vn -0.0017 0.7519 0.6593
vn -0.0018 0.7520 0.6591
vn -0.0011 0.4909 0.8712
vn -0.0011 0.4911 0.8711
vn -0.0004 0.1701 0.9854
vn -0.0004 0.1702 0.9854
vn 0.0003 -0.1701 0.9854
vn 0.0004 -0.1702 0.9854
vn 0.0009 -0.4909 0.8712
vn 0.0010 -0.4911 0.8711
vn 0.0014 -0.7518 0.6594
vn 0.0014 -0.7520 0.6591
vn 0.0016 -0.9203 0.3912
vn 0.0017 -0.9204 0.3910
vn 0.0017 -0.9927 0.1209
vn -0.0185 0.9925 0.1207
vn -0.0186 0.9926 0.1204
vn -0.0169 0.9204 0.3907
vn -0.0172 0.9208 0.3897
vn -0.0134 0.7522 0.6588
vn -0.0138 0.7532 0.6576
vn -0.0084 0.4913 0.8709
vn -0.0088 0.4925 0.8702
vn -0.0028 0.1703 0.9854
vn -0.0029 0.1708 0.9853
vn 0.0026 -0.1703 0.9854
vn 0.0028 -0.1708 0.9853
vn 0.0072 -0.4913 0.8710
vn 0.0077 -0.4927 0.8702
vn 0.0105 -0.7522 0.6589
vn 0.0111 -0.7534 0.6574
vn 0.0123 -0.9204 0.3908
vn 0.0128 -0.9210 0.3895
vn 0.0130 -0.9926 0.1208
vn 0.0132 -0.9927 0.1203
vn -0.0568 0.9910 0.1210
vn -0.0572 0.9911 0.1200
vn -0.0518 0.9188 0.3913
vn -0.0528 0.9199 0.3885
vn -0.0411 0.7507 0.6594
vn -0.0424 0.7534 0.6562
vn -0.0258 0.4902 0.8712
vn -0.0270 0.4935 0.8693
vn -0.0085 0.1699 0.9854
vn -0.0090 0.1714 0.9852
vn 0.0081 -0.1700 0.9854
vn 0.0086 -0.1716 0.9851
vn 0.0220 -0.4908 0.8710
vn 0.0235 -0.4945 0.8689
vn 0.0318 -0.7516 0.6589
vn 0.0338 -0.7550 0.6549
vn 0.0373 -0.9198 0.3907
vn 0.0390 -0.9213 0.3870
vn 0.0395 -0.9919 0.1207
vn 0.0402 -0.9920 0.1193
vn -0.1268 0.9844 0.1221
vn -0.1277 0.9845 0.1201
vn -0.1153 0.9117 0.3943
vn -0.1177 0.9138 0.3887
vn -0.0912 0.7434 0.6626
vn -0.0947 0.7486 0.6563
vn -0.0571 0.4847 0.8728
vn -0.0602 0.4908 0.8692
vn -0.0188 0.1680 0.9856
vn -0.0201 0.1708 0.9851
vn 0.0178 -0.1684 0.9856
vn 0.0192 -0.1713 0.9850
vn 0.0485 -0.4873 0.8719
vn 0.0523 -0.4942 0.8678
vn 0.0702 -0.7480 0.6600
vn 0.0751 -0.7542 0.6523
vn 0.0823 -0.9165 0.3914
vn 0.0863 -0.9192 0.3842
vn 0.0873 -0.9888 0.1209
vn 0.0888 -0.9890 0.1182
vn -0.2415 0.9624 0.1245
vn -0.2432 0.9624 0.1210
vn -0.2190 0.8897 0.4006
vn -0.2240 0.8925 0.3914
vn -0.1724 0.7228 0.6692
vn -0.1798 0.7304 0.6589
vn -0.1075 0.4699 0.8762
vn -0.1143 0.4789 0.8704
vn -0.0354 0.1629 0.9860
vn -0.0382 0.1671 0.9852
vn 0.0335 -0.1638 0.9859
vn 0.0365 -0.1682 0.9851
vn 0.0916 -0.4771 0.8741
vn 0.0998 -0.4874 0.8675
vn 0.1332 -0.7365 0.6632
vn 0.1432 -0.7457 0.6507
vn 0.1565 -0.9058 0.3938
vn 0.1645 -0.9094 0.3819
vn 0.1660 -0.9786 0.1217
vn 0.1690 -0.9786 0.1172
vn -0.4126 0.9020 0.1274
vn -0.4153 0.9014 0.1225
vn -0.3733 0.8328 0.4087
vn -0.3821 0.8353 0.3953
vn -0.2928 0.6746 0.6777
vn -0.3062 0.6831 0.6630
vn -0.1818 0.4375 0.8806
vn -0.1946 0.4483 0.8724
vn -0.0598 0.1520 0.9866
vn -0.0652 0.1570 0.9854
vn 0.0570 -0.1539 0.9864
vn 0.0627 -0.1593 0.9852
vn 0.1571 -0.4531 0.8775
vn 0.1724 -0.4655 0.8681
vn 0.2305 -0.7070 0.6686
vn 0.2489 -0.7175 0.6505
vn 0.2724 -0.8760 0.3980
vn 0.2866 -0.8792 0.3807
vn 0.2897 -0.9492 0.1232
vn 0.2949 -0.9484 0.1164
vn -0.6291 0.7666 0.1283
vn -0.6324 0.7649 0.1222
vn -0.5709 0.7105 0.4114
vn -0.5829 0.7103 0.3946
vn -0.4493 0.5782 0.6811
vn -0.4692 0.5840 0.6623
vn -0.2802 0.3772 0.8827
vn -0.3001 0.3863 0.8722
vn -0.0928 0.1321 0.9869
vn -0.1014 0.1366 0.9854
vn 0.0892 -0.1353 0.9868
vn 0.0985 -0.1401 0.9852
vn 0.2490 -0.4040 0.8802
vn 0.2735 -0.4147 0.8679
vn 0.3700 -0.6399 0.6735
vn 0.3988 -0.6471 0.6498
vn 0.4418 -0.8018 0.4024
vn 0.4631 -0.8009 0.3796
vn 0.4718 -0.8728 0.1247
vn 0.4793 -0.8700 0.1158
vn -0.8304 0.5433 0.1235
vn -0.8329 0.5408 0.1175
vn -0.7623 0.5098 0.3989
vn -0.7735 0.5061 0.3815
vn -0.6115 0.4234 0.6684
vn -0.6330 0.4234 0.6481
vn -0.3895 0.2825 0.8766
vn -0.4132 0.2861 0.8645
vn -0.1313 0.1009 0.9862
vn -0.1422 0.1031 0.9845
vn 0.1279 -0.1049 0.9862
vn 0.1397 -0.1073 0.9844
vn 0.3609 -0.3173 0.8770
vn 0.3914 -0.3211 0.8624
vn 0.5418 -0.5086 0.6692
vn 0.5761 -0.5064 0.6416
vn 0.6527 -0.6438 0.3994
vn 0.6763 -0.6349 0.3735
vn 0.6996 -0.7037 0.1238
vn 0.7073 -0.6977 0.1139
vn -0.9500 0.2905 0.1146
vn -0.9511 0.2885 0.1102
vn -0.8852 0.2769 0.3738
vn -0.8918 0.2727 0.3609
vn -0.7307 0.2369 0.6403
vn -0.7458 0.2333 0.6240
vn -0.4817 0.1639 0.8609
vn -0.5006 0.1623 0.8503
vn -0.1670 0.0603 0.9841
vn -0.1764 0.0600 0.9825
vn 0.1650 -0.0637 0.9842
vn 0.1753 -0.0633 0.9825
vn 0.4662 -0.1933 0.8633
vn 0.4917 -0.1898 0.8498
vn 0.6973 -0.3092 0.6466
vn 0.7230 -0.2998 0.6224
vn 0.8380 -0.3910 0.3806
vn 0.8533 -0.3784 0.3589
vn 0.8967 -0.4268 0.1172
vn 0.9008 -0.4203 0.1092
vn -0.9909 0.0809 0.1076
vn -0.9911 0.0803 0.1060
vn -0.9322 0.0779 0.3534
vn -0.9341 0.0763 0.3487
vn -0.7856 0.0681 0.6150
vn -0.7905 0.0661 0.6089
vn -0.5326 0.0485 0.8450
vn -0.5394 0.0468 0.8408
vn -0.1892 0.0183 0.9818
vn -0.1928 0.0176 0.9811
vn 0.1888 -0.0196 0.9818
vn 0.1928 -0.0187 0.9811
vn 0.5299 -0.0591 0.8460
vn 0.5391 -0.0559 0.8404
vn 0.7810 -0.0934 0.6175
vn 0.7892 -0.0881 0.6078
vn 0.9272 -0.1167 0.3560
vn 0.9310 -0.1113 0.3476
vn 0.9860 -0.1267 0.1086
vn 0.9866 -0.1242 0.1055
vn 0.9929 0.0539 -0.1062
vn 0.9929 0.0540 -0.1064
vn 0.9357 0.0505 -0.3493
vn 0.9354 0.0508 -0.3498
vn 0.7915 0.0424 -0.6097
vn 0.7911 0.0427 -0.6103
vn 0.5397 0.0287 -0.8413
vn 0.5392 0.0289 -0.8417
vn 0.1928 0.0102 -0.9812
vn 0.1926 0.0102 -0.9812
vn -0.1928 -0.0101 -0.9812
vn -0.1926 -0.0102 -0.9812
vn -0.5398 -0.0282 -0.8414
vn -0.5393 -0.0283 -0.8416
vn -0.7916 -0.0412 -0.6097
vn -0.7913 -0.0413 -0.6101
vn -0.9357 -0.0486 -0.3493
vn -0.9356 -0.0487 -0.3496
vn -0.9930 -0.0515 -0.1062
vn -0.9930 -0.0516 -0.1063
vn 0.9837 0.1437 -0.1083
vn 0.9839 0.1432 -0.1074
vn 0.9246 0.1365 -0.3556
vn 0.9259 0.1353 -0.3527
vn 0.7779 0.1165 -0.6175
vn 0.7808 0.1153 -0.6141
vn 0.5265 0.0800 -0.8464
vn 0.5299 0.0793 -0.8444
vn 0.1870 0.0288 -0.9819
vn 0.1885 0.0286 -0.9817
vn -0.1869 -0.0291 -0.9820
vn -0.1883 -0.0290 -0.9817
vn -0.5257 -0.0828 -0.8466
vn -0.5285 -0.0824 -0.8449
vn -0.7765 -0.1232 -0.6180
vn -0.7785 -0.1226 -0.6155
vn -0.9228 -0.1471 -0.3561
vn -0.9236 -0.1465 -0.3542
vn -0.9817 -0.1567 -0.1085
vn -0.9818 -0.1565 -0.1079
vn 0.9690 0.2213 -0.1104
vn 0.9697 0.2197 -0.1072
vn 0.9079 0.2116 -0.3618
vn 0.9124 0.2083 -0.3524
vn 0.7586 0.1817 -0.6257
vn 0.7684 0.1791 -0.6144
vn 0.5085 0.1255 -0.8519
vn 0.5200 0.1245 -0.8451
vn 0.1791 0.0454 -0.9828
vn 0.1841 0.0454 -0.9819
vn -0.1785 -0.0465 -0.9828
vn -0.1833 -0.0465 -0.9820
vn -0.5044 -0.1340 -0.8530
vn -0.5140 -0.1338 -0.8473
vn -0.7508 -0.2026 -0.6287
vn -0.7583 -0.2015 -0.6200
vn -0.8982 -0.2448 -0.3651
vn -0.9014 -0.2432 -0.3582
vn -0.9585 -0.2621 -0.1117
vn -0.9590 -0.2614 -0.1094
vn 0.9493 0.2941 -0.1110
vn 0.9507 0.2916 -0.1053
vn 0.8875 0.2823 -0.3642
vn 0.8958 0.2775 -0.3471
vn 0.7379 0.2432 -0.6296
vn 0.7561 0.2405 -0.6086
vn 0.4909 0.1682 -0.8548
vn 0.5121 0.1688 -0.8422
vn 0.1715 0.0610 -0.9833
vn 0.1809 0.0620 -0.9816
vn -0.1701 -0.0627 -0.9834
vn -0.1790 -0.0637 -0.9818
vn -0.4811 -0.1823 -0.8575
vn -0.4991 -0.1838 -0.8468
vn -0.7191 -0.2785 -0.6366
vn -0.7336 -0.2780 -0.6202
vn -0.8640 -0.3392 -0.3720
vn -0.8704 -0.3370 -0.3590
vn -0.9241 -0.3646 -0.1142
vn -0.9252 -0.3632 -0.1098
vn 0.9238 0.3667 -0.1100
vn 0.9260 0.3635 -0.1018
vn 0.8629 0.3527 -0.3619
vn 0.8750 0.3474 -0.3372
vn 0.7163 0.3048 -0.6277
vn 0.7426 0.3036 -0.5969
vn 0.4748 0.2112 -0.8544
vn 0.5057 0.2152 -0.8355
vn 0.1649 0.0766 -0.9833
vn 0.1787 0.0795 -0.9807
vn -0.1627 -0.0786 -0.9835
vn -0.1756 -0.0816 -0.9811
vn -0.4584 -0.2290 -0.8587
vn -0.4845 -0.2341 -0.8429
vn -0.6844 -0.3507 -0.6393
vn -0.7054 -0.3524 -0.6150
vn -0.8224 -0.4283 -0.3746
vn -0.8319 -0.4263 -0.3554
vn -0.8799 -0.4610 -0.1151
vn -0.8817 -0.4592 -0.1087
vn 0.8906 0.4419 -0.1075
vn 0.8936 0.4383 -0.0974
vn 0.8323 0.4255 -0.3553
vn 0.8474 0.4204 -0.3243
vn 0.6920 0.3687 -0.6206
vn 0.7246 0.3705 -0.5811
vn 0.4591 0.2561 -0.8507
vn 0.4978 0.2652 -0.8257
vn 0.1591 0.0929 -0.9829
vn 0.1764 0.0984 -0.9794
vn -0.1560 -0.0950 -0.9832
vn -0.1721 -0.1005 -0.9799
vn -0.4364 -0.2751 -0.8567
vn -0.4685 -0.2852 -0.8362
vn -0.6475 -0.4193 -0.6363
vn -0.6731 -0.4243 -0.6057
vn -0.7750 -0.5106 -0.3724
vn -0.7868 -0.5095 -0.3485
vn -0.8280 -0.5489 -0.1143
vn -0.8303 -0.5470 -0.1065
vn 0.8470 0.5212 -0.1044
vn 0.8505 0.5177 -0.0933
vn 0.7925 0.5019 -0.3465
vn 0.8091 0.4979 -0.3120
vn 0.6613 0.4357 -0.6105
vn 0.6968 0.4413 -0.5655
vn 0.4406 0.3034 -0.8449
vn 0.4831 0.3183 -0.8157
vn 0.1528 0.1099 -0.9821
vn 0.1720 0.1184 -0.9780
vn -0.1491 -0.1117 -0.9825
vn -0.1668 -0.1200 -0.9787
vn -0.4136 -0.3204 -0.8522
vn -0.4479 -0.3354 -0.8288
vn -0.6082 -0.4835 -0.6295
vn -0.6352 -0.4920 -0.5953
vn -0.7234 -0.5849 -0.3668
vn -0.7359 -0.5851 -0.3408
vn -0.7708 -0.6270 -0.1124
vn -0.7734 -0.6253 -0.1039
vn 0.7895 0.6052 -0.1020
vn 0.7932 0.6021 -0.0913
vn 0.7395 0.5812 -0.3396
vn 0.7556 0.5792 -0.3060
vn 0.6194 0.5039 -0.6020
vn 0.6527 0.5130 -0.5576
vn 0.4147 0.3507 -0.8397
vn 0.4546 0.3698 -0.8103
vn 0.1443 0.1267 -0.9814
vn 0.1622 0.1372 -0.9772
vn -0.1405 -0.1278 -0.9818
vn -0.1569 -0.1378 -0.9780
vn -0.3873 -0.3628 -0.8476
vn -0.4186 -0.3807 -0.8245
vn -0.5653 -0.5416 -0.6221
vn -0.5896 -0.5523 -0.5894
vn -0.6687 -0.6501 -0.3608
vn -0.6800 -0.6515 -0.3363
vn -0.7108 -0.6947 -0.1103
vn -0.7132 -0.6934 -0.1024
vn 0.7142 0.6924 -0.1023
vn 0.7173 0.6904 -0.0939
vn 0.6691 0.6608 -0.3401
vn 0.6817 0.6609 -0.3139
vn 0.5609 0.5683 -0.6020
vn 0.5857 0.5785 -0.5677
vn 0.3766 0.3924 -0.8392
vn 0.4052 0.4105 -0.8169
vn 0.1315 0.1409 -0.9813
vn 0.1442 0.1503 -0.9781
vn -0.1285 -0.1412 -0.9816
vn -0.1401 -0.1501 -0.9787
vn -0.3547 -0.3981 -0.8460
vn -0.3768 -0.4141 -0.8286
vn -0.5176 -0.5905 -0.6192
vn -0.5349 -0.6004 -0.5945
vn -0.6118 -0.7053 -0.3582
vn -0.6200 -0.7072 -0.3398
vn -0.6500 -0.7520 -0.1094
vn -0.6518 -0.7513 -0.1035
vn 0.6173 0.7793 -0.1079
vn 0.6187 0.7787 -0.1045
vn 0.5776 0.7349 -0.3554
vn 0.5829 0.7358 -0.3447
vn 0.4822 0.6200 -0.6189
vn 0.4917 0.6256 -0.6057
vn 0.3227 0.4197 -0.8484
vn 0.3328 0.4279 -0.8403
vn 0.1131 0.1488 -0.9824
vn 0.1174 0.1527 -0.9813
vn -0.1119 -0.1487 -0.9825
vn -0.1159 -0.1524 -0.9815
vn -0.3138 -0.4204 -0.8513
vn -0.3217 -0.4274 -0.8449
vn -0.4643 -0.6260 -0.6265
vn -0.4707 -0.6307 -0.6170
vn -0.5535 -0.7493 -0.3636
vn -0.5566 -0.7505 -0.3563
vn -0.5900 -0.7997 -0.1112
vn -0.5907 -0.7995 -0.1089
vn -0.9930 -0.0516 0.1062
vn -0.9930 -0.0515 0.1063
vn -0.9357 -0.0487 0.3493
vn -0.9356 -0.0486 0.3496
vn -0.7916 -0.0413 0.6097
vn -0.7913 -0.0412 0.6101
vn -0.5397 -0.0283 0.8413
vn -0.5394 -0.0282 0.8416
vn -0.1928 -0.0102 0.9812
vn -0.1926 -0.0101 0.9812
vn 0.1928 0.0102 0.9812
vn 0.1926 0.0102 0.9812
vn 0.5397 0.0289 0.8413
vn 0.5392 0.0287 0.8417
vn 0.7915 0.0427 0.6096
vn 0.7911 0.0424 0.6102
vn 0.9356 0.0508 0.3493
vn 0.9355 0.0505 0.3498
vn 0.9929 0.0540 0.1062
vn 0.9929 0.0539 0.1064
vn -0.9817 -0.1564 0.1085
vn -0.9817 -0.1567 0.1079
vn -0.9229 -0.1464 0.3560
vn -0.9235 -0.1472 0.3543
vn -0.7766 -0.1223 0.6180
vn -0.7783 -0.1235 0.6157
vn -0.5260 -0.0820 0.8466
vn -0.5281 -0.0832 0.8451
vn -0.1870 -0.0288 0.9819
vn -0.1881 -0.0293 0.9817
vn 0.1871 0.0284 0.9819
vn 0.1883 0.0290 0.9817
vn 0.5268 0.0789 0.8463
vn 0.5294 0.0804 0.8446
vn 0.7782 0.1149 0.6174
vn 0.7803 0.1168 0.6144
vn 0.9249 0.1351 0.3555
vn 0.9256 0.1367 0.3529
vn 0.9838 0.1432 0.1083
vn 0.9838 0.1437 0.1074
vn -0.9588 -0.2613 0.1117
vn -0.9588 -0.2622 0.1095
vn -0.8989 -0.2426 0.3649
vn -0.9006 -0.2455 0.3586
vn -0.7519 -0.1998 0.6283
vn -0.7570 -0.2043 0.6207
vn -0.5055 -0.1316 0.8527
vn -0.5124 -0.1362 0.8479
vn -0.1791 -0.0454 0.9828
vn -0.1825 -0.0475 0.9821
vn 0.1797 0.0443 0.9827
vn 0.1833 0.0465 0.9820
vn 0.5101 0.1222 0.8514
vn 0.5179 0.1278 0.8459
vn 0.7603 0.1772 0.6250
vn 0.7664 0.1836 0.6155
vn 0.9090 0.2076 0.3614
vn 0.9112 0.2124 0.3531
vn 0.9693 0.2196 0.1103
vn 0.9693 0.2213 0.1073
vn -0.9248 -0.3630 0.1141
vn -0.9246 -0.3648 0.1099
vn -0.8658 -0.3353 0.3715
vn -0.8685 -0.3410 0.3597
vn -0.7218 -0.2735 0.6357
vn -0.7305 -0.2829 0.6216
vn -0.4839 -0.1783 0.8568
vn -0.4956 -0.1878 0.8480
vn -0.1715 -0.0610 0.9833
vn -0.1773 -0.0653 0.9820
vn 0.1729 0.0593 0.9832
vn 0.1790 0.0637 0.9818
vn 0.4945 0.1630 0.8538
vn 0.5076 0.1740 0.8438
vn 0.7416 0.2359 0.6280
vn 0.7519 0.2478 0.6110
vn 0.8900 0.2757 0.3633
vn 0.8932 0.2841 0.3485
vn 0.9502 0.2914 0.1109
vn 0.9499 0.2943 0.1055
vn -0.8810 -0.4589 0.1150
vn -0.8805 -0.4613 0.1089
vn -0.8255 -0.4230 0.3737
vn -0.8286 -0.4316 0.3566
vn -0.6890 -0.3442 0.6377
vn -0.7002 -0.3588 0.6172
vn -0.4632 -0.2239 0.8575
vn -0.4787 -0.2392 0.8448
vn -0.1649 -0.0766 0.9833
vn -0.1728 -0.0835 0.9814
vn 0.1673 0.0744 0.9831
vn 0.1756 0.0816 0.9811
vn 0.4808 0.2046 0.8527
vn 0.4985 0.2217 0.8381
vn 0.7225 0.2953 0.6251
vn 0.7357 0.3130 0.6006
vn 0.8670 0.3442 0.3603
vn 0.8708 0.3559 0.3392
vn 0.9252 0.3632 0.1098
vn 0.9246 0.3670 0.1021
vn -0.8296 -0.5466 0.1142
vn -0.8287 -0.5494 0.1066
vn -0.7794 -0.5047 0.3713
vn -0.7822 -0.5154 0.3500
vn -0.6540 -0.4123 0.6343
vn -0.6660 -0.4313 0.6086
vn -0.4430 -0.2696 0.8550
vn -0.4606 -0.2904 0.8388
vn -0.1591 -0.0929 0.9829
vn -0.1683 -0.1024 0.9804
vn 0.1624 0.0906 0.9826
vn 0.1721 0.1005 0.9799
vn 0.4674 0.2490 0.8483
vn 0.4878 0.2721 0.8295
vn 0.7007 0.3582 0.6170
vn 0.7150 0.3810 0.5861
vn 0.8381 0.4158 0.3531
vn 0.8414 0.4302 0.3271
vn 0.8926 0.4378 0.1072
vn 0.8915 0.4423 0.0978
vn -0.7727 -0.6248 0.1123
vn -0.7715 -0.6276 0.1041
vn -0.7286 -0.5793 0.3655
vn -0.7306 -0.5907 0.3426
vn -0.6158 -0.4770 0.6271
vn -0.6268 -0.4984 0.5989
vn -0.4214 -0.3155 0.8502
vn -0.4386 -0.3398 0.8320
vn -0.1528 -0.1099 0.9821
vn -0.1621 -0.1214 0.9793
vn 0.1568 0.1080 0.9817
vn 0.1668 0.1200 0.9787
vn 0.4506 0.2969 0.8419
vn 0.4710 0.3243 0.8204
vn 0.6719 0.4255 0.6062
vn 0.6852 0.4514 0.5716
vn 0.7997 0.4921 0.3440
vn 0.8017 0.5077 0.3154
vn 0.8496 0.5171 0.1041
vn 0.8479 0.5218 0.0937
vn -0.7126 -0.6928 0.1102
vn -0.7114 -0.6952 0.1026
vn -0.6738 -0.6456 0.3594
vn -0.6748 -0.6560 0.3381
vn -0.5729 -0.5366 0.6195
vn -0.5813 -0.5570 0.5931
vn -0.3951 -0.3594 0.8454
vn -0.4093 -0.3834 0.8280
vn -0.1443 -0.1267 0.9814
vn -0.1522 -0.1384 0.9786
vn 0.1484 0.1255 0.9809
vn 0.1569 0.1378 0.9780
vn 0.4252 0.3459 0.8364
vn 0.4420 0.3737 0.8155
vn 0.6306 0.4956 0.5973
vn 0.6405 0.5211 0.5642
vn 0.7473 0.5728 0.3369
vn 0.7476 0.5876 0.3095
vn 0.7924 0.6015 0.1016
vn 0.7903 0.6058 0.0917
vn -0.6514 -0.7508 0.1093
vn -0.6504 -0.7525 0.1037
vn -0.6157 -0.7024 0.3570
vn -0.6159 -0.7100 0.3413
vn -0.5235 -0.5876 0.6170
vn -0.5285 -0.6029 0.5976
vn -0.3608 -0.3965 0.8441
vn -0.3696 -0.4149 0.8314
vn -0.1315 -0.1409 0.9813
vn -0.1364 -0.1499 0.9792
vn 0.1348 0.1405 0.9809
vn 0.1401 0.1501 0.9787
vn 0.3851 0.3901 0.8364
vn 0.3952 0.4118 0.8211
vn 0.5703 0.5632 0.5980
vn 0.5756 0.5831 0.5733
vn 0.6758 0.6552 0.3377
vn 0.6748 0.6664 0.3170
vn 0.7167 0.6899 0.1020
vn 0.7148 0.6930 0.0943
vn -0.5905 -0.7993 0.1111
vn -0.5901 -0.7999 0.1089
vn -0.5551 -0.7484 0.3631
vn -0.5550 -0.7513 0.3570
vn -0.4667 -0.6252 0.6255
vn -0.4682 -0.6312 0.6183
vn -0.3163 -0.4202 0.8505
vn -0.3189 -0.4273 0.8460
vn -0.1131 -0.1488 0.9824
vn -0.1145 -0.1521 0.9817
vn 0.1144 0.1488 0.9822
vn 0.1159 0.1524 0.9815
vn 0.3262 0.4193 0.8472
vn 0.3289 0.4277 0.8419
vn 0.4862 0.6186 0.6172
vn 0.4874 0.6267 0.6080
vn 0.5806 0.7330 0.3543
vn 0.5798 0.7376 0.3461
vn 0.6184 0.7784 0.1078
vn 0.6175 0.7796 0.1047
vn -0.1290 0.9718 -0.1974
vn -0.1206 0.9752 -0.1856
vn -0.1215 0.8098 -0.5740
vn -0.1052 0.8284 -0.5503
vn -0.0936 0.5620 -0.8219
vn -0.0798 0.5872 -0.8055
vn -0.0525 0.3196 -0.9461
vn -0.0445 0.3387 -0.9398
vn -0.0021 0.1029 -0.9947
vn 0.0007 0.1114 -0.9938
vn 0.0588 -0.1028 -0.9930
vn 0.0582 -0.1048 -0.9928
vn 0.1332 -0.3172 -0.9389
vn 0.1310 -0.3277 -0.9357
vn 0.2217 -0.5504 -0.8049
vn 0.2187 -0.5647 -0.7958
vn 0.3107 -0.7754 -0.5497
vn 0.3071 -0.7858 -0.5369
vn 0.3648 -0.9124 -0.1853
vn 0.3625 -0.9146 -0.1792
vn -0.4181 0.8912 -0.1759
vn -0.4138 0.8943 -0.1702
vn -0.3568 0.7694 -0.5297
vn -0.3497 0.7811 -0.5172
vn -0.2421 0.5597 -0.7925
vn -0.2369 0.5764 -0.7820
vn -0.1089 0.3307 -0.9374
vn -0.1062 0.3463 -0.9321
vn 0.0256 0.1140 -0.9932
vn 0.0265 0.1255 -0.9917
vn 0.1620 -0.0923 -0.9825
vn 0.1620 -0.0856 -0.9831
vn 0.3048 -0.2973 -0.9048
vn 0.3048 -0.2950 -0.9056
vn 0.4500 -0.4987 -0.7408
vn 0.4500 -0.4993 -0.7404
vn 0.5725 -0.6664 -0.4777
vn 0.5723 -0.6676 -0.4762
vn 0.6370 -0.7552 -0.1549
vn 0.6367 -0.7556 -0.1540
vn -0.6930 0.7058 -0.1474
vn -0.6922 0.7068 -0.1460
vn -0.6065 0.6441 -0.4662
vn -0.6054 0.6479 -0.4623
vn -0.4270 0.5094 -0.7471
vn -0.4270 0.5171 -0.7418
vn -0.1931 0.3259 -0.9255
vn -0.1952 0.3372 -0.9210
vn 0.0487 0.1299 -0.9903
vn 0.0448 0.1435 -0.9886
vn 0.2769 -0.0591 -0.9591
vn 0.2721 -0.0450 -0.9612
vn 0.4844 -0.2334 -0.8431
vn 0.4801 -0.2209 -0.8489
vn 0.6590 -0.3822 -0.6478
vn 0.6566 -0.3732 -0.6554
vn 0.7798 -0.4874 -0.3928
vn 0.7796 -0.4826 -0.3992
vn 0.8348 -0.5366 -0.1231
vn 0.8353 -0.5353 -0.1255
vn -0.8637 0.4897 -0.1195
vn -0.8642 0.4882 -0.1214
vn -0.7860 0.4749 -0.3960
vn -0.7860 0.4720 -0.3994
vn -0.5952 0.4182 -0.6861
vn -0.5950 0.4177 -0.6866
vn -0.2916 0.3025 -0.9074
vn -0.2958 0.3088 -0.9040
vn 0.0556 0.1466 -0.9876
vn 0.0441 0.1612 -0.9859
vn 0.3691 -0.0117 -0.9293
vn 0.3537 0.0077 -0.9353
vn 0.6155 -0.1482 -0.7741
vn 0.6021 -0.1293 -0.7879
vn 0.7885 -0.2518 -0.5612
vn 0.7810 -0.2375 -0.5777
vn 0.8906 -0.3174 -0.3257
vn 0.8886 -0.3095 -0.3384
vn 0.9329 -0.3461 -0.0999
vn 0.9332 -0.3438 -0.1046
vn -0.9393 0.3274 -0.1025
vn -0.9399 0.3240 -0.1075
vn -0.8754 0.3349 -0.3485
vn -0.8735 0.3273 -0.3603
vn -0.7003 0.3256 -0.6353
vn -0.6947 0.3188 -0.6448
vn -0.3750 0.2687 -0.8872
vn -0.3762 0.2696 -0.8865
vn 0.0377 0.1587 -0.9866
vn 0.0180 0.1727 -0.9848
vn 0.4064 0.0324 -0.9131
vn 0.3762 0.0557 -0.9249
vn 0.6719 -0.0766 -0.7367
vn 0.6460 -0.0526 -0.7615
vn 0.8405 -0.1567 -0.5187
vn 0.8261 -0.1384 -0.5463
vn 0.9329 -0.2062 -0.2953
vn 0.9285 -0.1958 -0.3155
vn 0.9697 -0.2274 -0.0899
vn 0.9697 -0.2244 -0.0969
vn -0.9658 0.2397 -0.0986
vn -0.9661 0.2345 -0.1080
vn -0.9059 0.2567 -0.3369
vn -0.8999 0.2450 -0.3608
vn -0.7380 0.2673 -0.6196
vn -0.7225 0.2553 -0.6425
vn -0.4180 0.2408 -0.8760
vn -0.4104 0.2367 -0.8807
vn -0.0007 0.1627 -0.9867
vn -0.0244 0.1749 -0.9843
vn 0.3811 0.0588 -0.9227
vn 0.3351 0.0854 -0.9383
vn 0.6605 -0.0383 -0.7499
vn 0.6177 -0.0082 -0.7864
vn 0.8401 -0.1134 -0.5305
vn 0.8149 -0.0894 -0.5727
vn 0.9393 -0.1613 -0.3028
vn 0.9310 -0.1476 -0.3340
vn 0.9789 -0.1821 -0.0922
vn 0.9786 -0.1781 -0.1030
vn -0.9696 0.2202 -0.1067
vn -0.9694 0.2127 -0.1227
vn -0.9014 0.2410 -0.3598
vn -0.8885 0.2238 -0.4007
vn -0.7235 0.2538 -0.6420
vn -0.6938 0.2351 -0.6807
vn -0.4175 0.2300 -0.8791
vn -0.3977 0.2203 -0.8907
vn -0.0432 0.1601 -0.9862
vn -0.0635 0.1699 -0.9834
vn 0.3099 0.0630 -0.9487
vn 0.2547 0.0923 -0.9626
vn 0.5950 -0.0372 -0.8028
vn 0.5339 0.0009 -0.8456
vn 0.7992 -0.1227 -0.5884
vn 0.7580 -0.0896 -0.6461
vn 0.9215 -0.1811 -0.3436
vn 0.9065 -0.1617 -0.3900
vn 0.9726 -0.2071 -0.1056
vn 0.9718 -0.2017 -0.1221
vn -0.9561 0.2649 -0.1255
vn -0.9553 0.2544 -0.1506
vn -0.8677 0.2822 -0.4093
vn -0.8446 0.2562 -0.4702
vn -0.6697 0.2798 -0.6879
vn -0.6246 0.2498 -0.7399
vn -0.3861 0.2367 -0.8916
vn -0.3550 0.2188 -0.9089
vn -0.0752 0.1547 -0.9851
vn -0.0859 0.1609 -0.9832
vn 0.2234 0.0475 -0.9736
vn 0.1719 0.0793 -0.9819
vn 0.4938 -0.0708 -0.8667
vn 0.4237 -0.0230 -0.9055
vn 0.7190 -0.1835 -0.6703
vn 0.6620 -0.1372 -0.7368
vn 0.8730 -0.2682 -0.4074
vn 0.8495 -0.2401 -0.4698
vn 0.9428 -0.3081 -0.1275
vn 0.9417 -0.3008 -0.1510
vn -0.9139 0.3769 -0.1510
vn -0.9131 0.3631 -0.1855
vn -0.7995 0.3753 -0.4690
vn -0.7674 0.3356 -0.5463
vn -0.5889 0.3360 -0.7350
vn -0.5348 0.2886 -0.7942
vn -0.3395 0.2566 -0.9049
vn -0.3016 0.2255 -0.9264
vn -0.0911 0.1470 -0.9849
vn -0.0901 0.1461 -0.9852
vn 0.1492 0.0134 -0.9887
vn 0.1124 0.0453 -0.9926
vn 0.3850 -0.1398 -0.9123
vn 0.3234 -0.0828 -0.9426
vn 0.6054 -0.2980 -0.7380
vn 0.5470 -0.2368 -0.8030
vn 0.7746 -0.4277 -0.4660
vn 0.7481 -0.3895 -0.5373
vn 0.8575 -0.4924 -0.1488
vn 0.8571 -0.4838 -0.1772
vn -0.8136 0.5559 -0.1703
vn -0.8150 0.5403 -0.2093
vn -0.6903 0.5154 -0.5078
vn -0.6611 0.4606 -0.5923
vn -0.4959 0.4197 -0.7603
vn -0.4458 0.3497 -0.8240
vn -0.2897 0.2881 -0.9127
vn -0.2509 0.2361 -0.9388
vn -0.0921 0.1301 -0.9872
vn -0.0811 0.1150 -0.9901
vn 0.1011 -0.0558 -0.9933
vn 0.0816 -0.0280 -0.9963
vn 0.2938 -0.2676 -0.9177
vn 0.2527 -0.2053 -0.9455
vn 0.4725 -0.4825 -0.7375
vn 0.4330 -0.4143 -0.8005
vn 0.6043 -0.6507 -0.4598
vn 0.5891 -0.6119 -0.5278
vn 0.6665 -0.7311 -0.1456
vn 0.6680 -0.7242 -0.1715
vn 0.3622 -0.9135 0.1855
vn 0.3653 -0.9135 0.1790
vn 0.3041 -0.7772 0.5509
vn 0.3139 -0.7837 0.5360
vn 0.2141 -0.5513 0.8063
vn 0.2264 -0.5631 0.7947
vn 0.1277 -0.3175 0.9396
vn 0.1366 -0.3269 0.9352
vn 0.0577 -0.1028 0.9930
vn 0.0594 -0.1046 0.9927
vn 0.0029 0.1029 0.9947
vn -0.0044 0.1108 0.9938
vn -0.0405 0.3198 0.9466
vn -0.0571 0.3372 0.9397
vn -0.0754 0.5628 0.8231
vn -0.0987 0.5848 0.8051
vn -0.1026 0.8115 0.5752
vn -0.1247 0.8258 0.5500
vn -0.1203 0.9729 0.1976
vn -0.1295 0.9741 0.1855
vn 0.6366 -0.7555 0.1549
vn 0.6371 -0.7553 0.1540
vn 0.5717 -0.6668 0.4780
vn 0.5731 -0.6671 0.4760
vn 0.4496 -0.4988 0.7409
vn 0.4503 -0.4992 0.7403
vn 0.3062 -0.2970 0.9044
vn 0.3034 -0.2954 0.9059
vn 0.1661 -0.0917 0.9818
vn 0.1578 -0.0865 0.9837
vn 0.0333 0.1148 0.9928
vn 0.0186 0.1239 0.9921
vn -0.0976 0.3322 0.9381
vn -0.1178 0.3438 0.9316
vn -0.2288 0.5626 0.7944
vn -0.2506 0.5725 0.7806
vn -0.3454 0.7734 0.5315
vn -0.3616 0.7766 0.5159
vn -0.4134 0.8933 0.1762
vn -0.4187 0.8921 0.1699
vn 0.8355 -0.5356 0.1229
vn 0.8346 -0.5364 0.1256
vn 0.7820 -0.4849 0.3916
vn 0.7772 -0.4854 0.4004
vn 0.6635 -0.3791 0.6450
vn 0.6520 -0.3768 0.6580
vn 0.4917 -0.2305 0.8397
vn 0.4729 -0.2244 0.8521
vn 0.2865 -0.0568 0.9564
vn 0.2626 -0.0481 0.9637
vn 0.0592 0.1319 0.9895
vn 0.0345 0.1405 0.9895
vn -0.1838 0.3282 0.9266
vn -0.2044 0.3341 0.9201
vn -0.4206 0.5121 0.7489
vn -0.4334 0.5139 0.7403
vn -0.6033 0.6464 0.4672
vn -0.6087 0.6454 0.4614
vn -0.6920 0.7066 0.1475
vn -0.6932 0.7058 0.1459
vn 0.9336 -0.3442 0.0997
vn 0.9324 -0.3459 0.1048
vn 0.8932 -0.3126 0.3234
vn 0.8859 -0.3150 0.3406
vn 0.7942 -0.2454 0.5559
vn 0.7750 -0.2447 0.5827
vn 0.6257 -0.1421 0.7670
vn 0.5920 -0.1365 0.7943
vn 0.3827 -0.0069 0.9238
vn 0.3405 0.0017 0.9402
vn 0.0680 0.1502 0.9863
vn 0.0324 0.1566 0.9871
vn -0.2859 0.3047 0.9085
vn -0.3012 0.3061 0.9031
vn -0.5957 0.4179 0.6859
vn -0.5946 0.4180 0.6868
vn -0.7878 0.4726 0.3950
vn -0.7840 0.4745 0.4002
vn -0.8645 0.4883 0.1194
vn -0.8634 0.4897 0.1215
vn 0.9703 -0.2248 0.0895
vn 0.9690 -0.2272 0.0973
vn 0.9352 -0.1995 0.2924
vn 0.9259 -0.2034 0.3182
vn 0.8464 -0.1476 0.5117
vn 0.8200 -0.1487 0.5527
vn 0.6832 -0.0675 0.7271
vn 0.6349 -0.0634 0.7700
vn 0.4222 0.0399 0.9056
vn 0.3617 0.0467 0.9311
vn 0.0500 0.1635 0.9853
vn 0.0072 0.1669 0.9859
vn -0.3741 0.2692 0.8875
vn -0.3769 0.2691 0.8863
vn -0.7054 0.3205 0.6322
vn -0.6897 0.3244 0.6474
vn -0.8791 0.3280 0.3458
vn -0.8696 0.3350 0.3628
vn -0.9404 0.3242 0.1021
vn -0.9386 0.3276 0.1079
vn 0.9796 -0.1788 0.0918
vn 0.9779 -0.1819 0.1034
vn 0.9418 -0.1526 0.2996
vn 0.9282 -0.1577 0.3369
vn 0.8464 -0.1014 0.5228
vn 0.8085 -0.1032 0.5793
vn 0.6726 -0.0260 0.7395
vn 0.6066 -0.0225 0.7947
vn 0.3969 0.0688 0.9153
vn 0.3220 0.0737 0.9439
vn 0.0091 0.1679 0.9858
vn -0.0320 0.1689 0.9851
vn -0.4215 0.2383 0.8750
vn -0.4075 0.2395 0.8813
vn -0.7461 0.2570 0.6143
vn -0.7149 0.2665 0.6464
vn -0.9105 0.2453 0.3330
vn -0.8950 0.2578 0.3641
vn -0.9671 0.2347 0.0981
vn -0.9646 0.2402 0.1084
vn 0.9736 -0.2028 0.1052
vn 0.9707 -0.2067 0.1224
vn 0.9249 -0.1697 0.3403
vn 0.9030 -0.1750 0.3924
vn 0.8066 -0.1073 0.5813
vn 0.7513 -0.1073 0.6512
vn 0.6072 -0.0219 0.7943
vn 0.5244 -0.0167 0.8513
vn 0.3231 0.0747 0.9434
vn 0.2456 0.0792 0.9661
vn -0.0374 0.1646 0.9856
vn -0.0673 0.1650 0.9840
vn -0.4237 0.2240 0.8777
vn -0.3933 0.2266 0.8911
vn -0.7336 0.2383 0.6364
vn -0.6851 0.2517 0.6836
vn -0.9073 0.2246 0.3555
vn -0.8823 0.2422 0.4035
vn -0.9712 0.2131 0.1061
vn -0.9675 0.2210 0.1232
vn 0.9446 -0.3026 0.1273
vn 0.9396 -0.3071 0.1511
vn 0.8782 -0.2540 0.4053
vn 0.8445 -0.2565 0.4702
vn 0.7274 -0.1650 0.6661
vn 0.6558 -0.1582 0.7382
vn 0.5040 -0.0533 0.8621
vn 0.4177 -0.0425 0.9076
vn 0.2319 0.0596 0.9709
vn 0.1675 0.0662 0.9837
vn -0.0731 0.1574 0.9848
vn -0.0870 0.1581 0.9836
vn -0.3928 0.2272 0.8911
vn -0.3511 0.2286 0.9080
vn -0.6809 0.2596 0.6848
vn -0.6163 0.2712 0.7393
vn -0.8758 0.2606 0.4063
vn -0.8367 0.2801 0.4706
vn -0.9587 0.2554 0.1250
vn -0.9523 0.2655 0.1507
vn 0.8607 -0.4867 0.1490
vn 0.8536 -0.4901 0.1767
vn 0.7821 -0.4126 0.4670
vn 0.7413 -0.4066 0.5340
vn 0.6135 -0.2782 0.7390
vn 0.5420 -0.2589 0.7995
vn 0.3915 -0.1215 0.9121
vn 0.3208 -0.1025 0.9416
vn 0.1531 0.0244 0.9879
vn 0.1112 0.0338 0.9932
vn -0.0913 0.1467 0.9850
vn -0.0900 0.1465 0.9851
vn -0.3451 0.2431 0.9065
vn -0.2991 0.2393 0.9237
vn -0.5997 0.3116 0.7371
vn -0.5282 0.3140 0.7889
vn -0.8105 0.3496 0.4700
vn -0.7578 0.3634 0.5419
vn -0.9186 0.3652 0.1510
vn -0.9080 0.3760 0.1848
vn 0.6705 -0.7273 0.1463
vn 0.6638 -0.7282 0.1704
vn 0.6130 -0.6390 0.4647
vn 0.5815 -0.6249 0.5210
vn 0.4797 -0.4641 0.7447
vn 0.4286 -0.4343 0.7923
vn 0.2972 -0.2496 0.9216
vn 0.2517 -0.2236 0.9416
vn 0.1022 -0.0469 0.9937
vn 0.0815 -0.0366 0.9960
vn -0.0927 0.1248 0.9878
vn -0.0810 0.1201 0.9895
vn -0.2936 0.2685 0.9174
vn -0.2497 0.2552 0.9341
vn -0.5055 0.3909 0.7692
vn -0.4404 0.3787 0.8141
vn -0.7043 0.4884 0.5152
vn -0.6498 0.4887 0.5822
vn -0.8211 0.5443 0.1716
vn -0.8074 0.5524 0.2073
vn -0.6979 0.6934 -0.1792
vn -0.7052 0.6832 -0.1894
vn -0.5817 0.6245 -0.5212
vn -0.5876 0.5932 -0.5504
vn -0.4130 0.4966 -0.7634
vn -0.4093 0.4568 -0.7898
vn -0.2428 0.3402 -0.9085
vn -0.2364 0.3097 -0.9210
vn -0.0806 0.1591 -0.9840
vn -0.0782 0.1496 -0.9856
vn 0.0815 -0.0553 -0.9951
vn 0.0775 -0.0400 -0.9962
vn 0.2461 -0.3028 -0.9207
vn 0.2389 -0.2693 -0.9330
vn 0.3970 -0.5511 -0.7339
vn 0.3944 -0.5180 -0.7591
vn 0.5030 -0.7375 -0.4506
vn 0.5075 -0.7203 -0.4728
vn 0.5505 -0.8228 -0.1413
vn 0.5542 -0.8192 -0.1478
vn -0.6246 0.7628 -0.1672
vn -0.6317 0.7551 -0.1754
vn -0.5219 0.7006 -0.4867
vn -0.5292 0.6768 -0.5117
vn -0.3741 0.5875 -0.7176
vn -0.3736 0.5577 -0.7412
vn -0.2241 0.4493 -0.8648
vn -0.2208 0.4287 -0.8760
vn -0.0776 0.2865 -0.9549
vn -0.0774 0.2855 -0.9552
vn 0.0756 0.0854 -0.9935
vn 0.0700 0.1086 -0.9916
vn 0.2433 -0.1644 -0.9559
vn 0.2342 -0.1211 -0.9646
vn 0.4126 -0.4415 -0.7968
vn 0.4087 -0.3968 -0.8219
vn 0.5421 -0.6707 -0.5062
vn 0.5479 -0.6463 -0.5312
vn 0.6023 -0.7819 -0.1610
vn 0.6073 -0.7765 -0.1683
vn -0.5337 0.8328 -0.1468
vn -0.5399 0.8277 -0.1529
vn -0.4495 0.7834 -0.4293
vn -0.4570 0.7679 -0.4490
vn -0.3284 0.6939 -0.6408
vn -0.3299 0.6757 -0.6592
vn -0.2034 0.5830 -0.7866
vn -0.2024 0.5743 -0.7932
vn -0.0768 0.4484 -0.8905
vn -0.0788 0.4583 -0.8853
vn 0.0635 0.2733 -0.9598
vn 0.0554 0.3076 -0.9499
vn 0.2320 0.0361 -0.9721
vn 0.2188 0.0949 -0.9711
vn 0.4262 -0.2642 -0.8652
vn 0.4179 -0.1976 -0.8867
vn 0.5966 -0.5524 -0.5823
vn 0.6035 -0.5111 -0.6120
vn 0.6818 -0.7064 -0.1901
vn 0.6893 -0.6965 -0.1991
vn -0.4066 0.9067 -0.1120
vn -0.4104 0.9046 -0.1152
vn -0.3484 0.8769 -0.3312
vn -0.3532 0.8711 -0.3412
vn -0.2637 0.8221 -0.5047
vn -0.2647 0.8179 -0.5109
vn -0.1730 0.7516 -0.6365
vn -0.1732 0.7571 -0.6299
vn -0.0764 0.6627 -0.7450
vn -0.0802 0.6842 -0.7249
vn 0.0392 0.5409 -0.8402
vn 0.0278 0.5851 -0.8105
vn 0.1956 0.3607 -0.9119
vn 0.1744 0.4344 -0.8837
vn 0.4159 0.0895 -0.9050
vn 0.3917 0.1908 -0.9001
vn 0.6731 -0.2533 -0.6948
vn 0.6710 -0.1652 -0.7228
vn 0.8372 -0.4886 -0.2457
vn 0.8487 -0.4614 -0.2584
vn -0.1907 0.9806 -0.0455
vn -0.1884 0.9811 -0.0439
vn -0.1752 0.9742 -0.1423
vn -0.1700 0.9764 -0.1330
vn -0.1476 0.9613 -0.2328
vn -0.1424 0.9670 -0.2114
vn -0.1125 0.9422 -0.3156
vn -0.1105 0.9532 -0.2813
vn -0.0686 0.9162 -0.3949
vn -0.0724 0.9344 -0.3489
vn -0.0085 0.8807 -0.4735
vn -0.0211 0.9084 -0.4176
vn 0.0824 0.8323 -0.5482
vn 0.0568 0.8728 -0.4848
vn 0.2312 0.7669 -0.5987
vn 0.1862 0.8245 -0.5343
vn 0.4724 0.6895 -0.5490
vn 0.4082 0.7605 -0.5050
vn 0.7327 0.6377 -0.2378
vn 0.6939 0.6805 -0.2355
vn 0.2628 0.9595 0.1012
vn 0.2765 0.9548 0.1094
vn 0.1718 0.9528 0.2504
vn 0.1920 0.9396 0.2832
vn 0.0784 0.9509 0.2994
vn 0.0903 0.9352 0.3423
vn 0.0111 0.9567 0.2909
vn 0.0147 0.9434 0.3313
vn -0.0344 0.9653 0.2588
vn -0.0362 0.9554 0.2931
vn -0.0660 0.9736 0.2183
vn -0.0712 0.9669 0.2451
vn -0.0892 0.9806 0.1747
vn -0.0962 0.9764 0.1932
vn -0.1076 0.9859 0.1281
vn -0.1148 0.9837 0.1383
vn -0.1217 0.9895 0.0779
vn -0.1272 0.9886 0.0811
vn -0.1305 0.9911 0.0251
vn -0.1326 0.9909 0.0250
vn 0.8687 0.3985 0.2942
vn 0.8712 0.3909 0.2969
vn 0.5713 0.4485 0.6874
vn 0.5735 0.4355 0.6939
vn 0.3075 0.5140 0.8007
vn 0.3082 0.5046 0.8064
vn 0.1335 0.5816 0.8025
vn 0.1334 0.5771 0.8057
vn 0.0114 0.6466 0.7627
vn 0.0113 0.6459 0.7634
vn -0.0853 0.7107 0.6983
vn -0.0848 0.7121 0.6969
vn -0.1707 0.7767 0.6063
vn -0.1693 0.7788 0.6040
vn -0.2489 0.8434 0.4761
vn -0.2466 0.8452 0.4742
vn -0.3129 0.9009 0.3007
vn -0.3106 0.9018 0.3004
vn -0.3483 0.9323 0.0972
vn -0.3473 0.9327 0.0977
vn 0.9277 -0.2168 0.3041
vn 0.9309 -0.2070 0.3011
vn 0.6536 -0.0823 0.7524
vn 0.6594 -0.0636 0.7491
vn 0.3811 0.0736 0.9216
vn 0.3854 0.0912 0.9182
vn 0.1863 0.2089 0.9600
vn 0.1896 0.2221 0.9564
vn 0.0406 0.3321 0.9424
vn 0.0433 0.3407 0.9392
vn -0.0821 0.4548 0.8868
vn -0.0799 0.4595 0.8846
vn -0.1961 0.5840 0.7877
vn -0.1945 0.5860 0.7866
vn -0.3037 0.7160 0.6286
vn -0.3028 0.7165 0.6284
vn -0.3924 0.8283 0.4000
vn -0.3921 0.8284 0.4001
vn -0.4403 0.8885 0.1294
vn 0.8343 -0.4835 0.2649
vn 0.8429 -0.4721 0.2580
vn 0.6261 -0.3550 0.6943
vn 0.6438 -0.3333 0.6887
vn 0.3919 -0.1870 0.9008
vn 0.4057 -0.1665 0.8987
vn 0.2068 -0.0312 0.9779
vn 0.2154 -0.0172 0.9764
vn 0.0578 0.1177 0.9914
vn 0.0627 0.1247 0.9902
vn -0.0753 0.2728 0.9591
vn -0.0736 0.2745 0.9588
vn -0.2054 0.4422 0.8731
vn -0.2066 0.4415 0.8731
vn -0.3328 0.6200 0.7105
vn -0.3364 0.6190 0.7097
vn -0.4395 0.7731 0.4573
vn -0.4432 0.7726 0.4547
vn -0.4969 0.8550 0.1485
vn -0.4982 0.8546 0.1466
vn 0.7563 -0.6127 0.2296
vn 0.7669 -0.6033 0.2188
vn 0.5926 -0.5057 0.6269
vn 0.6176 -0.4903 0.6149
vn 0.3908 -0.3490 0.8518
vn 0.4124 -0.3353 0.8470
vn 0.2169 -0.1907 0.9574
vn 0.2300 -0.1824 0.9559
vn 0.0682 -0.0308 0.9972
vn 0.0735 -0.0280 0.9969
vn -0.0712 0.1429 0.9872
vn -0.0727 0.1424 0.9871
vn -0.2128 0.3387 0.9165
vn -0.2201 0.3380 0.9151
vn -0.3552 0.5482 0.7572
vn -0.3659 0.5489 0.7515
vn -0.4751 0.7303 0.4909
vn -0.4839 0.7306 0.4818
vn -0.5390 0.8271 0.1596
vn -0.5418 0.8262 0.1546
vn 0.5546 -0.8199 0.1424
vn 0.5500 -0.8222 0.1467
vn 0.5116 -0.7267 0.4584
vn 0.4991 -0.7315 0.4646
vn 0.4032 -0.5309 0.7453
vn 0.3888 -0.5387 0.7475
vn 0.2478 -0.2815 0.9270
vn 0.2377 -0.2906 0.9268
vn 0.0815 -0.0451 0.9957
vn 0.0776 -0.0501 0.9957
vn -0.0806 0.1526 0.9850
vn -0.0782 0.1561 0.9847
vn -0.2448 0.3187 0.9157
vn -0.2349 0.3311 0.9139
vn -0.4205 0.4679 0.7773
vn -0.4025 0.4857 0.7759
vn -0.5955 0.6006 0.5335
vn -0.5743 0.6175 0.5375
vn -0.7063 0.6843 0.1813
vn -0.6968 0.6925 0.1871
vn 0.6077 -0.7774 0.1625
vn 0.6017 -0.7811 0.1667
vn 0.5527 -0.6541 0.5165
vn 0.5374 -0.6638 0.5202
vn 0.4187 -0.4116 0.8095
vn 0.4032 -0.4279 0.8089
vn 0.2440 -0.1343 0.9604
vn 0.2340 -0.1518 0.9603
vn 0.0752 0.1021 0.9919
vn 0.0705 0.0918 0.9933
vn -0.0776 0.2858 0.9552
vn -0.0774 0.2862 0.9550
vn -0.2258 0.4340 0.8721
vn -0.2195 0.4442 0.8686
vn -0.3810 0.5653 0.7316
vn -0.3672 0.5806 0.7267
vn -0.5345 0.6822 0.4989
vn -0.5166 0.6960 0.4987
vn -0.6324 0.7559 0.1693
vn -0.6237 0.7623 0.1731
vn 0.6898 -0.6979 0.1925
vn 0.6809 -0.7055 0.1965
vn 0.6100 -0.5216 0.5965
vn 0.5901 -0.5438 0.5968
vn 0.4305 -0.2148 0.8766
vn 0.4145 -0.2493 0.8753
vn 0.2303 0.0809 0.9698
vn 0.2211 0.0488 0.9740
vn 0.0622 0.2999 0.9519
vn 0.0570 0.2803 0.9582
vn -0.0767 0.4561 0.8866
vn -0.0788 0.4503 0.8894
vn -0.2043 0.5762 0.7914
vn -0.2016 0.5813 0.7883
vn -0.3340 0.6798 0.6529
vn -0.3246 0.6905 0.6464
vn -0.4601 0.7711 0.4402
vn -0.4462 0.7809 0.4372
vn -0.5402 0.8283 0.1487
vn -0.5331 0.8325 0.1508
vn 0.8498 -0.4641 0.2498
vn 0.8354 -0.4875 0.2538
vn 0.6830 -0.1797 0.7079
vn 0.6620 -0.2433 0.7090
vn 0.4086 0.1744 0.8959
vn 0.4004 0.1026 0.9106
vn 0.1874 0.4232 0.8864
vn 0.1833 0.3702 0.9107
vn 0.0361 0.5784 0.8150
vn 0.0313 0.5465 0.8369
vn -0.0759 0.6808 0.7285
vn -0.0805 0.6654 0.7421
vn -0.1720 0.7562 0.6314
vn -0.1741 0.7523 0.6353
vn -0.2656 0.8187 0.5092
vn -0.2628 0.8215 0.5061
vn -0.3543 0.8721 0.3375
vn -0.3471 0.8762 0.3344
vn -0.4105 0.9048 0.1132
vn -0.4062 0.9066 0.1138
vn 0.6979 0.6791 0.2275
vn 0.7310 0.6361 0.2467
vn 0.4213 0.7588 0.4968
vn 0.4614 0.6876 0.5607
vn 0.1991 0.8228 0.5322
vn 0.2193 0.7662 0.6040
vn 0.0670 0.8712 0.4863
vn 0.0726 0.8324 0.5493
vn -0.0132 0.9069 0.4212
vn -0.0161 0.8814 0.4721
vn -0.0665 0.9330 0.3536
vn -0.0743 0.9169 0.3921
vn -0.1066 0.9522 0.2864
vn -0.1165 0.9428 0.3122
vn -0.1403 0.9663 0.2157
vn -0.1500 0.9616 0.2297
vn -0.1694 0.9762 0.1358
vn -0.1762 0.9743 0.1401
vn -0.1884 0.9811 0.0448
vn -0.1908 0.9806 0.0447
vn -0.1324 0.9909 -0.0257
vn -0.1305 0.9912 -0.0243
vn -0.1264 0.9885 -0.0832
vn -0.1222 0.9896 -0.0753
vn -0.1130 0.9835 -0.1411
vn -0.1091 0.9862 -0.1245
vn -0.0935 0.9763 -0.1954
vn -0.0919 0.9809 -0.1711
vn -0.0674 0.9668 -0.2465
vn -0.0697 0.9740 -0.2154
vn -0.0317 0.9556 -0.2929
vn -0.0391 0.9656 -0.2571
vn 0.0198 0.9442 -0.3288
vn 0.0056 0.9566 -0.2912
vn 0.0953 0.9367 -0.3369
vn 0.0727 0.9504 -0.3023
vn 0.1951 0.9412 -0.2759
vn 0.1673 0.9522 -0.2557
vn 0.2766 0.9551 -0.1056
vn 0.2617 0.9595 -0.1045
vn -0.3474 0.9327 -0.0969
vn -0.3483 0.9323 -0.0980
vn -0.3112 0.9022 -0.2986
vn -0.3125 0.9004 -0.3026
vn -0.2475 0.8459 -0.4725
vn -0.2481 0.8425 -0.4781
vn -0.1702 0.7794 -0.6030
vn -0.1699 0.7758 -0.6077
vn -0.0853 0.7124 -0.6966
vn -0.0849 0.7103 -0.6988
vn 0.0115 0.6458 -0.7635
vn 0.0112 0.6468 -0.7626
vn 0.1345 0.5767 -0.8058
vn 0.1324 0.5823 -0.8022
vn 0.3102 0.5044 -0.8058
vn 0.3053 0.5149 -0.8010
vn 0.5759 0.4356 -0.6918
vn 0.5686 0.4494 -0.6891
vn 0.8718 0.3911 -0.2951
vn 0.8679 0.3989 -0.2960
vn -0.4403 0.8885 -0.1294
vn -0.3922 0.8285 -0.3998
vn -0.3923 0.8282 -0.4003
vn -0.3033 0.7171 -0.6275
vn -0.3033 0.7153 -0.6296
vn -0.1958 0.5875 -0.7852
vn -0.1948 0.5823 -0.7893
vn -0.0823 0.4619 -0.8831
vn -0.0798 0.4520 -0.8885
vn 0.0397 0.3438 -0.9382
vn 0.0442 0.3282 -0.9436
vn 0.1847 0.2256 -0.9565
vn 0.1912 0.2042 -0.9601
vn 0.3793 0.0947 -0.9204
vn 0.3871 0.0686 -0.9195
vn 0.6539 -0.0611 -0.7541
vn 0.6590 -0.0863 -0.7472
vn 0.9297 -0.2067 -0.3050
vn 0.9287 -0.2177 -0.3002
vn -0.4980 0.8543 -0.1489
vn -0.4970 0.8553 -0.1462
vn -0.4415 0.7705 -0.4598
vn -0.4409 0.7753 -0.4522
vn -0.3339 0.6159 -0.7136
vn -0.3351 0.6232 -0.7066
vn -0.2055 0.4401 -0.8741
vn -0.2065 0.4437 -0.8720
vn -0.0755 0.2767 -0.9580
vn -0.0736 0.2704 -0.9599
vn 0.0571 0.1305 -0.9898
vn 0.0632 0.1110 -0.9918
vn 0.2057 -0.0082 -0.9786
vn 0.2160 -0.0416 -0.9755
vn 0.3927 -0.1560 -0.9063
vn 0.4041 -0.1993 -0.8927
vn 0.6323 -0.3252 -0.7031
vn 0.6365 -0.3646 -0.6796
vn 0.8407 -0.4709 -0.2672
vn 0.8361 -0.4853 -0.2558
vn -0.5412 0.8254 -0.1603
vn -0.5395 0.8278 -0.1539
vn -0.4793 0.7242 -0.4958
vn -0.4794 0.7365 -0.4772
vn -0.3577 0.5377 -0.7635
vn -0.3629 0.5593 -0.7453
vn -0.2132 0.3290 -0.9199
vn -0.2193 0.3477 -0.9116
vn -0.0712 0.1405 -0.9875
vn -0.0727 0.1449 -0.9868
vn 0.0680 -0.0218 -0.9975
vn 0.0734 -0.0372 -0.9966
vn 0.2171 -0.1693 -0.9614
vn 0.2290 -0.2045 -0.9517
vn 0.3944 -0.3186 -0.8620
vn 0.4073 -0.3663 -0.8366
vn 0.6029 -0.4777 -0.6390
vn 0.6059 -0.5186 -0.6032
vn 0.7644 -0.6014 -0.2322
vn 0.7585 -0.6148 -0.2164
vn 0.0666 0.9978 -0.0054
vn 0.0649 0.9978 -0.0160
vn 0.0615 0.9978 -0.0263
vn 0.0567 0.9977 -0.0359
vn 0.0505 0.9977 -0.0445
vn 0.0432 0.9977 -0.0521
vn 0.0348 0.9977 -0.0585
vn 0.0255 0.9977 -0.0635
vn 0.0155 0.9976 -0.0669
vn 0.0052 0.9976 -0.0687
vn 0.3023 0.9529 -0.0243
vn 0.2945 0.9529 -0.0727
vn 0.2792 0.9528 -0.1193
vn 0.2572 0.9526 -0.1627
vn 0.2291 0.9522 -0.2020
vn 0.1957 0.9518 -0.2362
vn 0.1957 0.9518 -0.2363
vn 0.1575 0.9513 -0.2650
vn 0.1154 0.9508 -0.2874
vn 0.0703 0.9504 -0.3029
vn 0.0703 0.9504 -0.3030
vn 0.0234 0.9501 -0.3109
vn 0.0235 0.9501 -0.3109
vn 0.7448 0.6646 -0.0598
vn 0.7255 0.6645 -0.1792
vn 0.6875 0.6640 -0.2939
vn 0.6326 0.6631 -0.4003
vn 0.6326 0.6631 -0.4002
vn 0.5625 0.6616 -0.4958
vn 0.4793 0.6598 -0.5787
vn 0.3849 0.6578 -0.6474
vn 0.2814 0.6559 -0.7005
vn 0.1710 0.6542 -0.7367
vn 0.0570 0.6531 -0.7551
vn 0.9968 0.0028 -0.0800
vn 0.9708 0.0028 -0.2398
vn 0.9195 0.0027 -0.3930
vn 0.9195 0.0028 -0.3931
vn 0.8450 0.0027 -0.5347
vn 0.7502 0.0027 -0.6612
vn 0.6379 0.0027 -0.7701
vn 0.5111 0.0027 -0.8595
vn 0.3727 0.0027 -0.9279
vn 0.3728 0.0027 -0.9279
vn 0.2261 0.0027 -0.9741
vn 0.2262 0.0027 -0.9741
vn 0.0752 0.0027 -0.9972
vn 0.9225 -0.3788 -0.0741
vn 0.8985 -0.3788 -0.2220
vn 0.8511 -0.3785 -0.3638
vn 0.8511 -0.3784 -0.3639
vn 0.7825 -0.3777 -0.4951
vn 0.7824 -0.3776 -0.4952
vn 0.6950 -0.3764 -0.6126
vn 0.5914 -0.3749 -0.7140
vn 0.5914 -0.3749 -0.7139
vn 0.4742 -0.3731 -0.7974
vn 0.4743 -0.3731 -0.7974
vn 0.3461 -0.3714 -0.8616
vn 0.3462 -0.3714 -0.8615
vn 0.2101 -0.3699 -0.9050
vn 0.2102 -0.3699 -0.9050
vn 0.0699 -0.3689 -0.9268
vn 0.0700 -0.3689 -0.9268
vn 0.8619 -0.5024 -0.0692
vn 0.8619 -0.5024 -0.0693
vn 0.8394 -0.5024 -0.2074
vn 0.8394 -0.5024 -0.2075
vn 0.7952 -0.5020 -0.3400
vn 0.7952 -0.5020 -0.3401
vn 0.7313 -0.5011 -0.4628
vn 0.7312 -0.5010 -0.4629
vn 0.6498 -0.4996 -0.5728
vn 0.5533 -0.4978 -0.6679
vn 0.4439 -0.4958 -0.7464
vn 0.4440 -0.4958 -0.7463
vn 0.3242 -0.4937 -0.8069
vn 0.3243 -0.4938 -0.8068
vn 0.1969 -0.4920 -0.8480
vn 0.1970 -0.4920 -0.8480
vn 0.0656 -0.4909 -0.8687
vn 0.8585 -0.5081 -0.0690
vn 0.8585 -0.5081 -0.0691
vn 0.8361 -0.5081 -0.2067
vn 0.8361 -0.5080 -0.2069
vn 0.7921 -0.5077 -0.3388
vn 0.7920 -0.5077 -0.3390
vn 0.7284 -0.5068 -0.4611
vn 0.7283 -0.5068 -0.4612
vn 0.6473 -0.5054 -0.5706
vn 0.6473 -0.5053 -0.5707
vn 0.5512 -0.5035 -0.6653
vn 0.4423 -0.5015 -0.7435
vn 0.4424 -0.5015 -0.7435
vn 0.3231 -0.4994 -0.8038
vn 0.3233 -0.4995 -0.8037
vn 0.1963 -0.4977 -0.8449
vn 0.1965 -0.4977 -0.8448
vn 0.0654 -0.4965 -0.8655
vn 0.0655 -0.4966 -0.8655
vn 0.9083 -0.4119 -0.0731
vn 0.9083 -0.4118 -0.0733
vn 0.8845 -0.4119 -0.2189
vn 0.8845 -0.4118 -0.2193
vn 0.8378 -0.4116 -0.3586
vn 0.8377 -0.4115 -0.3590
vn 0.7703 -0.4109 -0.4878
vn 0.7701 -0.4107 -0.4881
vn 0.6843 -0.4096 -0.6033
vn 0.6842 -0.4095 -0.6034
vn 0.5825 -0.4079 -0.7031
vn 0.5826 -0.4079 -0.7030
vn 0.4674 -0.4060 -0.7853
vn 0.4676 -0.4061 -0.7851
vn 0.3414 -0.4041 -0.8486
vn 0.3417 -0.4042 -0.8484
vn 0.2074 -0.4024 -0.8916
vn 0.2078 -0.4026 -0.8915
vn 0.0691 -0.4014 -0.9133
vn 0.0692 -0.4015 -0.9133
vn 0.9871 -0.1386 -0.0796
vn 0.9871 -0.1385 -0.0799
vn 0.9612 -0.1388 -0.2384
vn 0.9611 -0.1386 -0.2388
vn 0.9103 -0.1388 -0.3901
vn 0.9101 -0.1386 -0.3906
vn 0.8365 -0.1386 -0.5302
vn 0.8363 -0.1385 -0.5305
vn 0.7428 -0.1382 -0.6551
vn 0.7427 -0.1381 -0.6552
vn 0.6320 -0.1374 -0.7626
vn 0.6322 -0.1375 -0.7625
vn 0.5069 -0.1366 -0.8511
vn 0.5072 -0.1367 -0.8509
vn 0.3701 -0.1357 -0.9190
vn 0.3706 -0.1359 -0.9188
vn 0.2249 -0.1349 -0.9650
vn 0.2253 -0.1351 -0.9649
vn 0.0749 -0.1344 -0.9881
vn 0.0751 -0.1345 -0.9881
vn 0.9136 0.3997 -0.0739
vn 0.9136 0.3998 -0.0740
vn 0.8897 0.3995 -0.2211
vn 0.8896 0.3996 -0.2213
vn 0.8427 0.3989 -0.3617
vn 0.8426 0.3989 -0.3619
vn 0.7748 0.3978 -0.4914
vn 0.7746 0.3979 -0.4916
vn 0.6885 0.3964 -0.6073
vn 0.6884 0.3964 -0.6074
vn 0.5864 0.3948 -0.7073
vn 0.4708 0.3932 -0.7898
vn 0.4709 0.3932 -0.7897
vn 0.3442 0.3917 -0.8533
vn 0.3444 0.3916 -0.8533
vn 0.2093 0.3904 -0.8965
vn 0.2095 0.3903 -0.8965
vn 0.0698 0.3895 -0.9184
vn 0.0699 0.3895 -0.9184
vn -0.0052 0.9976 -0.0687
vn -0.0155 0.9976 -0.0669
vn -0.0255 0.9977 -0.0635
vn -0.0348 0.9977 -0.0585
vn -0.0432 0.9977 -0.0521
vn -0.0505 0.9977 -0.0445
vn -0.0567 0.9977 -0.0359
vn -0.0615 0.9978 -0.0263
vn -0.0649 0.9978 -0.0160
vn -0.0666 0.9978 -0.0054
vn -0.0234 0.9501 -0.3109
vn -0.0235 0.9501 -0.3109
vn -0.0703 0.9504 -0.3029
vn -0.0703 0.9504 -0.3030
vn -0.1154 0.9508 -0.2874
vn -0.1575 0.9513 -0.2650
vn -0.1957 0.9518 -0.2363
vn -0.1957 0.9518 -0.2362
vn -0.2291 0.9522 -0.2020
vn -0.2291 0.9522 -0.2019
vn -0.2572 0.9526 -0.1627
vn -0.2792 0.9528 -0.1193
vn -0.2945 0.9529 -0.0727
vn -0.3023 0.9529 -0.0243
vn -0.0570 0.6531 -0.7551
vn -0.1710 0.6542 -0.7367
vn -0.2814 0.6559 -0.7005
vn -0.3849 0.6578 -0.6474
vn -0.4793 0.6598 -0.5787
vn -0.5625 0.6616 -0.4958
vn -0.6326 0.6631 -0.4002
vn -0.6875 0.6641 -0.2938
vn -0.6875 0.6640 -0.2939
vn -0.7255 0.6645 -0.1792
vn -0.7448 0.6646 -0.0598
vn -0.0752 0.0027 -0.9972
vn -0.2261 0.0027 -0.9741
vn -0.2262 0.0027 -0.9741
vn -0.3727 0.0027 -0.9279
vn -0.3728 0.0027 -0.9279
vn -0.5111 0.0027 -0.8595
vn -0.6379 0.0027 -0.7701
vn -0.7502 0.0027 -0.6612
vn -0.8450 0.0027 -0.5347
vn -0.9195 0.0028 -0.3930
vn -0.9195 0.0027 -0.3931
vn -0.9708 0.0028 -0.2398
vn -0.9968 0.0028 -0.0800
vn -0.0699 -0.3689 -0.9268
vn -0.0700 -0.3689 -0.9268
vn -0.2101 -0.3699 -0.9050
vn -0.2102 -0.3699 -0.9050
vn -0.3461 -0.3714 -0.8616
vn -0.3462 -0.3714 -0.8615
vn -0.4742 -0.3731 -0.7974
vn -0.4743 -0.3731 -0.7974
vn -0.5914 -0.3749 -0.7139
vn -0.6950 -0.3764 -0.6126
vn -0.7825 -0.3776 -0.4951
vn -0.7824 -0.3777 -0.4952
vn -0.8511 -0.3784 -0.3638
vn -0.8511 -0.3785 -0.3639
vn -0.8985 -0.3788 -0.2220
vn -0.8984 -0.3788 -0.2220
vn -0.9225 -0.3788 -0.0741
vn -0.0656 -0.4909 -0.8687
vn -0.1969 -0.4920 -0.8480
vn -0.1970 -0.4920 -0.8480
vn -0.3242 -0.4938 -0.8069
vn -0.3243 -0.4937 -0.8069
vn -0.4439 -0.4958 -0.7464
vn -0.4440 -0.4958 -0.7464
vn -0.5533 -0.4978 -0.6679
vn -0.6498 -0.4996 -0.5728
vn -0.7313 -0.5010 -0.4628
vn -0.7312 -0.5011 -0.4629
vn -0.7953 -0.5020 -0.3400
vn -0.7952 -0.5020 -0.3401
vn -0.8394 -0.5024 -0.2074
vn -0.8394 -0.5024 -0.2075
vn -0.8619 -0.5024 -0.0692
vn -0.8619 -0.5024 -0.0693
vn -0.0654 -0.4966 -0.8655
vn -0.0655 -0.4965 -0.8655
vn -0.1963 -0.4977 -0.8448
vn -0.1965 -0.4977 -0.8448
vn -0.3231 -0.4995 -0.8038
vn -0.3233 -0.4994 -0.8038
vn -0.4423 -0.5015 -0.7435
vn -0.4425 -0.5015 -0.7435
vn -0.5512 -0.5035 -0.6653
vn -0.6473 -0.5053 -0.5706
vn -0.6473 -0.5054 -0.5707
vn -0.7284 -0.5068 -0.4611
vn -0.7283 -0.5068 -0.4612
vn -0.7921 -0.5077 -0.3388
vn -0.7920 -0.5077 -0.3390
vn -0.8361 -0.5081 -0.2067
vn -0.8361 -0.5081 -0.2069
vn -0.8585 -0.5081 -0.0690
vn -0.8585 -0.5081 -0.0691
vn -0.0691 -0.4015 -0.9133
vn -0.0692 -0.4014 -0.9133
vn -0.2074 -0.4025 -0.8916
vn -0.2078 -0.4024 -0.8916
vn -0.3414 -0.4042 -0.8486
vn -0.3417 -0.4041 -0.8485
vn -0.4673 -0.4061 -0.7853
vn -0.4677 -0.4060 -0.7852
vn -0.5825 -0.4079 -0.7030
vn -0.5826 -0.4079 -0.7030
vn -0.6843 -0.4095 -0.6033
vn -0.6842 -0.4096 -0.6034
vn -0.7703 -0.4108 -0.4878
vn -0.7701 -0.4109 -0.4881
vn -0.8379 -0.4115 -0.3587
vn -0.8377 -0.4116 -0.3590
vn -0.8846 -0.4118 -0.2189
vn -0.8844 -0.4120 -0.2193
vn -0.9083 -0.4118 -0.0731
vn -0.9083 -0.4119 -0.0733
vn -0.0749 -0.1345 -0.9881
vn -0.0751 -0.1344 -0.9881
vn -0.2249 -0.1350 -0.9650
vn -0.2253 -0.1349 -0.9649
vn -0.3701 -0.1359 -0.9190
vn -0.3706 -0.1357 -0.9188
vn -0.5069 -0.1367 -0.8511
vn -0.5072 -0.1366 -0.8509
vn -0.6320 -0.1375 -0.7626
vn -0.6322 -0.1374 -0.7625
vn -0.7428 -0.1381 -0.6551
vn -0.7427 -0.1382 -0.6552
vn -0.8365 -0.1385 -0.5302
vn -0.8363 -0.1386 -0.5304
vn -0.9103 -0.1386 -0.3901
vn -0.9100 -0.1388 -0.3906
vn -0.9612 -0.1386 -0.2384
vn -0.9611 -0.1388 -0.2388
vn -0.9871 -0.1385 -0.0796
vn -0.9871 -0.1386 -0.0799
vn -0.0698 0.3895 -0.9184
vn -0.0699 0.3895 -0.9184
vn -0.2094 0.3903 -0.8966
vn -0.2095 0.3904 -0.8965
vn -0.3442 0.3916 -0.8533
vn -0.3444 0.3916 -0.8532
vn -0.4708 0.3931 -0.7898
vn -0.4709 0.3932 -0.7897
vn -0.5864 0.3948 -0.7073
vn -0.6885 0.3964 -0.6073
vn -0.6884 0.3964 -0.6074
vn -0.7747 0.3979 -0.4914
vn -0.7747 0.3978 -0.4916
vn -0.8426 0.3989 -0.3617
vn -0.8426 0.3989 -0.3619
vn -0.8896 0.3996 -0.2210
vn -0.8896 0.3995 -0.2213
vn -0.9136 0.3998 -0.0739
vn -0.9136 0.3997 -0.0740
vn -0.0666 0.9978 0.0054
vn -0.0649 0.9978 0.0160
vn -0.0615 0.9978 0.0263
vn -0.0567 0.9977 0.0359
vn -0.0505 0.9977 0.0445
vn -0.0432 0.9977 0.0521
vn -0.0348 0.9977 0.0585
vn -0.0255 0.9977 0.0635
vn -0.0155 0.9976 0.0669
vn -0.0052 0.9976 0.0687
vn -0.3023 0.9529 0.0243
vn -0.2945 0.9529 0.0727
vn -0.2792 0.9528 0.1193
vn -0.2572 0.9526 0.1627
vn -0.2291 0.9522 0.2020
vn -0.1957 0.9518 0.2362
vn -0.1957 0.9518 0.2363
vn -0.1575 0.9513 0.2650
vn -0.1154 0.9508 0.2874
vn -0.0703 0.9504 0.3029
vn -0.0703 0.9504 0.3030
vn -0.0234 0.9501 0.3109
vn -0.0235 0.9501 0.3109
vn -0.7448 0.6646 0.0598
vn -0.7255 0.6645 0.1792
vn -0.6875 0.6640 0.2939
vn -0.6326 0.6631 0.4003
vn -0.6326 0.6631 0.4002
vn -0.5625 0.6616 0.4958
vn -0.4793 0.6598 0.5787
vn -0.3849 0.6578 0.6474
vn -0.2814 0.6559 0.7005
vn -0.1710 0.6542 0.7367
vn -0.0570 0.6531 0.7551
vn -0.9968 0.0028 0.0800
vn -0.9708 0.0028 0.2398
vn -0.9195 0.0027 0.3930
vn -0.9195 0.0028 0.3931
vn -0.8450 0.0027 0.5347
vn -0.7502 0.0027 0.6612
vn -0.6379 0.0027 0.7701
vn -0.5111 0.0027 0.8595
vn -0.3727 0.0027 0.9279
vn -0.3728 0.0027 0.9279
vn -0.2261 0.0027 0.9741
vn -0.2262 0.0027 0.9741
vn -0.0752 0.0027 0.9972
vn -0.9225 -0.3788 0.0741
vn -0.8985 -0.3788 0.2220
vn -0.8511 -0.3785 0.3638
vn -0.8511 -0.3784 0.3639
vn -0.7825 -0.3777 0.4951
vn -0.7824 -0.3776 0.4952
vn -0.6950 -0.3764 0.6126
vn -0.5914 -0.3749 0.7140
vn -0.5914 -0.3749 0.7139
vn -0.4742 -0.3731 0.7974
vn -0.4743 -0.3731 0.7974
vn -0.3461 -0.3714 0.8616
vn -0.3462 -0.3714 0.8615
vn -0.2101 -0.3699 0.9050
vn -0.2102 -0.3699 0.9050
vn -0.0699 -0.3689 0.9268
vn -0.0700 -0.3689 0.9268
vn -0.8619 -0.5024 0.0692
vn -0.8619 -0.5024 0.0693
vn -0.8394 -0.5024 0.2074
vn -0.8394 -0.5024 0.2075
vn -0.7952 -0.5020 0.3400
vn -0.7952 -0.5020 0.3401
vn -0.7313 -0.5011 0.4628
vn -0.7312 -0.5010 0.4629
vn -0.6498 -0.4996 0.5728
vn -0.5533 -0.4978 0.6679
vn -0.4439 -0.4958 0.7464
vn -0.4440 -0.4958 0.7463
vn -0.3242 -0.4937 0.8069
vn -0.3243 -0.4938 0.8068
vn -0.1969 -0.4920 0.8480
vn -0.1970 -0.4920 0.8480
vn -0.0656 -0.4909 0.8687
vn -0.8585 -0.5081 0.0690
vn -0.8585 -0.5081 0.0691
vn -0.8361 -0.5081 0.2067
vn -0.8361 -0.5080 0.2069
vn -0.7921 -0.5077 0.3388
vn -0.7920 -0.5077 0.3390
vn -0.7284 -0.5068 0.4611
vn -0.7283 -0.5068 0.4612
vn -0.6473 -0.5054 0.5706
vn -0.6473 -0.5053 0.5707
vn -0.5512 -0.5035 0.6653
vn -0.4423 -0.5015 0.7435
vn -0.4424 -0.5015 0.7435
vn -0.3231 -0.4994 0.8038
vn -0.3233 -0.4995 0.8037
vn -0.1963 -0.4977 0.8449
vn -0.1965 -0.4977 0.8448
vn -0.0654 -0.4965 0.8655
vn -0.0655 -0.4966 0.8655
vn -0.9083 -0.4119 0.0731
vn -0.9083 -0.4118 0.0733
vn -0.8845 -0.4119 0.2189
vn -0.8845 -0.4118 0.2193
vn -0.8378 -0.4116 0.3586
vn -0.8377 -0.4115 0.3590
vn -0.7703 -0.4109 0.4878
vn -0.7701 -0.4107 0.4881
vn -0.6843 -0.4096 0.6033
vn -0.6842 -0.4095 0.6034
vn -0.5825 -0.4079 0.7031
vn -0.5826 -0.4079 0.7030
vn -0.4674 -0.4060 0.7853
vn -0.4676 -0.4061 0.7851
vn -0.3414 -0.4041 0.8486
vn -0.3417 -0.4042 0.8484
vn -0.2074 -0.4024 0.8916
vn -0.2078 -0.4026 0.8915
vn -0.0691 -0.4014 0.9133
vn -0.0692 -0.4015 0.9133
vn -0.9871 -0.1386 0.0796
vn -0.9871 -0.1385 0.0799
vn -0.9612 -0.1388 0.2384
vn -0.9611 -0.1386 0.2388
vn -0.9103 -0.1388 0.3901
vn -0.9101 -0.1386 0.3906
vn -0.8365 -0.1386 0.5302
vn -0.8363 -0.1385 0.5305
vn -0.7428 -0.1382 0.6551
vn -0.7427 -0.1381 0.6552
vn -0.6320 -0.1374 0.7626
vn -0.6322 -0.1375 0.7625
vn -0.5069 -0.1366 0.8511
vn -0.5072 -0.1367 0.8509
vn -0.3701 -0.1357 0.9190
vn -0.3706 -0.1359 0.9188
vn -0.2249 -0.1349 0.9650
vn -0.2253 -0.1351 0.9649
vn -0.0749 -0.1344 0.9881
vn -0.0751 -0.1345 0.9881
vn -0.9136 0.3997 0.0739
vn -0.9136 0.3998 0.0740
vn -0.8897 0.3995 0.2211
vn -0.8896 0.3996 0.2213
vn -0.8427 0.3989 0.3617
vn -0.8426 0.3989 0.3619
vn -0.7748 0.3978 0.4914
vn -0.7746 0.3979 0.4916
vn -0.6885 0.3964 0.6073
vn -0.6884 0.3964 0.6074
vn -0.5864 0.3948 0.7073
vn -0.4708 0.3932 0.7898
vn -0.4709 0.3932 0.7897
vn -0.3442 0.3917 0.8533
vn -0.3444 0.3916 0.8533
vn -0.2093 0.3904 0.8965
vn -0.2095 0.3903 0.8965
vn -0.0698 0.3895 0.9184
vn -0.0699 0.3895 0.9184
vn 0.0052 0.9976 0.0687
vn 0.0155 0.9976 0.0669
vn 0.0255 0.9977 0.0635
vn 0.0348 0.9977 0.0585
vn 0.0432 0.9977 0.0521
vn 0.0505 0.9977 0.0445
vn 0.0567 0.9977 0.0359
vn 0.0615 0.9978 0.0263
vn 0.0649 0.9978 0.0160
vn 0.0666 0.9978 0.0054
vn 0.0234 0.9501 0.3109
vn 0.0235 0.9501 0.3109
vn 0.0703 0.9504 0.3029
vn 0.0703 0.9504 0.3030
vn 0.1154 0.9508 0.2874
vn 0.1575 0.9513 0.2650
vn 0.1957 0.9518 0.2363
vn 0.1957 0.9518 0.2362
vn 0.2291 0.9522 0.2020
vn 0.2291 0.9522 0.2019
vn 0.2572 0.9526 0.1627
vn 0.2792 0.9528 0.1193
vn 0.2945 0.9529 0.0727
vn 0.3023 0.9529 0.0243
vn 0.0570 0.6531 0.7551
vn 0.1710 0.6542 0.7367
vn 0.2814 0.6559 0.7005
vn 0.3849 0.6578 0.6474
vn 0.4793 0.6598 0.5787
vn 0.5625 0.6616 0.4958
vn 0.6326 0.6631 0.4002
vn 0.6875 0.6641 0.2938
vn 0.6875 0.6640 0.2939
vn 0.7255 0.6645 0.1792
vn 0.7448 0.6646 0.0598
vn 0.0752 0.0027 0.9972
vn 0.2261 0.0027 0.9741
vn 0.2262 0.0027 0.9741
vn 0.3727 0.0027 0.9279
vn 0.3728 0.0027 0.9279
vn 0.5111 0.0027 0.8595
vn 0.6379 0.0027 0.7701
vn 0.7502 0.0027 0.6612
vn 0.8450 0.0027 0.5347
vn 0.9195 0.0028 0.3930
vn 0.9195 0.0027 0.3931
vn 0.9708 0.0028 0.2398
vn 0.9968 0.0028 0.0800
vn 0.0699 -0.3689 0.9268
vn 0.0700 -0.3689 0.9268
vn 0.2101 -0.3699 0.9050
vn 0.2102 -0.3699 0.9050
vn 0.3461 -0.3714 0.8616
vn 0.3462 -0.3714 0.8615
vn 0.4742 -0.3731 0.7974
vn 0.4743 -0.3731 0.7974
vn 0.5914 -0.3749 0.7139
vn 0.5914 -0.3748 0.7139
vn 0.6950 -0.3764 0.6126
vn 0.7825 -0.3776 0.4951
vn 0.7824 -0.3777 0.4952
vn 0.8511 -0.3784 0.3638
vn 0.8511 -0.3785 0.3639
vn 0.8985 -0.3788 0.2220
vn 0.8984 -0.3788 0.2220
vn 0.9225 -0.3788 0.0741
vn 0.0656 -0.4909 0.8687
vn 0.1969 -0.4920 0.8480
vn 0.1970 -0.4920 0.8480
vn 0.3242 -0.4938 0.8069
vn 0.3243 -0.4937 0.8069
vn 0.4439 -0.4958 0.7464
vn 0.4440 -0.4958 0.7464
vn 0.5533 -0.4978 0.6679
vn 0.6498 -0.4996 0.5728
vn 0.7313 -0.5010 0.4628
vn 0.7312 -0.5011 0.4629
vn 0.7953 -0.5020 0.3400
vn 0.7952 -0.5020 0.3401
vn 0.8394 -0.5024 0.2074
vn 0.8394 -0.5024 0.2075
vn 0.8619 -0.5024 0.0692
vn 0.8619 -0.5024 0.0693
vn 0.0654 -0.4966 0.8655
vn 0.0655 -0.4965 0.8655
vn 0.1963 -0.4977 0.8448
vn 0.1965 -0.4977 0.8448
vn 0.3231 -0.4995 0.8038
vn 0.3233 -0.4994 0.8038
vn 0.4423 -0.5015 0.7435
vn 0.4425 -0.5015 0.7435
vn 0.5512 -0.5035 0.6653
vn 0.6473 -0.5053 0.5706
vn 0.6473 -0.5054 0.5707
vn 0.7284 -0.5068 0.4611
vn 0.7283 -0.5068 0.4612
vn 0.7921 -0.5077 0.3388
vn 0.7920 -0.5077 0.3390
vn 0.8361 -0.5081 0.2067
vn 0.8361 -0.5081 0.2069
vn 0.8585 -0.5081 0.0690
vn 0.8585 -0.5081 0.0691
vn 0.0691 -0.4015 0.9133
vn 0.0692 -0.4014 0.9133
vn 0.2074 -0.4025 0.8916
vn 0.2078 -0.4024 0.8916
vn 0.3414 -0.4042 0.8486
vn 0.3417 -0.4041 0.8485
vn 0.4673 -0.4061 0.7853
vn 0.4677 -0.4060 0.7852
vn 0.5825 -0.4079 0.7030
vn 0.5826 -0.4079 0.7030
vn 0.6843 -0.4095 0.6033
vn 0.6842 -0.4096 0.6034
vn 0.7703 -0.4108 0.4878
vn 0.7701 -0.4109 0.4881
vn 0.8379 -0.4115 0.3587
vn 0.8377 -0.4116 0.3590
vn 0.8846 -0.4118 0.2189
vn 0.8844 -0.4120 0.2193
vn 0.9083 -0.4118 0.0731
vn 0.9083 -0.4119 0.0733
vn 0.0749 -0.1345 0.9881
vn 0.0751 -0.1344 0.9881
vn 0.2249 -0.1350 0.9650
vn 0.2253 -0.1349 0.9649
vn 0.3701 -0.1359 0.9190
vn 0.3706 -0.1357 0.9188
vn 0.5069 -0.1367 0.8511
vn 0.5072 -0.1366 0.8509
vn 0.6320 -0.1375 0.7626
vn 0.6322 -0.1374 0.7625
vn 0.7428 -0.1381 0.6551
vn 0.7427 -0.1382 0.6552
vn 0.8365 -0.1385 0.5302
vn 0.8363 -0.1386 0.5304
vn 0.9103 -0.1386 0.3901
vn 0.9100 -0.1388 0.3906
vn 0.9612 -0.1386 0.2384
vn 0.9611 -0.1388 0.2388
vn 0.9871 -0.1385 0.0796
vn 0.9871 -0.1386 0.0799
vn 0.0698 0.3895 0.9184
vn 0.0699 0.3895 0.9184
vn 0.2094 0.3903 0.8966
vn 0.2095 0.3904 0.8965
vn 0.3442 0.3916 0.8533
vn 0.3444 0.3916 0.8532
vn 0.4708 0.3931 0.7898
vn 0.4709 0.3932 0.7897
vn 0.5864 0.3948 0.7073
vn 0.6885 0.3964 0.6073
vn 0.6884 0.3964 0.6074
vn 0.7747 0.3979 0.4914
vn 0.7747 0.3978 0.4916
vn 0.8426 0.3989 0.3617
vn 0.8426 0.3989 0.3619
vn 0.8896 0.3996 0.2210
vn 0.8896 0.3995 0.2213
vn 0.9136 0.3998 0.0739
vn 0.9136 0.3997 0.0740
vn 0.6145 0.7873 -0.0498
vn 0.5985 0.7872 -0.1488
vn 0.5672 0.7867 -0.2436
vn 0.5222 0.7858 -0.3314
vn 0.4649 0.7846 -0.4102
vn 0.3969 0.7831 -0.4787
vn 0.3195 0.7816 -0.5358
vn 0.2342 0.7801 -0.5802
vn 0.1428 0.7788 -0.6108
vn 0.0477 0.7780 -0.6264
vn 0.4151 0.9092 -0.0336
vn 0.4042 0.9091 -0.1005
vn 0.3833 0.9089 -0.1646
vn 0.3530 0.9084 -0.2240
vn 0.3146 0.9077 -0.2776
vn 0.3146 0.9077 -0.2775
vn 0.2688 0.9070 -0.3242
vn 0.2166 0.9061 -0.3633
vn 0.1590 0.9053 -0.3938
vn 0.1589 0.9053 -0.3938
vn 0.0970 0.9047 -0.4150
vn 0.0324 0.9042 -0.4258
vn 0.3032 0.9526 -0.0246
vn 0.2953 0.9526 -0.0734
vn 0.2800 0.9524 -0.1202
vn 0.2580 0.9522 -0.1637
vn 0.2300 0.9518 -0.2029
vn 0.1966 0.9514 -0.2371
vn 0.1585 0.9509 -0.2658
vn 0.1163 0.9505 -0.2882
vn 0.0710 0.9501 -0.3038
vn 0.0237 0.9498 -0.3118
vn 0.2451 0.9693 -0.0198
vn 0.2387 0.9693 -0.0594
vn 0.2263 0.9692 -0.0972
vn 0.2086 0.9690 -0.1323
vn 0.1859 0.9688 -0.1640
vn 0.1590 0.9685 -0.1918
vn 0.1590 0.9685 -0.1917
vn 0.1282 0.9682 -0.2150
vn 0.0941 0.9679 -0.2332
vn 0.0574 0.9676 -0.2458
vn 0.0192 0.9675 -0.2523
vn 0.2230 0.9747 -0.0181
vn 0.2172 0.9746 -0.0540
vn 0.2059 0.9746 -0.0884
vn 0.1898 0.9744 -0.1204
vn 0.1692 0.9742 -0.1493
vn 0.1447 0.9740 -0.1745
vn 0.1166 0.9737 -0.1956
vn 0.0856 0.9735 -0.2122
vn 0.0523 0.9733 -0.2237
vn 0.0175 0.9731 -0.2296
vn 0.2317 0.9726 -0.0188
vn 0.2256 0.9726 -0.0561
vn 0.2140 0.9725 -0.0919
vn 0.1972 0.9724 -0.1251
vn 0.1758 0.9721 -0.1551
vn 0.1503 0.9719 -0.1813
vn 0.1212 0.9716 -0.2032
vn 0.0890 0.9713 -0.2205
vn 0.0543 0.9711 -0.2324
vn 0.0182 0.9710 -0.2386
vn 0.2766 0.9607 -0.0224
vn 0.2694 0.9607 -0.0670
vn 0.2554 0.9606 -0.1097
vn 0.2354 0.9604 -0.1494
vn 0.2098 0.9601 -0.1851
vn 0.1794 0.9597 -0.2164
vn 0.1446 0.9593 -0.2425
vn 0.1062 0.9589 -0.2630
vn 0.0648 0.9586 -0.2773
vn 0.0217 0.9584 -0.2846
vn 0.3788 0.9250 -0.0307
vn 0.3689 0.9249 -0.0918
vn 0.3498 0.9247 -0.1502
vn 0.3222 0.9243 -0.2045
vn 0.3223 0.9243 -0.2045
vn 0.2872 0.9238 -0.2534
vn 0.2455 0.9231 -0.2960
vn 0.1978 0.9224 -0.3317
vn 0.1452 0.9217 -0.3597
vn 0.0886 0.9211 -0.3790
vn 0.0296 0.9208 -0.3890
vn 0.5896 0.8063 -0.0477
vn 0.5742 0.8062 -0.1428
vn 0.5442 0.8057 -0.2337
vn 0.5011 0.8049 -0.3179
vn 0.4462 0.8037 -0.3936
vn 0.3809 0.8024 -0.4595
vn 0.3067 0.8009 -0.5143
vn 0.2248 0.7995 -0.5570
vn 0.1371 0.7983 -0.5865
vn 0.0458 0.7975 -0.6016
vn 0.9227 0.3782 -0.0747
vn 0.8984 0.3780 -0.2234
vn 0.8509 0.3775 -0.3654
vn 0.7822 0.3766 -0.4963
vn 0.7822 0.3766 -0.4964
vn 0.6951 0.3752 -0.6132
vn 0.5920 0.3737 -0.7140
vn 0.4754 0.3721 -0.7972
vn 0.3476 0.3705 -0.8613
vn 0.2115 0.3692 -0.9050
vn 0.2115 0.3691 -0.9050
vn 0.0705 0.3683 -0.9270
vn -0.0477 0.7780 -0.6264
vn -0.1428 0.7788 -0.6108
vn -0.2342 0.7801 -0.5802
vn -0.3195 0.7816 -0.5358
vn -0.3969 0.7831 -0.4787
vn -0.4649 0.7846 -0.4102
vn -0.5222 0.7858 -0.3314
vn -0.5672 0.7867 -0.2436
vn -0.5985 0.7872 -0.1488
vn -0.6145 0.7873 -0.0498
vn -0.0324 0.9042 -0.4258
vn -0.0970 0.9047 -0.4150
vn -0.0970 0.9047 -0.4149
vn -0.1590 0.9053 -0.3938
vn -0.1589 0.9053 -0.3938
vn -0.2166 0.9061 -0.3633
vn -0.2688 0.9070 -0.3242
vn -0.3146 0.9077 -0.2775
vn -0.3146 0.9077 -0.2776
vn -0.3530 0.9084 -0.2240
vn -0.3833 0.9089 -0.1646
vn -0.4042 0.9091 -0.1005
vn -0.4151 0.9092 -0.0336
vn -0.0237 0.9498 -0.3118
vn -0.0710 0.9501 -0.3038
vn -0.1163 0.9505 -0.2882
vn -0.1585 0.9509 -0.2658
vn -0.1966 0.9514 -0.2371
vn -0.2300 0.9518 -0.2029
vn -0.2580 0.9522 -0.1637
vn -0.2800 0.9524 -0.1202
vn -0.2953 0.9526 -0.0734
vn -0.3032 0.9526 -0.0246
vn -0.0192 0.9675 -0.2523
vn -0.0574 0.9676 -0.2458
vn -0.0941 0.9679 -0.2332
vn -0.1282 0.9682 -0.2150
vn -0.1590 0.9685 -0.1918
vn -0.1590 0.9685 -0.1917
vn -0.1859 0.9688 -0.1640
vn -0.2086 0.9690 -0.1323
vn -0.2263 0.9692 -0.0972
vn -0.2387 0.9693 -0.0594
vn -0.2451 0.9693 -0.0198
vn -0.0175 0.9731 -0.2296
vn -0.0523 0.9733 -0.2237
vn -0.0856 0.9735 -0.2122
vn -0.1166 0.9737 -0.1956
vn -0.1447 0.9740 -0.1745
vn -0.1692 0.9742 -0.1493
vn -0.1898 0.9744 -0.1204
vn -0.2059 0.9746 -0.0884
vn -0.2172 0.9746 -0.0540
vn -0.2230 0.9747 -0.0181
vn -0.0182 0.9710 -0.2386
vn -0.0543 0.9711 -0.2324
vn -0.0890 0.9713 -0.2205
vn -0.1212 0.9716 -0.2032
vn -0.1503 0.9719 -0.1813
vn -0.1758 0.9721 -0.1551
vn -0.1972 0.9724 -0.1251
vn -0.2140 0.9725 -0.0919
vn -0.2256 0.9726 -0.0561
vn -0.2317 0.9726 -0.0188
vn -0.0217 0.9584 -0.2846
vn -0.0648 0.9586 -0.2773
vn -0.1062 0.9589 -0.2630
vn -0.1446 0.9593 -0.2425
vn -0.1794 0.9597 -0.2164
vn -0.2098 0.9601 -0.1851
vn -0.2354 0.9604 -0.1494
vn -0.2554 0.9606 -0.1097
vn -0.2694 0.9607 -0.0670
vn -0.2766 0.9607 -0.0224
vn -0.0296 0.9208 -0.3890
vn -0.0886 0.9211 -0.3790
vn -0.1452 0.9217 -0.3597
vn -0.1978 0.9224 -0.3317
vn -0.2455 0.9231 -0.2960
vn -0.2872 0.9238 -0.2534
vn -0.3223 0.9243 -0.2045
vn -0.3222 0.9243 -0.2045
vn -0.3498 0.9247 -0.1502
vn -0.3689 0.9249 -0.0918
vn -0.3788 0.9250 -0.0307
vn -0.0458 0.7975 -0.6016
vn -0.1371 0.7983 -0.5865
vn -0.2248 0.7995 -0.5570
vn -0.3067 0.8009 -0.5143
vn -0.3809 0.8024 -0.4594
vn -0.3809 0.8024 -0.4595
vn -0.4462 0.8037 -0.3936
vn -0.5011 0.8049 -0.3179
vn -0.5011 0.8049 -0.3180
vn -0.5442 0.8057 -0.2337
vn -0.5742 0.8062 -0.1428
vn -0.5896 0.8063 -0.0477
vn -0.0705 0.3683 -0.9270
vn -0.2115 0.3692 -0.9050
vn -0.2115 0.3691 -0.9050
vn -0.3476 0.3705 -0.8613
vn -0.4754 0.3721 -0.7972
vn -0.5920 0.3737 -0.7140
vn -0.6951 0.3753 -0.6132
vn -0.6951 0.3752 -0.6132
vn -0.7822 0.3766 -0.4963
vn -0.8509 0.3775 -0.3654
vn -0.8984 0.3780 -0.2234
vn -0.9227 0.3782 -0.0747
vn -0.6145 0.7873 0.0498
vn -0.5985 0.7872 0.1488
vn -0.5672 0.7867 0.2436
vn -0.5222 0.7858 0.3314
vn -0.4649 0.7846 0.4102
vn -0.3969 0.7831 0.4787
vn -0.3195 0.7816 0.5358
vn -0.2342 0.7801 0.5802
vn -0.1428 0.7788 0.6108
vn -0.0477 0.7780 0.6264
vn -0.4151 0.9092 0.0336
vn -0.4042 0.9091 0.1005
vn -0.3833 0.9089 0.1646
vn -0.3530 0.9084 0.2240
vn -0.3146 0.9077 0.2776
vn -0.3146 0.9077 0.2775
vn -0.2688 0.9070 0.3242
vn -0.2166 0.9061 0.3633
vn -0.1590 0.9053 0.3938
vn -0.1589 0.9053 0.3938
vn -0.0970 0.9047 0.4150
vn -0.0324 0.9042 0.4258
vn -0.3032 0.9526 0.0246
vn -0.2953 0.9526 0.0734
vn -0.2800 0.9524 0.1202
vn -0.2580 0.9522 0.1637
vn -0.2300 0.9518 0.2029
vn -0.1966 0.9514 0.2371
vn -0.1585 0.9509 0.2658
vn -0.1163 0.9505 0.2882
vn -0.0710 0.9501 0.3038
vn -0.0237 0.9498 0.3118
vn -0.2451 0.9693 0.0198
vn -0.2387 0.9693 0.0594
vn -0.2263 0.9692 0.0972
vn -0.2086 0.9690 0.1323
vn -0.1859 0.9688 0.1640
vn -0.1590 0.9685 0.1918
vn -0.1590 0.9685 0.1917
vn -0.1282 0.9682 0.2150
vn -0.0941 0.9679 0.2332
vn -0.0574 0.9676 0.2458
vn -0.0192 0.9675 0.2523
vn -0.2230 0.9747 0.0181
vn -0.2172 0.9746 0.0540
vn -0.2059 0.9746 0.0884
vn -0.1898 0.9744 0.1204
vn -0.1692 0.9742 0.1493
vn -0.1447 0.9740 0.1745
vn -0.1166 0.9737 0.1956
vn -0.0856 0.9735 0.2122
vn -0.0523 0.9733 0.2237
vn -0.0175 0.9731 0.2296
vn -0.2317 0.9726 0.0188
vn -0.2256 0.9726 0.0561
vn -0.2140 0.9725 0.0919
vn -0.1972 0.9724 0.1251
vn -0.1758 0.9721 0.1551
vn -0.1503 0.9719 0.1813
vn -0.1212 0.9716 0.2032
vn -0.0890 0.9713 0.2205
vn -0.0543 0.9711 0.2324
vn -0.0182 0.9710 0.2386
vn -0.2766 0.9607 0.0224
vn -0.2694 0.9607 0.0670
vn -0.2554 0.9606 0.1097
vn -0.2354 0.9604 0.1494
vn -0.2098 0.9601 0.1851
vn -0.1794 0.9597 0.2164
vn -0.1446 0.9593 0.2425
vn -0.1062 0.9589 0.2630
vn -0.0648 0.9586 0.2773
vn -0.0217 0.9584 0.2846
vn -0.3788 0.9250 0.0307
vn -0.3689 0.9249 0.0918
vn -0.3498 0.9247 0.1502
vn -0.3222 0.9243 0.2045
vn -0.3223 0.9243 0.2045
vn -0.2872 0.9238 0.2534
vn -0.2455 0.9231 0.2960
vn -0.1978 0.9224 0.3317
vn -0.1452 0.9217 0.3597
vn -0.0886 0.9211 0.3790
vn -0.0296 0.9208 0.3890
vn -0.5896 0.8063 0.0477
vn -0.5742 0.8062 0.1428
vn -0.5442 0.8057 0.2337
vn -0.5011 0.8049 0.3179
vn -0.4462 0.8037 0.3936
vn -0.3809 0.8024 0.4595
vn -0.3067 0.8009 0.5143
vn -0.2248 0.7995 0.5570
vn -0.1371 0.7983 0.5865
vn -0.0458 0.7975 0.6016
vn -0.9227 0.3782 0.0747
vn -0.8984 0.3780 0.2234
vn -0.8509 0.3775 0.3654
vn -0.7822 0.3766 0.4963
vn -0.7822 0.3766 0.4964
vn -0.6951 0.3752 0.6132
vn -0.5920 0.3737 0.7140
vn -0.4754 0.3721 0.7972
vn -0.3476 0.3705 0.8613
vn -0.2115 0.3692 0.9050
vn -0.0705 0.3683 0.9270
vn 0.0477 0.7780 0.6264
vn 0.1428 0.7788 0.6108
vn 0.2342 0.7801 0.5802
vn 0.3195 0.7816 0.5358
vn 0.3969 0.7831 0.4787
vn 0.4649 0.7846 0.4102
vn 0.5222 0.7858 0.3314
vn 0.5672 0.7867 0.2436
vn 0.5985 0.7872 0.1488
vn 0.6145 0.7873 0.0498
vn 0.0324 0.9042 0.4258
vn 0.0970 0.9047 0.4150
vn 0.0970 0.9047 0.4149
vn 0.1590 0.9053 0.3938
vn 0.1589 0.9053 0.3938
vn 0.2166 0.9061 0.3633
vn 0.2688 0.9070 0.3242
vn 0.3146 0.9077 0.2775
vn 0.3146 0.9077 0.2776
vn 0.3530 0.9084 0.2240
vn 0.3833 0.9089 0.1646
vn 0.4042 0.9091 0.1005
vn 0.4151 0.9092 0.0336
vn 0.0237 0.9498 0.3118
vn 0.0710 0.9501 0.3038
vn 0.1163 0.9505 0.2882
vn 0.1585 0.9509 0.2658
vn 0.1966 0.9514 0.2371
vn 0.2300 0.9518 0.2029
vn 0.2580 0.9522 0.1637
vn 0.2800 0.9524 0.1202
vn 0.2953 0.9526 0.0734
vn 0.3032 0.9526 0.0246
vn 0.0192 0.9675 0.2523
vn 0.0574 0.9676 0.2458
vn 0.0941 0.9679 0.2332
vn 0.1282 0.9682 0.2150
vn 0.1590 0.9685 0.1918
vn 0.1590 0.9685 0.1917
vn 0.1859 0.9688 0.1640
vn 0.2086 0.9690 0.1323
vn 0.2263 0.9692 0.0972
vn 0.2387 0.9693 0.0594
vn 0.2451 0.9693 0.0198
vn 0.0175 0.9731 0.2296
vn 0.0523 0.9733 0.2237
vn 0.0856 0.9735 0.2122
vn 0.1166 0.9737 0.1956
vn 0.1447 0.9740 0.1745
vn 0.1692 0.9742 0.1493
vn 0.1898 0.9744 0.1204
vn 0.2059 0.9746 0.0884
vn 0.2172 0.9746 0.0540
vn 0.2230 0.9747 0.0181
vn 0.0182 0.9710 0.2386
vn 0.0543 0.9711 0.2324
vn 0.0890 0.9713 0.2205
vn 0.1212 0.9716 0.2032
vn 0.1503 0.9719 0.1813
vn 0.1758 0.9721 0.1551
vn 0.1972 0.9724 0.1251
vn 0.2140 0.9725 0.0919
vn 0.2256 0.9726 0.0561
vn 0.2317 0.9726 0.0188
vn 0.0217 0.9584 0.2846
vn 0.0648 0.9586 0.2773
vn 0.1062 0.9589 0.2630
vn 0.1446 0.9593 0.2425
vn 0.1794 0.9597 0.2164
vn 0.2098 0.9601 0.1851
vn 0.2354 0.9604 0.1494
vn 0.2554 0.9606 0.1097
vn 0.2694 0.9607 0.0670
vn 0.2766 0.9607 0.0224
vn 0.0296 0.9208 0.3890
vn 0.0886 0.9211 0.3790
vn 0.1452 0.9217 0.3597
vn 0.1978 0.9224 0.3317
vn 0.2455 0.9231 0.2960
vn 0.2872 0.9238 0.2534
vn 0.3223 0.9243 0.2045
vn 0.3222 0.9243 0.2045
vn 0.3498 0.9247 0.1502
vn 0.3689 0.9249 0.0918
vn 0.3788 0.9250 0.0307
vn 0.0458 0.7975 0.6016
vn 0.1371 0.7983 0.5865
vn 0.2248 0.7995 0.5570
vn 0.3067 0.8009 0.5143
vn 0.3809 0.8024 0.4594
vn 0.3809 0.8024 0.4595
vn 0.4462 0.8037 0.3936
vn 0.5011 0.8049 0.3179
vn 0.5011 0.8049 0.3180
vn 0.5442 0.8057 0.2337
vn 0.5742 0.8062 0.1428
vn 0.5896 0.8063 0.0477
vn 0.0705 0.3683 0.9270
vn 0.2115 0.3692 0.9050
vn 0.2115 0.3691 0.9050
vn 0.3476 0.3705 0.8613
vn 0.4754 0.3721 0.7972
vn 0.5920 0.3737 0.7140
vn 0.6951 0.3753 0.6132
vn 0.6951 0.3752 0.6132
vn 0.7822 0.3766 0.4963
vn 0.8509 0.3775 0.3654
vn 0.8984 0.3780 0.2234
vn 0.9227 0.3782 0.0747
vn 0.0085 -1.0000 0.0007
vn 0.0083 -1.0000 0.0021
vn 0.0079 -1.0000 0.0034
vn 0.0072 -1.0000 0.0046
vn 0.0065 -1.0000 0.0057
vn 0.0055 -1.0000 0.0067
vn 0.0045 -1.0000 0.0075
vn 0.0033 -1.0000 0.0081
vn 0.0020 -1.0000 0.0085
vn 0.0007 -1.0000 0.0088
vn 0.0300 -0.9995 0.0024
vn 0.0292 -0.9995 0.0073
vn 0.0277 -0.9995 0.0119
vn 0.0255 -0.9995 0.0162
vn 0.0256 -0.9995 0.0162
vn 0.0228 -0.9995 0.0201
vn 0.0195 -0.9995 0.0235
vn 0.0157 -0.9995 0.0264
vn 0.0115 -0.9995 0.0286
vn 0.0070 -0.9995 0.0302
vn 0.0024 -0.9995 0.0310
vn 0.0598 -0.9982 0.0048
vn 0.0582 -0.9982 0.0145
vn 0.0552 -0.9982 0.0237
vn 0.0509 -0.9982 0.0323
vn 0.0454 -0.9982 0.0400
vn 0.0388 -0.9981 0.0468
vn 0.0313 -0.9981 0.0525
vn 0.0230 -0.9981 0.0570
vn 0.0140 -0.9981 0.0601
vn 0.0047 -0.9981 0.0617
vn 0.1025 -0.9947 0.0083
vn 0.0999 -0.9947 0.0248
vn 0.0947 -0.9947 0.0407
vn 0.0873 -0.9946 0.0554
vn 0.0778 -0.9946 0.0687
vn 0.0666 -0.9945 0.0803
vn 0.0537 -0.9945 0.0900
vn 0.0394 -0.9944 0.0977
vn 0.0241 -0.9944 0.1030
vn 0.0080 -0.9944 0.1057
vn 0.1668 -0.9859 0.0135
vn 0.1624 -0.9859 0.0404
vn 0.1540 -0.9859 0.0662
vn 0.1419 -0.9858 0.0901
vn 0.1266 -0.9857 0.1117
vn 0.1082 -0.9855 0.1305
vn 0.0873 -0.9854 0.1464
vn 0.0641 -0.9852 0.1588
vn 0.0391 -0.9851 0.1674
vn 0.0131 -0.9850 0.1719
vn 0.2676 -0.9633 0.0217
vn 0.2606 -0.9633 0.0648
vn 0.2471 -0.9632 0.1061
vn 0.2277 -0.9629 0.1445
vn 0.2030 -0.9627 0.1791
vn 0.1736 -0.9623 0.2093
vn 0.1399 -0.9620 0.2347
vn 0.1027 -0.9616 0.2545
vn 0.0627 -0.9613 0.2683
vn 0.0210 -0.9611 0.2754
vn 0.4297 -0.9023 0.0348
vn 0.4185 -0.9023 0.1041
vn 0.3967 -0.9020 0.1704
vn 0.3654 -0.9015 0.2319
vn 0.3256 -0.9008 0.2873
vn 0.2782 -0.9000 0.3356
vn 0.2242 -0.8991 0.3760
vn 0.1645 -0.8982 0.4075
vn 0.1004 -0.8975 0.4294
vn 0.0335 -0.8971 0.4406
vn 0.6690 -0.7413 0.0542
vn 0.6515 -0.7412 0.1620
vn 0.6174 -0.7406 0.2651
vn 0.5682 -0.7397 0.3606
vn 0.5682 -0.7396 0.3606
vn 0.5058 -0.7383 0.4462
vn 0.4316 -0.7367 0.5206
vn 0.3473 -0.7349 0.5824
vn 0.2545 -0.7333 0.6305
vn 0.1551 -0.7319 0.6636
vn 0.0518 -0.7310 0.6804
vn 0.9027 -0.4239 0.0731
vn 0.8790 -0.4238 0.2186
vn 0.8325 -0.4232 0.3575
vn 0.7654 -0.4222 0.4857
vn 0.6803 -0.4208 0.6002
vn 0.5795 -0.4191 0.6989
vn 0.4654 -0.4173 0.7805
vn 0.3404 -0.4156 0.8434
vn 0.3404 -0.4157 0.8434
vn 0.2071 -0.4142 0.8863
vn 0.0691 -0.4133 0.9080
vn 0.9915 -0.1026 0.0803
vn 0.9653 -0.1026 0.2401
vn 0.9140 -0.1024 0.3925
vn 0.8399 -0.1021 0.5330
vn 0.7460 -0.1017 0.6581
vn 0.6350 -0.1012 0.7659
vn 0.5096 -0.1007 0.8545
vn 0.3724 -0.1002 0.9226
vn 0.2265 -0.0998 0.9689
vn 0.0755 -0.0995 0.9922
vn -0.0007 -1.0000 0.0088
vn -0.0020 -1.0000 0.0085
vn -0.0033 -1.0000 0.0081
vn -0.0045 -1.0000 0.0075
vn -0.0055 -1.0000 0.0067
vn -0.0065 -1.0000 0.0057
vn -0.0072 -1.0000 0.0046
vn -0.0079 -1.0000 0.0034
vn -0.0083 -1.0000 0.0021
vn -0.0085 -1.0000 0.0007
vn -0.0024 -0.9995 0.0310
vn -0.0070 -0.9995 0.0302
vn -0.0115 -0.9995 0.0286
vn -0.0157 -0.9995 0.0264
vn -0.0195 -0.9995 0.0235
vn -0.0228 -0.9995 0.0201
vn -0.0256 -0.9995 0.0162
vn -0.0277 -0.9995 0.0119
vn -0.0292 -0.9995 0.0073
vn -0.0300 -0.9995 0.0024
vn -0.0047 -0.9981 0.0617
vn -0.0140 -0.9981 0.0601
vn -0.0230 -0.9981 0.0570
vn -0.0313 -0.9981 0.0525
vn -0.0388 -0.9981 0.0468
vn -0.0454 -0.9982 0.0400
vn -0.0509 -0.9982 0.0323
vn -0.0552 -0.9982 0.0237
vn -0.0582 -0.9982 0.0145
vn -0.0598 -0.9982 0.0048
vn -0.0080 -0.9944 0.1057
vn -0.0241 -0.9944 0.1030
vn -0.0394 -0.9944 0.0977
vn -0.0537 -0.9945 0.0900
vn -0.0666 -0.9945 0.0803
vn -0.0778 -0.9946 0.0687
vn -0.0873 -0.9946 0.0554
vn -0.0947 -0.9947 0.0407
vn -0.0999 -0.9947 0.0248
vn -0.1025 -0.9947 0.0083
vn -0.0131 -0.9850 0.1719
vn -0.0391 -0.9851 0.1674
vn -0.0641 -0.9852 0.1588
vn -0.0873 -0.9854 0.1464
vn -0.1082 -0.9855 0.1305
vn -0.1266 -0.9857 0.1117
vn -0.1419 -0.9858 0.0901
vn -0.1540 -0.9859 0.0662
vn -0.1624 -0.9859 0.0404
vn -0.1668 -0.9859 0.0135
vn -0.0210 -0.9611 0.2754
vn -0.0627 -0.9613 0.2683
vn -0.1027 -0.9616 0.2545
vn -0.1399 -0.9620 0.2347
vn -0.1736 -0.9623 0.2093
vn -0.2030 -0.9627 0.1791
vn -0.2277 -0.9629 0.1445
vn -0.2471 -0.9632 0.1061
vn -0.2606 -0.9633 0.0648
vn -0.2676 -0.9633 0.0217
vn -0.0335 -0.8971 0.4406
vn -0.1004 -0.8975 0.4294
vn -0.1645 -0.8982 0.4075
vn -0.2242 -0.8991 0.3760
vn -0.2782 -0.9000 0.3356
vn -0.3256 -0.9008 0.2873
vn -0.3654 -0.9015 0.2319
vn -0.3967 -0.9020 0.1704
vn -0.4185 -0.9023 0.1041
vn -0.4297 -0.9023 0.0348
vn -0.0518 -0.7310 0.6804
vn -0.1551 -0.7319 0.6636
vn -0.2545 -0.7333 0.6305
vn -0.3473 -0.7349 0.5824
vn -0.4316 -0.7367 0.5206
vn -0.5058 -0.7383 0.4462
vn -0.5682 -0.7396 0.3606
vn -0.5682 -0.7397 0.3606
vn -0.6174 -0.7406 0.2651
vn -0.6515 -0.7412 0.1620
vn -0.6690 -0.7413 0.0542
vn -0.0691 -0.4133 0.9080
vn -0.2071 -0.4142 0.8863
vn -0.3404 -0.4157 0.8434
vn -0.3404 -0.4156 0.8434
vn -0.4654 -0.4173 0.7805
vn -0.5795 -0.4191 0.6989
vn -0.6803 -0.4208 0.6002
vn -0.7654 -0.4222 0.4857
vn -0.8325 -0.4232 0.3575
vn -0.8790 -0.4238 0.2186
vn -0.9027 -0.4239 0.0731
vn -0.0755 -0.0995 0.9922
vn -0.2265 -0.0998 0.9689
vn -0.3724 -0.1002 0.9226
vn -0.5096 -0.1007 0.8545
vn -0.6350 -0.1012 0.7659
vn -0.7460 -0.1017 0.6581
vn -0.8399 -0.1021 0.5330
vn -0.9140 -0.1024 0.3925
vn -0.9653 -0.1026 0.2401
vn -0.9915 -0.1026 0.0803
vn -0.0085 -1.0000 -0.0007
vn -0.0083 -1.0000 -0.0021
vn -0.0079 -1.0000 -0.0034
vn -0.0072 -1.0000 -0.0046
vn -0.0065 -1.0000 -0.0057
vn -0.0055 -1.0000 -0.0067
vn -0.0045 -1.0000 -0.0075
vn -0.0033 -1.0000 -0.0081
vn -0.0020 -1.0000 -0.0085
vn -0.0007 -1.0000 -0.0088
vn -0.0300 -0.9995 -0.0024
vn -0.0292 -0.9995 -0.0073
vn -0.0277 -0.9995 -0.0119
vn -0.0255 -0.9995 -0.0162
vn -0.0256 -0.9995 -0.0162
vn -0.0228 -0.9995 -0.0201
vn -0.0195 -0.9995 -0.0235
vn -0.0157 -0.9995 -0.0264
vn -0.0115 -0.9995 -0.0286
vn -0.0070 -0.9995 -0.0302
vn -0.0024 -0.9995 -0.0310
vn -0.0598 -0.9982 -0.0048
vn -0.0582 -0.9982 -0.0145
vn -0.0552 -0.9982 -0.0237
vn -0.0509 -0.9982 -0.0323
vn -0.0454 -0.9982 -0.0400
vn -0.0388 -0.9981 -0.0468
vn -0.0313 -0.9981 -0.0525
vn -0.0230 -0.9981 -0.0570
vn -0.0140 -0.9981 -0.0601
vn -0.0047 -0.9981 -0.0617
vn -0.1025 -0.9947 -0.0083
vn -0.0999 -0.9947 -0.0248
vn -0.0947 -0.9947 -0.0407
vn -0.0873 -0.9946 -0.0554
vn -0.0778 -0.9946 -0.0687
vn -0.0666 -0.9945 -0.0803
vn -0.0537 -0.9945 -0.0900
vn -0.0394 -0.9944 -0.0977
vn -0.0241 -0.9944 -0.1030
vn -0.0080 -0.9944 -0.1057
vn -0.1668 -0.9859 -0.0135
vn -0.1624 -0.9859 -0.0404
vn -0.1540 -0.9859 -0.0662
vn -0.1419 -0.9858 -0.0901
vn -0.1266 -0.9857 -0.1117
vn -0.1082 -0.9855 -0.1305
vn -0.0873 -0.9854 -0.1464
vn -0.0641 -0.9852 -0.1588
vn -0.0391 -0.9851 -0.1674
vn -0.0131 -0.9850 -0.1719
vn -0.2676 -0.9633 -0.0217
vn -0.2606 -0.9633 -0.0648
vn -0.2471 -0.9632 -0.1061
vn -0.2277 -0.9629 -0.1445
vn -0.2030 -0.9627 -0.1791
vn -0.1736 -0.9623 -0.2093
vn -0.1399 -0.9620 -0.2347
vn -0.1027 -0.9616 -0.2545
vn -0.0627 -0.9613 -0.2683
vn -0.0210 -0.9611 -0.2754
vn -0.4297 -0.9023 -0.0348
vn -0.4185 -0.9023 -0.1041
vn -0.3967 -0.9020 -0.1704
vn -0.3654 -0.9015 -0.2319
vn -0.3256 -0.9008 -0.2873
vn -0.2782 -0.9000 -0.3356
vn -0.2242 -0.8991 -0.3760
vn -0.1645 -0.8982 -0.4075
vn -0.1004 -0.8975 -0.4294
vn -0.0335 -0.8971 -0.4406
vn -0.6690 -0.7413 -0.0542
vn -0.6515 -0.7412 -0.1620
vn -0.6174 -0.7406 -0.2651
vn -0.5682 -0.7397 -0.3606
vn -0.5682 -0.7396 -0.3606
vn -0.5058 -0.7383 -0.4462
vn -0.4316 -0.7367 -0.5206
vn -0.3473 -0.7349 -0.5824
vn -0.2545 -0.7333 -0.6305
vn -0.1551 -0.7319 -0.6636
vn -0.0518 -0.7310 -0.6804
vn -0.9027 -0.4239 -0.0731
vn -0.8790 -0.4238 -0.2186
vn -0.8325 -0.4232 -0.3575
vn -0.7654 -0.4222 -0.4857
vn -0.6803 -0.4208 -0.6002
vn -0.5795 -0.4191 -0.6989
vn -0.4654 -0.4173 -0.7805
vn -0.3404 -0.4156 -0.8434
vn -0.3404 -0.4157 -0.8434
vn -0.2071 -0.4142 -0.8863
vn -0.0691 -0.4133 -0.9080
vn -0.9915 -0.1026 -0.0803
vn -0.9653 -0.1026 -0.2401
vn -0.9140 -0.1024 -0.3925
vn -0.8399 -0.1021 -0.5330
vn -0.7460 -0.1017 -0.6581
vn -0.6350 -0.1012 -0.7659
vn -0.5096 -0.1007 -0.8545
vn -0.3724 -0.1002 -0.9226
vn -0.2265 -0.0998 -0.9689
vn -0.0755 -0.0995 -0.9922
vn 0.0007 -1.0000 -0.0088
vn 0.0020 -1.0000 -0.0085
vn 0.0033 -1.0000 -0.0081
vn 0.0045 -1.0000 -0.0075
vn 0.0055 -1.0000 -0.0067
vn 0.0065 -1.0000 -0.0057
vn 0.0072 -1.0000 -0.0046
vn 0.0079 -1.0000 -0.0034
vn 0.0083 -1.0000 -0.0021
vn 0.0085 -1.0000 -0.0007
vn 0.0024 -0.9995 -0.0310
vn 0.0070 -0.9995 -0.0302
vn 0.0115 -0.9995 -0.0286
vn 0.0157 -0.9995 -0.0264
vn 0.0195 -0.9995 -0.0235
vn 0.0228 -0.9995 -0.0201
vn 0.0256 -0.9995 -0.0162
vn 0.0277 -0.9995 -0.0119
vn 0.0292 -0.9995 -0.0073
vn 0.0300 -0.9995 -0.0024
vn 0.0047 -0.9981 -0.0617
vn 0.0140 -0.9981 -0.0601
vn 0.0230 -0.9981 -0.0570
vn 0.0313 -0.9981 -0.0525
vn 0.0388 -0.9981 -0.0468
vn 0.0454 -0.9982 -0.0400
vn 0.0509 -0.9982 -0.0323
vn 0.0552 -0.9982 -0.0237
vn 0.0582 -0.9982 -0.0145
vn 0.0598 -0.9982 -0.0048
vn 0.0080 -0.9944 -0.1057
vn 0.0241 -0.9944 -0.1030
vn 0.0394 -0.9944 -0.0977
vn 0.0537 -0.9945 -0.0900
vn 0.0666 -0.9945 -0.0803
vn 0.0778 -0.9946 -0.0687
vn 0.0873 -0.9946 -0.0554
vn 0.0947 -0.9947 -0.0407
vn 0.0999 -0.9947 -0.0248
vn 0.1025 -0.9947 -0.0083
vn 0.0131 -0.9850 -0.1719
vn 0.0391 -0.9851 -0.1674
vn 0.0641 -0.9852 -0.1588
vn 0.0873 -0.9854 -0.1464
vn 0.1082 -0.9855 -0.1305
vn 0.1266 -0.9857 -0.1117
vn 0.1419 -0.9858 -0.0901
vn 0.1540 -0.9859 -0.0662
vn 0.1624 -0.9859 -0.0404
vn 0.1668 -0.9859 -0.0135
vn 0.0210 -0.9611 -0.2754
vn 0.0627 -0.9613 -0.2683
vn 0.1027 -0.9616 -0.2545
vn 0.1399 -0.9620 -0.2347
vn 0.1736 -0.9623 -0.2093
vn 0.2030 -0.9627 -0.1791
vn 0.2277 -0.9629 -0.1445
vn 0.2471 -0.9632 -0.1061
vn 0.2606 -0.9633 -0.0648
vn 0.2676 -0.9633 -0.0217
vn 0.0335 -0.8971 -0.4406
vn 0.1004 -0.8975 -0.4294
vn 0.1645 -0.8982 -0.4075
vn 0.2242 -0.8991 -0.3760
vn 0.2782 -0.9000 -0.3356
vn 0.3256 -0.9008 -0.2873
vn 0.3654 -0.9015 -0.2319
vn 0.3967 -0.9020 -0.1704
vn 0.4185 -0.9023 -0.1041
vn 0.4297 -0.9023 -0.0348
vn 0.0518 -0.7310 -0.6804
vn 0.1551 -0.7319 -0.6636
vn 0.2545 -0.7333 -0.6305
vn 0.3473 -0.7349 -0.5824
vn 0.4316 -0.7367 -0.5206
vn 0.5058 -0.7383 -0.4462
vn 0.5682 -0.7396 -0.3606
vn 0.5682 -0.7397 -0.3606
vn 0.6174 -0.7406 -0.2651
vn 0.6515 -0.7412 -0.1620
vn 0.6690 -0.7413 -0.0542
vn 0.0691 -0.4133 -0.9080
vn 0.2071 -0.4142 -0.8863
vn 0.3404 -0.4157 -0.8434
vn 0.3404 -0.4156 -0.8434
vn 0.4654 -0.4173 -0.7805
vn 0.5795 -0.4191 -0.6989
vn 0.6803 -0.4208 -0.6002
vn 0.7654 -0.4222 -0.4857
vn 0.8325 -0.4232 -0.3575
vn 0.8790 -0.4238 -0.2186
vn 0.9027 -0.4239 -0.0731
vn 0.0755 -0.0995 -0.9922
vn 0.2265 -0.0998 -0.9689
vn 0.3724 -0.1002 -0.9226
vn 0.5096 -0.1007 -0.8545
vn 0.6350 -0.1012 -0.7659
vn 0.7460 -0.1017 -0.6581
vn 0.8399 -0.1021 -0.5330
vn 0.9140 -0.1024 -0.3925
vn 0.9653 -0.1026 -0.2401
vn 0.9915 -0.1026 -0.0803
s 0
f 2909 2921 2939
f 2939 2931 2909
f 2869 2877 2921
f 2921 2909 2869
f 2819 2827 2877
f 2877 2869 2819
f 2737 2747 2827
f 2827 2819 2737
f 2669 2673 2747
f 2747 2737 2669
f 2567 2575 2673
f 2673 2669 2567
f 2476 2480 2575
f 2575 2567 2476
f 2358 2362 2480
f 2480 2476 2358
f 2158 2162 2362
f 2362 2358 2158
f 1715 1812 2162
f 2162 2158 1715
f 2901 2909 2931
f 2931 2917 2901
f 2863 2869 2909
f 2909 2901 2863
f 2813 2819 2869
f 2869 2863 2813
f 2729 2737 2819
f 2819 2813 2729
f 2663 2669 2737
f 2737 2729 2663
f 2561 2567 2669
f 2669 2663 2561
f 2468 2476 2567
f 2567 2561 2468
f 2350 2358 2476
f 2476 2468 2350
f 2152 2158 2358
f 2358 2350 2152
f 1717 1715 2158
f 2158 2152 1717
f 2903 2901 2917
f 2917 2923 2903
f 2865 2863 2901
f 2901 2903 2865
f 2815 2813 2863
f 2863 2865 2815
f 2733 2729 2813
f 2813 2815 2733
f 2665 2663 2729
f 2729 2733 2665
f 2564 2561 2663
f 2663 2665 2564
f 2473 2468 2561
f 2561 2564 2473
f 2354 2350 2468
f 2468 2473 2354
f 2155 2152 2350
f 2350 2354 2155
f 1927 1717 2152
f 2152 2155 1927
f 2911 2903 2923
f 2923 2935 2911
f 2875 2865 2903
f 2903 2911 2875
f 2823 2815 2865
f 2865 2875 2823
f 2741 2733 2815
f 2815 2823 2741
f 2671 2665 2733
f 2733 2741 2671
f 2571 2564 2665
f 2665 2671 2571
f 2478 2473 2564
f 2564 2571 2478
f 2360 2354 2473
f 2473 2478 2360
f 2160 2155 2354
f 2354 2360 2160
f 1718 1927 2155
f 2155 2160 1718
f 2929 2911 2935
f 2935 2947 2929
f 2881 2875 2911
f 2911 2929 2881
f 2829 2823 2875
f 2875 2881 2829
f 2751 2741 2823
f 2823 2829 2751
f 2677 2671 2741
f 2741 2751 2677
f 2577 2571 2671
f 2671 2677 2577
f 2482 2478 2571
f 2571 2577 2482
f 2364 2360 2478
f 2478 2482 2364
f 2164 2160 2360
f 2360 2364 2164
f 1842 1718 2160
f 2160 2164 1842
f 2945 2929 2947
f 2947 2959 2945
f 2897 2881 2929
f 2929 2945 2897
f 2835 2829 2881
f 2881 2897 2835
f 2761 2751 2829
f 2829 2835 2761
f 2679 2677 2751
f 2751 2761 2679
f 2579 2577 2677
f 2677 2679 2579
f 2486 2482 2577
f 2577 2579 2486
f 2368 2364 2482
f 2482 2486 2368
f 2172 2164 2364
f 2364 2368 2172
f 1725 1842 2164
f 2164 2172 1725
f 2965 2945 2959
f 2959 2981 2965
f 2907 2897 2945
f 2945 2965 2907
f 2845 2835 2897
f 2897 2907 2845
f 2769 2761 2835
f 2835 2845 2769
f 2685 2679 2761
f 2761 2769 2685
f 2587 2579 2679
f 2679 2685 2587
f 2491 2486 2579
f 2579 2587 2491
f 2370 2368 2486
f 2486 2491 2370
f 2174 2172 2368
f 2368 2370 2174
f 1834 1725 2172
f 2172 2174 1834
f 2982 2965 2981
f 2981 2988 2982
f 2933 2907 2965
f 2965 2982 2933
f 2855 2845 2907
f 2907 2933 2855
f 2779 2769 2845
f 2845 2855 2779
f 2691 2685 2769
f 2769 2779 2691
f 2595 2587 2685
f 2685 2691 2595
f 2500 2491 2587
f 2587 2595 2500
f 2374 2370 2491
f 2491 2500 2374
f 2178 2174 2370
f 2370 2374 2178
f 1716 1834 2174
f 2174 2178 1716
f 2990 2982 2988
f 2988 3002 2990
f 2949 2933 2982
f 2982 2990 2949
f 2871 2855 2933
f 2933 2949 2871
f 2791 2779 2855
f 2855 2871 2791
f 2699 2691 2779
f 2779 2791 2699
f 2601 2595 2691
f 2691 2699 2601
f 2506 2500 2595
f 2595 2601 2506
f 2378 2374 2500
f 2500 2506 2378
f 2180 2178 2374
f 2374 2378 2180
f 1714 1716 2178
f 2178 2180 1714
f 3008 2990 3002
f 3002 3024 3008
f 2973 2949 2990
f 2990 3008 2973
f 2889 2871 2949
f 2949 2973 2889
f 2805 2791 2871
f 2871 2889 2805
f 2711 2699 2791
f 2791 2805 2711
f 2611 2601 2699
f 2699 2711 2611
f 2521 2506 2601
f 2601 2611 2521
f 2387 2378 2506
f 2506 2521 2387
f 2191 2180 2378
f 2378 2387 2191
f 1810 1714 2180
f 2180 2191 1810
f 1464 1460 1813
f 1813 1821 1464
f 1264 1260 1460
f 1460 1464 1264
f 1146 1142 1260
f 1260 1264 1146
f 1055 1047 1142
f 1142 1146 1055
f 953 949 1047
f 1047 1055 953
f 885 875 949
f 949 953 885
f 803 795 875
f 875 885 803
f 753 745 795
f 795 803 753
f 713 701 745
f 745 753 713
f 691 683 701
f 701 713 691
f 1470 1464 1821
f 1821 1829 1470
f 1272 1264 1464
f 1464 1470 1272
f 1154 1146 1264
f 1264 1272 1154
f 1061 1055 1146
f 1146 1154 1061
f 959 953 1055
f 1055 1061 959
f 893 885 953
f 953 959 893
f 809 803 885
f 885 893 809
f 759 753 803
f 803 809 759
f 721 713 753
f 753 759 721
f 705 691 713
f 713 721 705
f 1469 1470 1829
f 1829 1835 1469
f 1268 1272 1470
f 1470 1469 1268
f 1151 1154 1272
f 1272 1268 1151
f 1060 1061 1154
f 1154 1151 1060
f 957 959 1061
f 1061 1060 957
f 889 893 959
f 959 957 889
f 807 809 893
f 893 889 807
f 757 759 809
f 809 807 757
f 719 721 759
f 759 757 719
f 699 705 721
f 721 719 699
f 1462 1469 1835
f 1835 1839 1462
f 1262 1268 1469
f 1469 1462 1262
f 1144 1151 1268
f 1268 1262 1144
f 1051 1060 1151
f 1151 1144 1051
f 951 957 1060
f 1060 1051 951
f 881 889 957
f 957 951 881
f 799 807 889
f 889 881 799
f 747 757 807
f 807 799 747
f 711 719 757
f 757 747 711
f 687 699 719
f 719 711 687
f 1458 1462 1839
f 1839 1843 1458
f 1258 1262 1462
f 1462 1458 1258
f 1140 1144 1262
f 1262 1258 1140
f 1045 1051 1144
f 1144 1140 1045
f 945 951 1051
f 1051 1045 945
f 871 881 951
f 951 945 871
f 793 799 881
f 881 871 793
f 741 747 799
f 799 793 741
f 693 711 747
f 747 741 693
f 675 687 711
f 711 693 675
f 1450 1458 1843
f 1843 1838 1450
f 1254 1258 1458
f 1458 1450 1254
f 1136 1140 1258
f 1258 1254 1136
f 1043 1045 1140
f 1140 1136 1043
f 943 945 1045
f 1045 1043 943
f 861 871 945
f 945 943 861
f 787 793 871
f 871 861 787
f 725 741 793
f 793 787 725
f 677 693 741
f 741 725 677
f 663 675 693
f 693 677 663
f 1448 1450 1838
f 1838 1834 1448
f 1252 1254 1450
f 1450 1448 1252
f 1133 1136 1254
f 1254 1252 1133
f 1035 1043 1136
f 1136 1133 1035
f 937 943 1043
f 1043 1035 937
f 853 861 943
f 943 937 853
f 777 787 861
f 861 853 777
f 715 725 787
f 787 777 715
f 657 677 725
f 725 715 657
f 642 663 677
f 677 657 642
f 1444 1448 1834
f 1834 1828 1444
f 1248 1252 1448
f 1448 1444 1248
f 1122 1133 1252
f 1252 1248 1122
f 1027 1035 1133
f 1133 1122 1027
f 931 937 1035
f 1035 1027 931
f 843 853 937
f 937 931 843
f 767 777 853
f 853 843 767
f 689 715 777
f 777 767 689
f 640 657 715
f 715 689 640
f 634 642 657
f 657 640 634
f 1442 1444 1828
f 1828 1820 1442
f 1244 1248 1444
f 1444 1442 1244
f 1116 1122 1248
f 1248 1244 1116
f 1021 1027 1122
f 1122 1116 1021
f 923 931 1027
f 1027 1021 923
f 831 843 931
f 931 923 831
f 751 767 843
f 843 831 751
f 673 689 767
f 767 751 673
f 632 640 689
f 689 673 632
f 620 634 640
f 640 632 620
f 1429 1442 1820
f 1820 1811 1429
f 1233 1244 1442
f 1442 1429 1233
f 1106 1116 1244
f 1244 1233 1106
f 1011 1021 1116
f 1116 1106 1011
f 911 923 1021
f 1021 1011 911
f 817 831 923
f 923 911 817
f 733 751 831
f 831 817 733
f 649 673 751
f 751 733 649
f 614 632 673
f 673 649 614
f 597 620 632
f 632 614 597
f 714 702 684
f 684 692 714
f 754 746 702
f 702 714 754
f 804 796 746
f 746 754 804
f 886 876 796
f 796 804 886
f 954 950 876
f 876 886 954
f 1056 1048 950
f 950 954 1056
f 1147 1143 1048
f 1048 1056 1147
f 1265 1261 1143
f 1143 1147 1265
f 1465 1461 1261
f 1261 1265 1465
f 1915 1817 1461
f 1461 1465 1915
f 722 714 692
f 692 706 722
f 760 754 714
f 714 722 760
f 810 804 754
f 754 760 810
f 894 886 804
f 804 810 894
f 960 954 886
f 886 894 960
f 1062 1056 954
f 954 960 1062
f 1155 1147 1056
f 1056 1062 1155
f 1273 1265 1147
f 1147 1155 1273
f 1471 1465 1265
f 1265 1273 1471
f 1917 1915 1465
f 1465 1471 1917
f 720 722 706
f 706 700 720
f 758 760 722
f 722 720 758
f 808 810 760
f 760 758 808
f 890 894 810
f 810 808 890
f 958 960 894
f 894 890 958
f 1059 1062 960
f 960 958 1059
f 1150 1155 1062
f 1062 1059 1150
f 1269 1273 1155
f 1155 1150 1269
f 1468 1471 1273
f 1273 1269 1468
f 1697 1917 1471
f 1471 1468 1697
f 712 720 700
f 700 688 712
f 748 758 720
f 720 712 748
f 800 808 758
f 758 748 800
f 882 890 808
f 808 800 882
f 952 958 890
f 890 882 952
f 1052 1059 958
f 958 952 1052
f 1145 1150 1059
f 1059 1052 1145
f 1263 1269 1150
f 1150 1145 1263
f 1463 1468 1269
f 1269 1263 1463
f 1919 1697 1468
f 1468 1463 1919
f 694 712 688
f 688 676 694
f 742 748 712
f 712 694 742
f 794 800 748
f 748 742 794
f 872 882 800
f 800 794 872
f 946 952 882
f 882 872 946
f 1046 1052 952
f 952 946 1046
f 1141 1145 1052
f 1052 1046 1141
f 1259 1263 1145
f 1145 1141 1259
f 1459 1463 1263
f 1263 1259 1459
f 1845 1919 1463
f 1463 1459 1845
f 678 694 676
f 676 664 678
f 726 742 694
f 694 678 726
f 788 794 742
f 742 726 788
f 862 872 794
f 794 788 862
f 944 946 872
f 872 862 944
f 1044 1046 946
f 946 944 1044
f 1137 1141 1046
f 1046 1044 1137
f 1255 1259 1141
f 1141 1137 1255
f 1451 1459 1259
f 1259 1255 1451
f 1898 1845 1459
f 1459 1451 1898
f 658 678 664
f 664 642 658
f 716 726 678
f 678 658 716
f 778 788 726
f 726 716 778
f 854 862 788
f 788 778 854
f 938 944 862
f 862 854 938
f 1036 1044 944
f 944 938 1036
f 1132 1137 1044
f 1044 1036 1132
f 1253 1255 1137
f 1137 1132 1253
f 1449 1451 1255
f 1255 1253 1449
f 1837 1898 1451
f 1451 1449 1837
f 641 658 642
f 642 635 641
f 690 716 658
f 658 641 690
f 768 778 716
f 716 690 768
f 844 854 778
f 778 768 844
f 932 938 854
f 854 844 932
f 1028 1036 938
f 938 932 1028
f 1123 1132 1036
f 1036 1028 1123
f 1249 1253 1132
f 1132 1123 1249
f 1445 1449 1253
f 1253 1249 1445
f 1918 1837 1449
f 1449 1445 1918
f 633 641 635
f 635 621 633
f 674 690 641
f 641 633 674
f 752 768 690
f 690 674 752
f 832 844 768
f 768 752 832
f 924 932 844
f 844 832 924
f 1022 1028 932
f 932 924 1022
f 1117 1123 1028
f 1028 1022 1117
f 1245 1249 1123
f 1123 1117 1245
f 1443 1445 1249
f 1249 1245 1443
f 1916 1918 1445
f 1445 1443 1916
f 616 633 621
f 621 600 616
f 654 674 633
f 633 616 654
f 737 752 674
f 674 654 737
f 822 832 752
f 752 737 822
f 914 924 832
f 832 822 914
f 1014 1022 924
f 924 914 1014
f 1104 1117 1022
f 1022 1014 1104
f 1237 1245 1117
f 1117 1104 1237
f 1433 1443 1245
f 1245 1237 1433
f 1819 1916 1443
f 1443 1433 1819
f 2159 2163 1816
f 1816 1822 2159
f 2359 2363 2163
f 2163 2159 2359
f 2477 2481 2363
f 2363 2359 2477
f 2568 2576 2481
f 2481 2477 2568
f 2670 2674 2576
f 2576 2568 2670
f 2738 2748 2674
f 2674 2670 2738
f 2820 2828 2748
f 2748 2738 2820
f 2870 2878 2828
f 2828 2820 2870
f 2910 2922 2878
f 2878 2870 2910
f 2932 2940 2922
f 2922 2910 2932
f 2153 2159 1822
f 1822 1830 2153
f 2351 2359 2159
f 2159 2153 2351
f 2469 2477 2359
f 2359 2351 2469
f 2562 2568 2477
f 2477 2469 2562
f 2664 2670 2568
f 2568 2562 2664
f 2730 2738 2670
f 2670 2664 2730
f 2814 2820 2738
f 2738 2730 2814
f 2864 2870 2820
f 2820 2814 2864
f 2902 2910 2870
f 2870 2864 2902
f 2918 2932 2910
f 2910 2902 2918
f 2154 2153 1830
f 1830 1836 2154
f 2355 2351 2153
f 2153 2154 2355
f 2472 2469 2351
f 2351 2355 2472
f 2563 2562 2469
f 2469 2472 2563
f 2666 2664 2562
f 2562 2563 2666
f 2734 2730 2664
f 2664 2666 2734
f 2816 2814 2730
f 2730 2734 2816
f 2866 2864 2814
f 2814 2816 2866
f 2904 2902 2864
f 2864 2866 2904
f 2924 2918 2902
f 2902 2904 2924
f 2161 2154 1836
f 1836 1840 2161
f 2361 2355 2154
f 2154 2161 2361
f 2479 2472 2355
f 2355 2361 2479
f 2572 2563 2472
f 2472 2479 2572
f 2672 2666 2563
f 2563 2572 2672
f 2742 2734 2666
f 2666 2672 2742
f 2824 2816 2734
f 2734 2742 2824
f 2876 2866 2816
f 2816 2824 2876
f 2912 2904 2866
f 2866 2876 2912
f 2936 2924 2904
f 2904 2912 2936
f 2165 2161 1840
f 1840 1844 2165
f 2365 2361 2161
f 2161 2165 2365
f 2483 2479 2361
f 2361 2365 2483
f 2578 2572 2479
f 2479 2483 2578
f 2678 2672 2572
f 2572 2578 2678
f 2752 2742 2672
f 2672 2678 2752
f 2830 2824 2742
f 2742 2752 2830
f 2882 2876 2824
f 2824 2830 2882
f 2930 2912 2876
f 2876 2882 2930
f 2948 2936 2912
f 2912 2930 2948
f 2173 2165 1844
f 1844 1841 2173
f 2369 2365 2165
f 2165 2173 2369
f 2487 2483 2365
f 2365 2369 2487
f 2580 2578 2483
f 2483 2487 2580
f 2680 2678 2578
f 2578 2580 2680
f 2762 2752 2678
f 2678 2680 2762
f 2836 2830 2752
f 2752 2762 2836
f 2898 2882 2830
f 2830 2836 2898
f 2946 2930 2882
f 2882 2898 2946
f 2960 2948 2930
f 2930 2946 2960
f 2175 2173 1841
f 1841 1837 2175
f 2371 2369 2173
f 2173 2175 2371
f 2490 2487 2369
f 2369 2371 2490
f 2588 2580 2487
f 2487 2490 2588
f 2686 2680 2580
f 2580 2588 2686
f 2770 2762 2680
f 2680 2686 2770
f 2846 2836 2762
f 2762 2770 2846
f 2908 2898 2836
f 2836 2846 2908
f 2966 2946 2898
f 2898 2908 2966
f 2981 2960 2946
f 2946 2966 2981
f 2179 2175 1837
f 1837 1831 2179
f 2375 2371 2175
f 2175 2179 2375
f 2501 2490 2371
f 2371 2375 2501
f 2596 2588 2490
f 2490 2501 2596
f 2692 2686 2588
f 2588 2596 2692
f 2780 2770 2686
f 2686 2692 2780
f 2856 2846 2770
f 2770 2780 2856
f 2934 2908 2846
f 2846 2856 2934
f 2983 2966 2908
f 2908 2934 2983
f 2989 2981 2966
f 2966 2983 2989
f 2181 2179 1831
f 1831 1823 2181
f 2379 2375 2179
f 2179 2181 2379
f 2507 2501 2375
f 2375 2379 2507
f 2602 2596 2501
f 2501 2507 2602
f 2700 2692 2596
f 2596 2602 2700
f 2792 2780 2692
f 2692 2700 2792
f 2872 2856 2780
f 2780 2792 2872
f 2950 2934 2856
f 2856 2872 2950
f 2991 2983 2934
f 2934 2950 2991
f 3003 2989 2983
f 2983 2991 3003
f 2194 2181 1823
f 1823 1818 2194
f 2391 2379 2181
f 2181 2194 2391
f 2518 2507 2379
f 2379 2391 2518
f 2614 2602 2507
f 2507 2518 2614
f 2712 2700 2602
f 2602 2614 2712
f 2806 2792 2700
f 2700 2712 2806
f 2890 2872 2792
f 2792 2806 2890
f 2974 2950 2872
f 2872 2890 2974
f 3009 2991 2950
f 2950 2974 3009
f 3025 3003 2991
f 2991 3009 3025
f 3040 3008 3024
f 3024 3048 3040
f 3018 2973 3008
f 3008 3040 3018
f 2943 2889 2973
f 2973 3018 2943
f 2841 2805 2889
f 2889 2943 2841
f 2731 2711 2805
f 2805 2841 2731
f 2645 2611 2711
f 2711 2731 2645
f 2529 2521 2611
f 2611 2645 2529
f 2402 2387 2521
f 2521 2529 2402
f 2208 2191 2387
f 2387 2402 2208
f 1806 1810 2191
f 2191 2208 1806
f 3072 3040 3048
f 3048 3078 3072
f 3044 3018 3040
f 3040 3072 3044
f 2994 2943 3018
f 3018 3044 2994
f 2883 2841 2943
f 2943 2994 2883
f 2773 2731 2841
f 2841 2883 2773
f 2659 2645 2731
f 2731 2773 2659
f 2539 2529 2645
f 2645 2659 2539
f 2410 2402 2529
f 2529 2539 2410
f 2222 2208 2402
f 2402 2410 2222
f 1694 1806 2208
f 2208 2222 1694
f 3092 3072 3078
f 3078 3116 3092
f 3074 3044 3072
f 3072 3092 3074
f 3030 2994 3044
f 3044 3074 3030
f 2937 2883 2994
f 2994 3030 2937
f 2810 2773 2883
f 2883 2937 2810
f 2683 2659 2773
f 2773 2810 2683
f 2554 2539 2659
f 2659 2683 2554
f 2420 2410 2539
f 2539 2554 2420
f 2238 2222 2410
f 2410 2420 2238
f 1930 1694 2222
f 2222 2238 1930
f 3132 3092 3116
f 3116 3142 3132
f 3090 3074 3092
f 3092 3132 3090
f 3054 3030 3074
f 3074 3090 3054
f 2984 2937 3030
f 3030 3054 2984
f 2837 2810 2937
f 2937 2984 2837
f 2705 2683 2810
f 2810 2837 2705
f 2574 2554 2683
f 2683 2705 2574
f 2430 2420 2554
f 2554 2574 2430
f 2247 2238 2420
f 2420 2430 2247
f 1913 1930 2238
f 2238 2247 1913
f 3150 3132 3142
f 3142 3156 3150
f 3128 3090 3132
f 3132 3150 3128
f 3076 3054 3090
f 3090 3128 3076
f 3014 2984 3054
f 3054 3076 3014
f 2861 2837 2984
f 2984 3014 2861
f 2723 2705 2837
f 2837 2861 2723
f 2585 2574 2705
f 2705 2723 2585
f 2438 2430 2574
f 2574 2585 2438
f 2253 2247 2430
f 2430 2438 2253
f 1711 1913 2247
f 2247 2253 1711
f 3162 3150 3156
f 3156 3172 3162
f 3148 3128 3150
f 3150 3162 3148
f 3088 3076 3128
f 3128 3148 3088
f 3036 3014 3076
f 3076 3088 3036
f 2893 2861 3014
f 3014 3036 2893
f 2743 2723 2861
f 2861 2893 2743
f 2599 2585 2723
f 2723 2743 2599
f 2450 2438 2585
f 2585 2599 2450
f 2267 2253 2438
f 2438 2450 2267
f 1794 1711 2253
f 2253 2267 1794
f 3178 3162 3172
f 3172 3184 3178
f 3154 3148 3162
f 3162 3178 3154
f 3118 3088 3148
f 3148 3154 3118
f 3046 3036 3088
f 3088 3118 3046
f 2915 2893 3036
f 3036 3046 2915
f 2763 2743 2893
f 2893 2915 2763
f 2615 2599 2743
f 2743 2763 2615
f 2452 2450 2599
f 2599 2615 2452
f 2277 2267 2450
f 2450 2452 2277
f 1710 1794 2267
f 2267 2277 1710
f 3188 3178 3184
f 3184 3200 3188
f 3164 3154 3178
f 3178 3188 3164
f 3130 3118 3154
f 3154 3164 3130
f 3058 3046 3118
f 3118 3130 3058
f 2941 2915 3046
f 3046 3058 2941
f 2775 2763 2915
f 2915 2941 2775
f 2627 2615 2763
f 2763 2775 2627
f 2458 2452 2615
f 2615 2627 2458
f 2287 2277 2452
f 2452 2458 2287
f 1910 1710 2277
f 2277 2287 1910
f 3198 3188 3200
f 3200 3209 3198
f 3170 3164 3188
f 3188 3198 3170
f 3136 3130 3164
f 3164 3170 3136
f 3064 3058 3130
f 3130 3136 3064
f 2955 2941 3058
f 3058 3064 2955
f 2781 2775 2941
f 2941 2955 2781
f 2636 2627 2775
f 2775 2781 2636
f 2462 2458 2627
f 2627 2636 2462
f 2295 2287 2458
f 2458 2462 2295
f 1909 1910 2287
f 2287 2295 1909
f 3202 3198 3209
f 3209 3213 3202
f 3174 3170 3198
f 3198 3202 3174
f 3138 3136 3170
f 3170 3174 3138
f 3066 3064 3136
f 3136 3138 3066
f 2961 2955 3064
f 3064 3066 2961
f 2783 2781 2955
f 2955 2961 2783
f 2642 2636 2781
f 2781 2783 2642
f 2464 2462 2636
f 2636 2642 2464
f 2297 2295 2462
f 2462 2464 2297
f 1784 1909 2295
f 2295 2297 1784
f 1414 1429 1811
f 1811 1807 1414
f 1220 1233 1429
f 1429 1414 1220
f 1093 1106 1233
f 1233 1220 1093
f 977 1011 1106
f 1106 1093 977
f 891 911 1011
f 1011 977 891
f 781 817 911
f 911 891 781
f 679 733 817
f 817 781 679
f 604 649 733
f 733 679 604
f 571 614 649
f 649 604 571
f 561 597 614
f 614 571 561
f 1400 1414 1807
f 1807 1804 1400
f 1212 1220 1414
f 1414 1400 1212
f 1083 1093 1220
f 1220 1212 1083
f 963 977 1093
f 1093 1083 963
f 849 891 977
f 977 963 849
f 739 781 891
f 891 849 739
f 628 679 781
f 781 739 628
f 565 604 679
f 679 628 565
f 530 571 604
f 604 565 530
f 524 561 571
f 571 530 524
f 1386 1400 1804
f 1804 1802 1386
f 1202 1212 1400
f 1400 1386 1202
f 1070 1083 1212
f 1212 1202 1070
f 939 963 1083
f 1083 1070 939
f 814 849 963
f 963 939 814
f 685 739 849
f 849 814 685
f 585 628 739
f 739 685 585
f 528 565 628
f 628 585 528
f 510 530 565
f 565 528 510
f 508 524 530
f 530 510 508
f 1375 1386 1802
f 1802 1800 1375
f 1192 1202 1386
f 1386 1375 1192
f 1050 1070 1202
f 1202 1192 1050
f 917 939 1070
f 1070 1050 917
f 785 814 939
f 939 917 785
f 638 685 814
f 814 785 638
f 553 585 685
f 685 638 553
f 512 528 585
f 585 553 512
f 492 510 528
f 528 512 492
f 482 508 510
f 510 492 482
f 1369 1375 1800
f 1800 1798 1369
f 1184 1192 1375
f 1375 1369 1184
f 1037 1050 1192
f 1192 1184 1037
f 899 917 1050
f 1050 1037 899
f 761 785 917
f 917 899 761
f 608 638 785
f 785 761 608
f 526 553 638
f 638 608 526
f 496 512 553
f 553 526 496
f 454 492 512
f 512 496 454
f 448 482 492
f 492 454 448
f 1355 1369 1798
f 1798 1795 1355
f 1172 1184 1369
f 1369 1355 1172
f 1023 1037 1184
f 1184 1172 1023
f 879 899 1037
f 1037 1023 879
f 729 761 899
f 899 879 729
f 579 608 761
f 761 729 579
f 514 526 608
f 608 579 514
f 457 496 526
f 526 514 457
f 442 454 496
f 496 457 442
f 432 448 454
f 454 442 432
f 1345 1355 1795
f 1795 1792 1345
f 1170 1172 1355
f 1355 1345 1170
f 1007 1023 1172
f 1172 1170 1007
f 859 879 1023
f 1023 1007 859
f 707 729 879
f 879 859 707
f 563 579 729
f 729 707 563
f 506 514 579
f 579 563 506
f 450 457 514
f 514 506 450
f 420 442 457
f 457 450 420
f 412 432 442
f 442 420 412
f 1335 1345 1792
f 1792 1790 1335
f 1164 1170 1345
f 1345 1335 1164
f 995 1007 1170
f 1170 1164 995
f 847 859 1007
f 1007 995 847
f 681 707 859
f 859 847 681
f 547 563 707
f 707 681 547
f 494 506 563
f 563 547 494
f 440 450 506
f 506 494 440
f 410 420 450
f 450 440 410
f 398 412 420
f 420 410 398
f 1327 1335 1790
f 1790 1788 1327
f 1160 1164 1335
f 1335 1327 1160
f 988 995 1164
f 1164 1160 988
f 841 847 995
f 995 988 841
f 667 681 847
f 847 841 667
f 538 547 681
f 681 667 538
f 488 494 547
f 547 538 488
f 434 440 494
f 494 488 434
f 400 410 440
f 440 434 400
f 381 398 410
f 410 400 381
f 1324 1327 1788
f 1788 1785 1324
f 1156 1160 1327
f 1327 1324 1156
f 979 988 1160
f 1160 1156 979
f 837 841 988
f 988 979 837
f 659 667 841
f 841 837 659
f 534 538 667
f 667 659 534
f 484 488 538
f 538 534 484
f 428 434 488
f 488 484 428
f 395 400 434
f 434 428 395
f 374 381 400
f 400 395 374
f 572 616 600
f 600 562 572
f 605 654 616
f 616 572 605
f 680 737 654
f 654 605 680
f 782 822 737
f 737 680 782
f 892 914 822
f 822 782 892
f 978 1014 914
f 914 892 978
f 1094 1104 1014
f 1014 978 1094
f 1221 1237 1104
f 1104 1094 1221
f 1415 1433 1237
f 1237 1221 1415
f 1809 1819 1433
f 1433 1415 1809
f 531 572 562
f 562 525 531
f 566 605 572
f 572 531 566
f 629 680 605
f 605 566 629
f 740 782 680
f 680 629 740
f 850 892 782
f 782 740 850
f 964 978 892
f 892 850 964
f 1084 1094 978
f 978 964 1084
f 1213 1221 1094
f 1094 1084 1213
f 1401 1415 1221
f 1221 1213 1401
f 1931 1809 1415
f 1415 1401 1931
f 511 531 525
f 525 509 511
f 529 566 531
f 531 511 529
f 586 629 566
f 566 529 586
f 686 740 629
f 629 586 686
f 813 850 740
f 740 686 813
f 940 964 850
f 850 813 940
f 1069 1084 964
f 964 940 1069
f 1203 1213 1084
f 1084 1069 1203
f 1385 1401 1213
f 1213 1203 1385
f 1693 1931 1401
f 1401 1385 1693
f 493 511 509
f 509 483 493
f 513 529 511
f 511 493 513
f 554 586 529
f 529 513 554
f 639 686 586
f 586 554 639
f 786 813 686
f 686 639 786
f 918 940 813
f 813 786 918
f 1049 1069 940
f 940 918 1049
f 1193 1203 1069
f 1069 1049 1193
f 1376 1385 1203
f 1203 1193 1376
f 1712 1693 1385
f 1385 1376 1712
f 455 493 483
f 483 449 455
f 497 513 493
f 493 455 497
f 527 554 513
f 513 497 527
f 609 639 554
f 554 527 609
f 762 786 639
f 639 609 762
f 900 918 786
f 786 762 900
f 1038 1049 918
f 918 900 1038
f 1185 1193 1049
f 1049 1038 1185
f 1370 1376 1193
f 1193 1185 1370
f 1912 1712 1376
f 1376 1370 1912
f 443 455 449
f 449 433 443
f 458 497 455
f 455 443 458
f 515 527 497
f 497 458 515
f 580 609 527
f 527 515 580
f 730 762 609
f 609 580 730
f 880 900 762
f 762 730 880
f 1024 1038 900
f 900 880 1024
f 1173 1185 1038
f 1038 1024 1173
f 1356 1370 1185
f 1185 1173 1356
f 1797 1912 1370
f 1370 1356 1797
f 421 443 433
f 433 413 421
f 451 458 443
f 443 421 451
f 507 515 458
f 458 451 507
f 564 580 515
f 515 507 564
f 708 730 580
f 580 564 708
f 860 880 730
f 730 708 860
f 1008 1024 880
f 880 860 1008
f 1171 1173 1024
f 1024 1008 1171
f 1346 1356 1173
f 1173 1171 1346
f 1911 1797 1356
f 1356 1346 1911
f 411 421 413
f 413 399 411
f 441 451 421
f 421 411 441
f 495 507 451
f 451 441 495
f 548 564 507
f 507 495 548
f 682 708 564
f 564 548 682
f 848 860 708
f 708 682 848
f 996 1008 860
f 860 848 996
f 1165 1171 1008
f 1008 996 1165
f 1336 1346 1171
f 1171 1165 1336
f 1709 1911 1346
f 1346 1336 1709
f 401 411 399
f 399 382 401
f 435 441 411
f 411 401 435
f 489 495 441
f 441 435 489
f 539 548 495
f 495 489 539
f 668 682 548
f 548 539 668
f 842 848 682
f 682 668 842
f 987 996 848
f 848 842 987
f 1161 1165 996
f 996 987 1161
f 1328 1336 1165
f 1165 1161 1328
f 1708 1709 1336
f 1336 1328 1708
f 397 401 382
f 382 376 397
f 431 435 401
f 401 397 431
f 487 489 435
f 435 431 487
f 537 539 489
f 489 487 537
f 662 668 539
f 539 537 662
f 840 842 668
f 668 662 840
f 981 987 842
f 842 840 981
f 1159 1161 987
f 987 981 1159
f 1326 1328 1161
f 1161 1159 1326
f 1787 1708 1328
f 1328 1326 1787
f 2209 2194 1818
f 1818 1808 2209
f 2403 2391 2194
f 2194 2209 2403
f 2530 2518 2391
f 2391 2403 2530
f 2646 2614 2518
f 2518 2530 2646
f 2732 2712 2614
f 2614 2646 2732
f 2842 2806 2712
f 2712 2732 2842
f 2944 2890 2806
f 2806 2842 2944
f 3019 2974 2890
f 2890 2944 3019
f 3041 3009 2974
f 2974 3019 3041
f 3049 3025 3009
f 3009 3041 3049
f 2223 2209 1808
f 1808 1805 2223
f 2411 2403 2209
f 2209 2223 2411
f 2540 2530 2403
f 2403 2411 2540
f 2660 2646 2530
f 2530 2540 2660
f 2774 2732 2646
f 2646 2660 2774
f 2884 2842 2732
f 2732 2774 2884
f 2995 2944 2842
f 2842 2884 2995
f 3045 3019 2944
f 2944 2995 3045
f 3073 3041 3019
f 3019 3045 3073
f 3079 3049 3041
f 3041 3073 3079
f 2237 2223 1805
f 1805 1803 2237
f 2421 2411 2223
f 2223 2237 2421
f 2553 2540 2411
f 2411 2421 2553
f 2684 2660 2540
f 2540 2553 2684
f 2809 2774 2660
f 2660 2684 2809
f 2938 2884 2774
f 2774 2809 2938
f 3031 2995 2884
f 2884 2938 3031
f 3075 3045 2995
f 2995 3031 3075
f 3093 3073 3045
f 3045 3075 3093
f 3117 3079 3073
f 3073 3093 3117
f 2248 2237 1803
f 1803 1801 2248
f 2431 2421 2237
f 2237 2248 2431
f 2573 2553 2421
f 2421 2431 2573
f 2706 2684 2553
f 2553 2573 2706
f 2838 2809 2684
f 2684 2706 2838
f 2985 2938 2809
f 2809 2838 2985
f 3055 3031 2938
f 2938 2985 3055
f 3091 3075 3031
f 3031 3055 3091
f 3133 3093 3075
f 3075 3091 3133
f 3143 3117 3093
f 3093 3133 3143
f 2254 2248 1801
f 1801 1799 2254
f 2439 2431 2248
f 2248 2254 2439
f 2586 2573 2431
f 2431 2439 2586
f 2724 2706 2573
f 2573 2586 2724
f 2862 2838 2706
f 2706 2724 2862
f 3015 2985 2838
f 2838 2862 3015
f 3077 3055 2985
f 2985 3015 3077
f 3129 3091 3055
f 3055 3077 3129
f 3151 3133 3091
f 3091 3129 3151
f 3157 3143 3133
f 3133 3151 3157
f 2268 2254 1799
f 1799 1796 2268
f 2451 2439 2254
f 2254 2268 2451
f 2600 2586 2439
f 2439 2451 2600
f 2744 2724 2586
f 2586 2600 2744
f 2894 2862 2724
f 2724 2744 2894
f 3037 3015 2862
f 2862 2894 3037
f 3089 3077 3015
f 3015 3037 3089
f 3149 3129 3077
f 3077 3089 3149
f 3163 3151 3129
f 3129 3149 3163
f 3173 3157 3151
f 3151 3163 3173
f 2278 2268 1796
f 1796 1793 2278
f 2453 2451 2268
f 2268 2278 2453
f 2616 2600 2451
f 2451 2453 2616
f 2764 2744 2600
f 2600 2616 2764
f 2916 2894 2744
f 2744 2764 2916
f 3047 3037 2894
f 2894 2916 3047
f 3119 3089 3037
f 3037 3047 3119
f 3155 3149 3089
f 3089 3119 3155
f 3179 3163 3149
f 3149 3155 3179
f 3185 3173 3163
f 3163 3179 3185
f 2288 2278 1793
f 1793 1791 2288
f 2459 2453 2278
f 2278 2288 2459
f 2628 2616 2453
f 2453 2459 2628
f 2776 2764 2616
f 2616 2628 2776
f 2942 2916 2764
f 2764 2776 2942
f 3059 3047 2916
f 2916 2942 3059
f 3131 3119 3047
f 3047 3059 3131
f 3165 3155 3119
f 3119 3131 3165
f 3189 3179 3155
f 3155 3165 3189
f 3201 3185 3179
f 3179 3189 3201
f 2296 2288 1791
f 1791 1789 2296
f 2463 2459 2288
f 2288 2296 2463
f 2635 2628 2459
f 2459 2463 2635
f 2782 2776 2628
f 2628 2635 2782
f 2956 2942 2776
f 2776 2782 2956
f 3065 3059 2942
f 2942 2956 3065
f 3137 3131 3059
f 3059 3065 3137
f 3171 3165 3131
f 3131 3137 3171
f 3199 3189 3165
f 3165 3171 3199
f 3210 3201 3189
f 3189 3199 3210
f 2299 2296 1789
f 1789 1786 2299
f 2467 2463 2296
f 2296 2299 2467
f 2644 2635 2463
f 2463 2467 2644
f 2786 2782 2635
f 2635 2644 2786
f 2964 2956 2782
f 2782 2786 2964
f 3069 3065 2956
f 2956 2964 3069
f 3141 3137 3065
f 3065 3069 3141
f 3177 3171 3137
f 3137 3141 3177
f 3204 3199 3171
f 3171 3177 3204
f 3214 3210 3199
f 3199 3204 3214
f 3194 3202 3213
f 3213 3207 3194
f 3166 3175 3202
f 3202 3194 3166
f 3134 3139 3175
f 3175 3166 3134
f 3060 3067 3139
f 3139 3134 3060
f 2953 2962 3067
f 3067 3060 2953
f 2777 2784 2962
f 2962 2953 2777
f 2629 2643 2784
f 2784 2777 2629
f 2460 2465 2643
f 2643 2629 2460
f 2293 2298 2465
f 2465 2460 2293
f 1696 1785 2298
f 2298 2293 1696
f 3180 3194 3207
f 3207 3190 3180
f 3158 3166 3194
f 3194 3180 3158
f 3124 3134 3166
f 3166 3158 3124
f 3050 3060 3134
f 3134 3124 3050
f 2927 2953 3060
f 3060 3050 2927
f 2767 2777 2953
f 2953 2927 2767
f 2619 2629 2777
f 2777 2767 2619
f 2454 2460 2629
f 2629 2619 2454
f 2283 2293 2460
f 2460 2454 2283
f 1695 1696 2293
f 2293 2283 1695
f 3160 3180 3190
f 3190 3168 3160
f 3144 3158 3180
f 3180 3160 3144
f 3086 3124 3158
f 3158 3144 3086
f 3032 3050 3124
f 3124 3086 3032
f 2891 2927 3050
f 3050 3032 2891
f 2739 2767 2927
f 2927 2891 2739
f 2597 2619 2767
f 2767 2739 2597
f 2448 2454 2619
f 2619 2597 2448
f 2265 2283 2454
f 2454 2448 2265
f 1707 1695 2283
f 2283 2265 1707
f 3146 3160 3168
f 3168 3152 3146
f 3122 3144 3160
f 3160 3146 3122
f 3070 3086 3144
f 3144 3122 3070
f 2998 3032 3086
f 3086 3070 2998
f 2853 2891 3032
f 3032 2998 2853
f 2717 2739 2891
f 2891 2853 2717
f 2582 2597 2739
f 2739 2717 2582
f 2434 2448 2597
f 2597 2582 2434
f 2251 2265 2448
f 2448 2434 2251
f 1907 1707 2265
f 2265 2251 1907
f 3120 3146 3152
f 3152 3126 3120
f 3082 3122 3146
f 3146 3120 3082
f 3042 3070 3122
f 3122 3082 3042
f 2957 2998 3070
f 3070 3042 2957
f 2825 2853 2998
f 2998 2957 2825
f 2693 2717 2853
f 2853 2825 2693
f 2556 2582 2717
f 2717 2693 2556
f 2424 2434 2582
f 2582 2556 2424
f 2239 2251 2434
f 2434 2424 2239
f 1906 1907 2251
f 2251 2239 1906
f 3080 3120 3126
f 3126 3084 3080
f 3056 3082 3120
f 3120 3080 3056
f 3012 3042 3082
f 3082 3056 3012
f 2899 2957 3042
f 3042 3012 2899
f 2789 2825 2957
f 2957 2899 2789
f 2675 2693 2825
f 2825 2789 2675
f 2545 2556 2693
f 2693 2675 2545
f 2416 2424 2556
f 2556 2545 2416
f 2228 2239 2424
f 2424 2416 2228
f 1770 1906 2239
f 2239 2228 1770
f 3053 3080 3084
f 3084 3062 3053
f 3028 3056 3080
f 3080 3053 3028
f 2978 3012 3056
f 3056 3028 2978
f 2860 2899 3012
f 3012 2978 2860
f 2754 2789 2899
f 2899 2860 2754
f 2652 2675 2789
f 2789 2754 2652
f 2534 2545 2675
f 2675 2652 2534
f 2406 2416 2545
f 2545 2534 2406
f 2217 2228 2416
f 2416 2406 2217
f 1929 1770 2228
f 2228 2217 1929
f 3035 3053 3062
f 3062 3039 3035
f 2997 3028 3053
f 3053 3035 2997
f 2920 2978 3028
f 3028 2997 2920
f 2832 2860 2978
f 2978 2920 2832
f 2728 2754 2860
f 2860 2832 2728
f 2634 2652 2754
f 2754 2728 2634
f 2528 2534 2652
f 2652 2634 2528
f 2396 2406 2534
f 2534 2528 2396
f 2202 2217 2406
f 2406 2396 2202
f 1765 1929 2217
f 2217 2202 1765
f 3017 3035 3039
f 3039 3027 3017
f 2980 2997 3035
f 3035 3017 2980
f 2896 2920 2997
f 2997 2980 2896
f 2812 2832 2920
f 2920 2896 2812
f 2715 2728 2832
f 2832 2812 2715
f 2618 2634 2728
f 2728 2715 2618
f 2523 2528 2634
f 2634 2618 2523
f 2392 2396 2528
f 2528 2523 2392
f 2196 2202 2396
f 2396 2392 2196
f 1724 1765 2202
f 2202 2196 1724
f 3007 3017 3027
f 3027 3023 3007
f 2969 2980 3017
f 3017 3007 2969
f 2887 2896 2980
f 2980 2969 2887
f 2802 2812 2896
f 2896 2887 2802
f 2709 2715 2812
f 2812 2802 2709
f 2609 2618 2715
f 2715 2709 2609
f 2519 2523 2618
f 2618 2609 2519
f 2386 2392 2523
f 2523 2519 2386
f 2190 2196 2392
f 2392 2386 2190
f 1759 1724 2196
f 2196 2190 1759
f 1329 1324 1785
f 1785 1782 1329
f 1162 1157 1324
f 1324 1329 1162
f 993 982 1157
f 1157 1162 993
f 845 838 982
f 982 993 845
f 669 660 838
f 838 845 669
f 542 535 660
f 660 669 542
f 490 485 535
f 535 542 490
f 438 429 485
f 485 490 438
f 404 396 429
f 429 438 404
f 387 376 396
f 396 404 387
f 1339 1329 1782
f 1782 1780 1339
f 1168 1162 1329
f 1329 1339 1168
f 1003 993 1162
f 1162 1168 1003
f 855 845 993
f 993 1003 855
f 695 669 845
f 845 855 695
f 559 542 669
f 669 695 559
f 500 490 542
f 542 559 500
f 446 438 490
f 490 500 446
f 416 404 438
f 438 446 416
f 408 387 404
f 404 416 408
f 1357 1339 1780
f 1780 1778 1357
f 1174 1168 1339
f 1339 1357 1174
f 1025 1003 1168
f 1168 1174 1025
f 883 855 1003
f 1003 1025 883
f 731 695 855
f 855 883 731
f 583 559 695
f 695 731 583
f 516 500 559
f 559 583 516
f 467 446 500
f 500 516 467
f 444 416 446
f 446 467 444
f 436 408 416
f 416 444 436
f 1371 1357 1778
f 1778 1776 1371
f 1188 1174 1357
f 1357 1371 1188
f 1042 1025 1174
f 1174 1188 1042
f 905 883 1025
f 1025 1042 905
f 769 731 883
f 883 905 769
f 624 583 731
f 731 769 624
f 532 516 583
f 583 624 532
f 502 467 516
f 516 532 502
f 459 444 467
f 467 502 459
f 452 436 444
f 444 459 452
f 1383 1371 1776
f 1776 1774 1383
f 1198 1188 1371
f 1371 1383 1198
f 1068 1042 1188
f 1188 1198 1068
f 929 905 1042
f 1042 1068 929
f 797 769 905
f 905 929 797
f 665 624 769
f 769 797 665
f 569 532 624
f 624 665 569
f 520 502 532
f 532 569 520
f 504 459 502
f 502 520 504
f 498 452 459
f 459 504 498
f 1394 1383 1774
f 1774 1771 1394
f 1206 1198 1383
f 1383 1394 1206
f 1077 1068 1198
f 1198 1206 1077
f 947 929 1068
f 1068 1077 947
f 833 797 929
f 929 947 833
f 723 665 797
f 797 833 723
f 610 569 665
f 665 723 610
f 549 520 569
f 569 610 549
f 522 504 520
f 520 549 522
f 518 498 504
f 504 522 518
f 1407 1394 1771
f 1771 1768 1407
f 1216 1206 1394
f 1394 1407 1216
f 1090 1077 1206
f 1206 1216 1090
f 972 947 1077
f 1077 1090 972
f 870 833 947
f 947 972 870
f 764 723 833
f 833 870 764
f 646 610 723
f 723 764 646
f 587 549 610
f 610 646 587
f 556 522 549
f 549 587 556
f 540 518 522
f 522 556 540
f 1420 1407 1768
f 1768 1764 1420
f 1226 1216 1407
f 1407 1420 1226
f 1096 1090 1216
f 1216 1226 1096
f 990 972 1090
f 1090 1096 990
f 896 870 972
f 972 990 896
f 792 764 870
f 870 896 792
f 704 646 764
f 764 792 704
f 627 587 646
f 646 704 627
f 582 556 587
f 587 627 582
f 574 540 556
f 556 582 574
f 1426 1420 1764
f 1764 1762 1426
f 1230 1226 1420
f 1420 1426 1230
f 1101 1096 1226
f 1226 1230 1101
f 1006 990 1096
f 1096 1101 1006
f 907 896 990
f 990 1006 907
f 812 792 896
f 896 907 812
f 728 704 792
f 792 812 728
f 644 627 704
f 704 728 644
f 607 582 627
f 627 644 607
f 592 574 582
f 582 607 592
f 1430 1426 1762
f 1762 1758 1430
f 1234 1230 1426
f 1426 1430 1234
f 1107 1101 1230
f 1230 1234 1107
f 1012 1006 1101
f 1101 1107 1012
f 912 907 1006
f 1006 1012 912
f 819 812 907
f 907 912 819
f 738 728 812
f 812 819 738
f 651 644 728
f 728 738 651
f 618 607 644
f 644 651 618
f 601 592 607
f 607 618 601
f 405 397 376
f 376 388 405
f 439 430 397
f 397 405 439
f 491 486 430
f 430 439 491
f 543 536 486
f 486 491 543
f 670 661 536
f 536 543 670
f 846 839 661
f 661 670 846
f 994 980 839
f 839 846 994
f 1163 1158 980
f 980 994 1163
f 1330 1325 1158
f 1158 1163 1330
f 1926 1786 1325
f 1325 1330 1926
f 417 405 388
f 388 409 417
f 447 439 405
f 405 417 447
f 501 491 439
f 439 447 501
f 560 543 491
f 491 501 560
f 696 670 543
f 543 560 696
f 856 846 670
f 670 696 856
f 1004 994 846
f 846 856 1004
f 1169 1163 994
f 994 1004 1169
f 1340 1330 1163
f 1163 1169 1340
f 1925 1926 1330
f 1330 1340 1925
f 445 417 409
f 409 437 445
f 468 447 417
f 417 445 468
f 517 501 447
f 447 468 517
f 584 560 501
f 501 517 584
f 732 696 560
f 560 584 732
f 884 856 696
f 696 732 884
f 1026 1004 856
f 856 884 1026
f 1175 1169 1004
f 1004 1026 1175
f 1358 1340 1169
f 1169 1175 1358
f 1908 1925 1340
f 1340 1358 1908
f 460 445 437
f 437 453 460
f 503 468 445
f 445 460 503
f 533 517 468
f 468 503 533
f 625 584 517
f 517 533 625
f 770 732 584
f 584 625 770
f 906 884 732
f 732 770 906
f 1041 1026 884
f 884 906 1041
f 1189 1175 1026
f 1026 1041 1189
f 1372 1358 1175
f 1175 1189 1372
f 1706 1908 1358
f 1358 1372 1706
f 505 460 453
f 453 499 505
f 521 503 460
f 460 505 521
f 570 533 503
f 503 521 570
f 666 625 533
f 533 570 666
f 798 770 625
f 625 666 798
f 930 906 770
f 770 798 930
f 1067 1041 906
f 906 930 1067
f 1199 1189 1041
f 1041 1067 1199
f 1384 1372 1189
f 1189 1199 1384
f 1705 1706 1372
f 1372 1384 1705
f 523 505 499
f 499 519 523
f 550 521 505
f 505 523 550
f 611 570 521
f 521 550 611
f 724 666 570
f 570 611 724
f 834 798 666
f 666 724 834
f 948 930 798
f 798 834 948
f 1078 1067 930
f 930 948 1078
f 1207 1199 1067
f 1067 1078 1207
f 1395 1384 1199
f 1199 1207 1395
f 1773 1705 1384
f 1384 1395 1773
f 555 523 519
f 519 541 555
f 588 550 523
f 523 555 588
f 645 611 550
f 550 588 645
f 763 724 611
f 611 645 763
f 869 834 724
f 724 763 869
f 971 948 834
f 834 869 971
f 1089 1078 948
f 948 971 1089
f 1217 1207 1078
f 1078 1089 1217
f 1406 1395 1207
f 1207 1217 1406
f 1692 1773 1395
f 1395 1406 1692
f 581 555 541
f 541 573 581
f 626 588 555
f 555 581 626
f 703 645 588
f 588 626 703
f 791 763 645
f 645 703 791
f 895 869 763
f 763 791 895
f 989 971 869
f 869 895 989
f 1095 1089 971
f 971 989 1095
f 1227 1217 1089
f 1089 1095 1227
f 1421 1406 1217
f 1217 1227 1421
f 1766 1692 1406
f 1406 1421 1766
f 606 581 573
f 573 591 606
f 643 626 581
f 581 606 643
f 727 703 626
f 626 643 727
f 811 791 703
f 703 727 811
f 908 895 791
f 791 811 908
f 1005 989 895
f 895 908 1005
f 1100 1095 989
f 989 1005 1100
f 1231 1227 1095
f 1095 1100 1231
f 1427 1421 1227
f 1227 1231 1427
f 1897 1766 1421
f 1421 1427 1897
f 615 606 591
f 591 598 615
f 653 643 606
f 606 615 653
f 735 727 643
f 643 653 735
f 820 811 727
f 727 735 820
f 913 908 811
f 811 820 913
f 1013 1005 908
f 908 913 1013
f 1103 1100 1005
f 1005 1013 1103
f 1236 1231 1100
f 1100 1103 1236
f 1432 1427 1231
f 1231 1236 1432
f 1760 1897 1427
f 1427 1432 1760
f 2294 2299 1786
f 1786 1783 2294
f 2461 2466 2299
f 2299 2294 2461
f 2630 2641 2466
f 2466 2461 2630
f 2778 2785 2641
f 2641 2630 2778
f 2954 2963 2785
f 2785 2778 2954
f 3061 3068 2963
f 2963 2954 3061
f 3135 3140 3068
f 3068 3061 3135
f 3167 3176 3140
f 3140 3135 3167
f 3195 3203 3176
f 3176 3167 3195
f 3208 3213 3203
f 3203 3195 3208
f 2284 2294 1783
f 1783 1781 2284
f 2455 2461 2294
f 2294 2284 2455
f 2620 2630 2461
f 2461 2455 2620
f 2768 2778 2630
f 2630 2620 2768
f 2928 2954 2778
f 2778 2768 2928
f 3051 3061 2954
f 2954 2928 3051
f 3125 3135 3061
f 3061 3051 3125
f 3159 3167 3135
f 3135 3125 3159
f 3181 3195 3167
f 3167 3159 3181
f 3191 3208 3195
f 3195 3181 3191
f 2266 2284 1781
f 1781 1779 2266
f 2449 2455 2284
f 2284 2266 2449
f 2598 2620 2455
f 2455 2449 2598
f 2740 2768 2620
f 2620 2598 2740
f 2892 2928 2768
f 2768 2740 2892
f 3033 3051 2928
f 2928 2892 3033
f 3087 3125 3051
f 3051 3033 3087
f 3145 3159 3125
f 3125 3087 3145
f 3161 3181 3159
f 3159 3145 3161
f 3169 3191 3181
f 3181 3161 3169
f 2252 2266 1779
f 1779 1777 2252
f 2435 2449 2266
f 2266 2252 2435
f 2581 2598 2449
f 2449 2435 2581
f 2718 2740 2598
f 2598 2581 2718
f 2854 2892 2740
f 2740 2718 2854
f 2999 3033 2892
f 2892 2854 2999
f 3071 3087 3033
f 3033 2999 3071
f 3123 3145 3087
f 3087 3071 3123
f 3147 3161 3145
f 3145 3123 3147
f 3153 3169 3161
f 3161 3147 3153
f 2240 2252 1777
f 1777 1775 2240
f 2425 2435 2252
f 2252 2240 2425
f 2555 2581 2435
f 2435 2425 2555
f 2694 2718 2581
f 2581 2555 2694
f 2826 2854 2718
f 2718 2694 2826
f 2958 2999 2854
f 2854 2826 2958
f 3043 3071 2999
f 2999 2958 3043
f 3083 3123 3071
f 3071 3043 3083
f 3121 3147 3123
f 3123 3083 3121
f 3127 3153 3147
f 3147 3121 3127
f 2229 2240 1775
f 1775 1772 2229
f 2417 2425 2240
f 2240 2229 2417
f 2546 2555 2425
f 2425 2417 2546
f 2676 2694 2555
f 2555 2546 2676
f 2790 2826 2694
f 2694 2676 2790
f 2900 2958 2826
f 2826 2790 2900
f 3013 3043 2958
f 2958 2900 3013
f 3057 3083 3043
f 3043 3013 3057
f 3081 3121 3083
f 3083 3057 3081
f 3085 3127 3121
f 3121 3081 3085
f 2216 2229 1772
f 1772 1769 2216
f 2407 2417 2229
f 2229 2216 2407
f 2533 2546 2417
f 2417 2407 2533
f 2651 2676 2546
f 2546 2533 2651
f 2753 2790 2676
f 2676 2651 2753
f 2859 2900 2790
f 2790 2753 2859
f 2977 3013 2900
f 2900 2859 2977
f 3029 3057 3013
f 3013 2977 3029
f 3052 3081 3057
f 3057 3029 3052
f 3063 3085 3081
f 3081 3052 3063
f 2203 2216 1769
f 1769 1767 2203
f 2397 2407 2216
f 2216 2203 2397
f 2527 2533 2407
f 2407 2397 2527
f 2633 2651 2533
f 2533 2527 2633
f 2727 2753 2651
f 2651 2633 2727
f 2831 2859 2753
f 2753 2727 2831
f 2919 2977 2859
f 2859 2831 2919
f 2996 3029 2977
f 2977 2919 2996
f 3034 3052 3029
f 3029 2996 3034
f 3038 3063 3052
f 3052 3034 3038
f 2197 2203 1767
f 1767 1763 2197
f 2393 2397 2203
f 2203 2197 2393
f 2522 2527 2397
f 2397 2393 2522
f 2617 2633 2527
f 2527 2522 2617
f 2716 2727 2633
f 2633 2617 2716
f 2811 2831 2727
f 2727 2716 2811
f 2895 2919 2831
f 2831 2811 2895
f 2979 2996 2919
f 2919 2895 2979
f 3016 3034 2996
f 2996 2979 3016
f 3026 3038 3034
f 3034 3016 3026
f 2193 2197 1763
f 1763 1761 2193
f 2389 2393 2197
f 2197 2193 2389
f 2516 2522 2393
f 2393 2389 2516
f 2610 2617 2522
f 2522 2516 2610
f 2710 2716 2617
f 2617 2610 2710
f 2803 2811 2716
f 2716 2710 2803
f 2885 2895 2811
f 2811 2803 2885
f 2971 2979 2895
f 2895 2885 2971
f 3005 3016 2979
f 2979 2971 3005
f 3022 3026 3016
f 3016 3005 3022
f 461 545 544
f 544 456 461
f 463 551 545
f 545 461 463
f 465 557 551
f 551 463 465
f 469 567 557
f 557 465 469
f 471 575 567
f 567 469 471
f 473 577 575
f 575 471 473
f 475 589 577
f 577 473 475
f 477 593 589
f 589 475 477
f 479 595 593
f 593 477 479
f 481 599 595
f 595 479 481
f 389 461 456
f 456 392 389
f 386 463 461
f 461 389 386
f 379 465 463
f 463 386 379
f 373 469 465
f 465 379 373
f 371 471 469
f 469 373 371
f 369 473 471
f 471 371 369
f 366 475 473
f 473 369 366
f 364 477 475
f 475 366 364
f 362 479 477
f 477 364 362
f 361 481 479
f 479 362 361
f 335 389 392
f 392 337 335
f 333 386 389
f 389 335 333
f 331 379 386
f 386 333 331
f 329 373 379
f 379 331 329
f 328 371 373
f 373 329 328
f 325 369 371
f 371 328 325
f 323 366 369
f 369 325 323
f 321 364 366
f 366 323 321
f 319 362 364
f 364 321 319
f 316 361 362
f 362 319 316
f 298 335 337
f 337 302 298
f 290 333 335
f 335 298 290
f 288 331 333
f 333 290 288
f 286 329 331
f 331 288 286
f 281 328 329
f 329 286 281
f 275 325 328
f 328 281 275
f 265 323 325
f 325 275 265
f 259 321 323
f 323 265 259
f 255 319 321
f 321 259 255
f 249 316 319
f 319 255 249
f 269 298 302
f 302 271 269
f 261 290 298
f 298 269 261
f 251 288 290
f 290 261 251
f 238 286 288
f 288 251 238
f 230 281 286
f 286 238 230
f 218 275 281
f 281 230 218
f 208 265 275
f 275 218 208
f 196 259 265
f 265 208 196
f 186 255 259
f 259 196 186
f 181 249 255
f 255 186 181
f 228 269 271
f 271 234 228
f 222 261 269
f 269 228 222
f 212 251 261
f 261 222 212
f 200 238 251
f 251 212 200
f 177 230 238
f 238 200 177
f 160 218 230
f 230 177 160
f 134 208 218
f 218 160 134
f 112 196 208
f 208 134 112
f 102 186 196
f 196 112 102
f 96 181 186
f 186 102 96
f 198 228 234
f 234 205 198
f 182 222 228
f 228 198 182
f 168 212 222
f 222 182 168
f 146 200 212
f 212 168 146
f 118 177 200
f 200 146 118
f 92 160 177
f 177 118 92
f 74 134 160
f 160 92 74
f 63 112 134
f 134 74 63
f 53 102 112
f 112 63 53
f 50 96 102
f 102 53 50
f 167 198 205
f 205 170 167
f 154 182 198
f 198 167 154
f 126 168 182
f 182 154 126
f 100 146 168
f 168 126 100
f 83 118 146
f 146 100 83
f 61 92 118
f 118 83 61
f 46 74 92
f 92 61 46
f 32 63 74
f 74 46 32
f 25 53 63
f 63 32 25
f 21 50 53
f 53 25 21
f 143 167 170
f 170 150 143
f 124 154 167
f 167 143 124
f 104 126 154
f 154 124 104
f 84 100 126
f 126 104 84
f 65 83 100
f 100 84 65
f 44 61 83
f 83 65 44
f 30 46 61
f 61 44 30
f 17 32 46
f 46 30 17
f 9 25 32
f 32 17 9
f 5 21 25
f 25 9 5
f 132 143 150
f 150 140 132
f 116 124 143
f 143 132 116
f 94 104 124
f 124 116 94
f 76 84 104
f 104 94 76
f 55 65 84
f 84 76 55
f 40 44 65
f 65 55 40
f 22 30 44
f 44 40 22
f 11 17 30
f 30 22 11
f 2 9 17
f 17 11 2
f 1 5 9
f 9 2 1
f 480 596 599
f 599 481 480
f 478 594 596
f 596 480 478
f 476 590 594
f 594 478 476
f 474 578 590
f 590 476 474
f 472 576 578
f 578 474 472
f 470 568 576
f 576 472 470
f 466 558 568
f 568 470 466
f 464 552 558
f 558 466 464
f 462 546 552
f 552 464 462
f 456 544 546
f 546 462 456
f 363 480 481
f 481 360 363
f 365 478 480
f 480 363 365
f 367 476 478
f 478 365 367
f 368 474 476
f 476 367 368
f 370 472 474
f 474 368 370
f 372 470 472
f 472 370 372
f 380 466 470
f 470 372 380
f 385 464 466
f 466 380 385
f 390 462 464
f 464 385 390
f 391 456 462
f 462 390 391
f 320 363 360
f 360 316 320
f 322 365 363
f 363 320 322
f 324 367 365
f 365 322 324
f 326 368 367
f 367 324 326
f 327 370 368
f 368 326 327
f 330 372 370
f 370 327 330
f 332 380 372
f 372 330 332
f 334 385 380
f 380 332 334
f 336 390 385
f 385 334 336
f 337 391 390
f 390 336 337
f 256 320 316
f 316 250 256
f 260 322 320
f 320 256 260
f 266 324 322
f 322 260 266
f 276 326 324
f 324 266 276
f 282 327 326
f 326 276 282
f 287 330 327
f 327 282 287
f 289 332 330
f 330 287 289
f 291 334 332
f 332 289 291
f 299 336 334
f 334 291 299
f 303 337 336
f 336 299 303
f 187 256 250
f 250 181 187
f 197 260 256
f 256 187 197
f 209 266 260
f 260 197 209
f 219 276 266
f 266 209 219
f 231 282 276
f 276 219 231
f 239 287 282
f 282 231 239
f 252 289 287
f 287 239 252
f 262 291 289
f 289 252 262
f 270 299 291
f 291 262 270
f 272 303 299
f 299 270 272
f 103 187 181
f 181 97 103
f 113 197 187
f 187 103 113
f 135 209 197
f 197 113 135
f 161 219 209
f 209 135 161
f 178 231 219
f 219 161 178
f 201 239 231
f 231 178 201
f 213 252 239
f 239 201 213
f 223 262 252
f 252 213 223
f 229 270 262
f 262 223 229
f 235 272 270
f 270 229 235
f 54 103 97
f 97 50 54
f 64 113 103
f 103 54 64
f 75 135 113
f 113 64 75
f 93 161 135
f 135 75 93
f 119 178 161
f 161 93 119
f 147 201 178
f 178 119 147
f 169 213 201
f 201 147 169
f 183 223 213
f 213 169 183
f 199 229 223
f 223 183 199
f 205 235 229
f 229 199 205
f 24 54 50
f 50 21 24
f 33 64 54
f 54 24 33
f 47 75 64
f 64 33 47
f 62 93 75
f 75 47 62
f 82 119 93
f 93 62 82
f 101 147 119
f 119 82 101
f 127 169 147
f 147 101 127
f 155 183 169
f 169 127 155
f 166 199 183
f 183 155 166
f 171 205 199
f 199 166 171
f 10 24 21
f 21 6 10
f 18 33 24
f 24 10 18
f 31 47 33
f 33 18 31
f 45 62 47
f 47 31 45
f 66 82 62
f 62 45 66
f 85 101 82
f 82 66 85
f 105 127 101
f 101 85 105
f 125 155 127
f 127 105 125
f 144 166 155
f 155 125 144
f 151 171 166
f 166 144 151
f 3 10 6
f 6 1 3
f 12 18 10
f 10 3 12
f 23 31 18
f 18 12 23
f 41 45 31
f 31 23 41
f 56 66 45
f 45 41 56
f 77 85 66
f 66 56 77
f 95 105 85
f 85 77 95
f 117 125 105
f 105 95 117
f 133 144 125
f 125 117 133
f 140 151 144
f 144 133 140
f 138 132 140
f 140 145 138
f 122 116 132
f 132 138 122
f 98 94 116
f 116 122 98
f 80 76 94
f 94 98 80
f 60 55 76
f 76 80 60
f 42 40 55
f 55 60 42
f 28 22 40
f 40 42 28
f 13 11 22
f 22 28 13
f 7 2 11
f 11 13 7
f 4 1 2
f 2 7 4
f 152 138 145
f 145 158 152
f 136 122 138
f 138 152 136
f 108 98 122
f 122 136 108
f 89 80 98
f 98 108 89
f 70 60 80
f 80 89 70
f 52 42 60
f 60 70 52
f 38 28 42
f 42 52 38
f 26 13 28
f 28 38 26
f 19 7 13
f 13 26 19
f 15 4 7
f 7 19 15
f 173 152 158
f 158 176 173
f 162 136 152
f 152 173 162
f 142 108 136
f 136 162 142
f 111 89 108
f 108 142 111
f 91 70 89
f 89 111 91
f 73 52 70
f 70 91 73
f 58 38 52
f 52 73 58
f 48 26 38
f 38 58 48
f 37 19 26
f 26 48 37
f 35 15 19
f 19 37 35
f 194 173 176
f 176 202 194
f 184 162 173
f 173 194 184
f 174 142 162
f 162 184 174
f 156 111 142
f 142 174 156
f 128 91 111
f 111 156 128
f 106 73 91
f 91 128 106
f 86 58 73
f 73 106 86
f 78 48 58
f 58 86 78
f 68 37 48
f 48 78 68
f 67 35 37
f 37 68 67
f 221 194 202
f 202 225 221
f 216 184 194
f 194 221 216
f 206 174 184
f 184 216 206
f 192 156 174
f 174 206 192
f 180 128 156
f 156 192 180
f 164 106 128
f 128 180 164
f 148 86 106
f 106 164 148
f 130 78 86
f 86 148 130
f 121 68 78
f 78 130 121
f 115 67 68
f 68 121 115
f 244 221 225
f 225 247 244
f 240 216 221
f 221 244 240
f 236 206 216
f 216 240 236
f 233 192 206
f 206 236 233
f 227 180 192
f 192 233 227
f 215 164 180
f 180 227 215
f 210 148 164
f 164 215 210
f 203 130 148
f 148 210 203
f 191 121 130
f 130 203 191
f 188 115 121
f 121 191 188
f 284 244 247
f 247 285 284
f 279 240 244
f 244 284 279
f 277 236 240
f 240 279 277
f 273 233 236
f 236 277 273
f 267 227 233
f 233 273 267
f 263 215 227
f 227 267 263
f 258 210 215
f 215 263 258
f 253 203 210
f 210 258 253
f 245 191 203
f 203 253 245
f 242 188 191
f 191 245 242
f 315 284 285
f 285 318 315
f 312 279 284
f 284 315 312
f 311 277 279
f 279 312 311
f 309 273 277
f 277 311 309
f 307 267 273
f 273 309 307
f 305 263 267
f 267 307 305
f 301 258 263
f 263 305 301
f 297 253 258
f 258 301 297
f 295 245 253
f 253 297 295
f 293 242 245
f 245 295 293
f 341 315 318
f 318 339 341
f 343 312 315
f 315 341 343
f 345 311 312
f 312 343 345
f 347 309 311
f 311 345 347
f 349 307 309
f 309 347 349
f 351 305 307
f 307 349 351
f 353 301 305
f 305 351 353
f 355 297 301
f 301 353 355
f 357 295 297
f 297 355 357
f 359 293 295
f 295 357 359
f 378 341 339
f 339 376 378
f 384 343 341
f 341 378 384
f 394 345 343
f 343 384 394
f 403 347 345
f 345 394 403
f 406 349 347
f 347 403 406
f 415 351 349
f 349 406 415
f 419 353 351
f 351 415 419
f 423 355 353
f 353 419 423
f 425 357 355
f 355 423 425
f 427 359 357
f 357 425 427
f 8 3 1
f 1 4 8
f 14 12 3
f 3 8 14
f 29 23 12
f 12 14 29
f 43 41 23
f 23 29 43
f 59 56 41
f 41 43 59
f 81 77 56
f 56 59 81
f 99 95 77
f 77 81 99
f 123 117 95
f 95 99 123
f 139 133 117
f 117 123 139
f 145 140 133
f 133 139 145
f 20 8 4
f 4 16 20
f 27 14 8
f 8 20 27
f 39 29 14
f 14 27 39
f 51 43 29
f 29 39 51
f 71 59 43
f 43 51 71
f 88 81 59
f 59 71 88
f 109 99 81
f 81 88 109
f 137 123 99
f 99 109 137
f 153 139 123
f 123 137 153
f 159 145 139
f 139 153 159
f 36 20 16
f 16 34 36
f 49 27 20
f 20 36 49
f 57 39 27
f 27 49 57
f 72 51 39
f 39 57 72
f 90 71 51
f 51 72 90
f 110 88 71
f 71 90 110
f 141 109 88
f 88 110 141
f 163 137 109
f 109 141 163
f 172 153 137
f 137 163 172
f 176 159 153
f 153 172 176
f 69 36 34
f 34 67 69
f 79 49 36
f 36 69 79
f 87 57 49
f 49 79 87
f 107 72 57
f 57 87 107
f 129 90 72
f 72 107 129
f 157 110 90
f 90 129 157
f 175 141 110
f 110 157 175
f 185 163 141
f 141 175 185
f 195 172 163
f 163 185 195
f 202 176 172
f 172 195 202
f 120 69 67
f 67 114 120
f 131 79 69
f 69 120 131
f 149 87 79
f 79 131 149
f 165 107 87
f 87 149 165
f 179 129 107
f 107 165 179
f 193 157 129
f 129 179 193
f 207 175 157
f 157 193 207
f 217 185 175
f 175 207 217
f 220 195 185
f 185 217 220
f 224 202 195
f 195 220 224
f 190 120 114
f 114 189 190
f 204 131 120
f 120 190 204
f 211 149 131
f 131 204 211
f 214 165 149
f 149 211 214
f 226 179 165
f 165 214 226
f 232 193 179
f 179 226 232
f 237 207 193
f 193 232 237
f 241 217 207
f 207 237 241
f 243 220 217
f 217 241 243
f 248 224 220
f 220 243 248
f 246 190 189
f 189 242 246
f 254 204 190
f 190 246 254
f 257 211 204
f 204 254 257
f 264 214 211
f 211 257 264
f 268 226 214
f 214 264 268
f 274 232 226
f 226 268 274
f 278 237 232
f 232 274 278
f 280 241 237
f 237 278 280
f 283 243 241
f 241 280 283
f 285 248 243
f 243 283 285
f 294 246 242
f 242 292 294
f 296 254 246
f 246 294 296
f 300 257 254
f 254 296 300
f 304 264 257
f 257 300 304
f 306 268 264
f 264 304 306
f 308 274 268
f 268 306 308
f 310 278 274
f 274 308 310
f 313 280 278
f 278 310 313
f 314 283 280
f 280 313 314
f 317 285 283
f 283 314 317
f 356 294 292
f 292 358 356
f 354 296 294
f 294 356 354
f 352 300 296
f 296 354 352
f 350 304 300
f 300 352 350
f 348 306 304
f 304 350 348
f 346 308 306
f 306 348 346
f 344 310 308
f 308 346 344
f 342 313 310
f 310 344 342
f 340 314 313
f 313 342 340
f 338 317 314
f 314 340 338
f 424 356 358
f 358 426 424
f 422 354 356
f 356 424 422
f 418 352 354
f 354 422 418
f 414 350 352
f 352 418 414
f 407 348 350
f 350 414 407
f 402 346 348
f 348 407 402
f 393 344 346
f 346 402 393
f 383 342 344
f 344 393 383
f 377 340 342
f 342 383 377
f 375 338 340
f 340 377 375
f 3186 3113 3115
f 3115 3182 3186
f 3192 3110 3113
f 3113 3186 3192
f 3196 3109 3110
f 3110 3192 3196
f 3205 3106 3109
f 3109 3196 3205
f 3211 3104 3106
f 3106 3205 3211
f 3215 3102 3104
f 3104 3211 3215
f 3217 3101 3102
f 3102 3215 3217
f 3220 3098 3101
f 3101 3217 3220
f 3222 3097 3098
f 3098 3220 3222
f 3223 3095 3097
f 3097 3222 3223
f 3227 3186 3182
f 3182 3225 3227
f 3229 3192 3186
f 3186 3227 3229
f 3231 3196 3192
f 3192 3229 3231
f 3233 3205 3196
f 3196 3231 3233
f 3235 3211 3205
f 3205 3233 3235
f 3241 3215 3211
f 3211 3235 3241
f 3245 3217 3215
f 3215 3241 3245
f 3249 3220 3217
f 3217 3245 3249
f 3251 3222 3220
f 3220 3249 3251
f 3253 3223 3222
f 3222 3251 3253
f 3239 3227 3225
f 3225 3237 3239
f 3243 3229 3227
f 3227 3239 3243
f 3247 3231 3229
f 3229 3243 3247
f 3257 3233 3231
f 3231 3247 3257
f 3263 3235 3233
f 3233 3257 3263
f 3271 3241 3235
f 3235 3263 3271
f 3279 3245 3241
f 3241 3271 3279
f 3285 3249 3245
f 3245 3279 3285
f 3293 3251 3249
f 3249 3285 3293
f 3297 3253 3251
f 3251 3293 3297
f 3259 3239 3237
f 3237 3255 3259
f 3261 3243 3239
f 3239 3259 3261
f 3265 3247 3243
f 3243 3261 3265
f 3275 3257 3247
f 3247 3265 3275
f 3287 3263 3257
f 3257 3275 3287
f 3303 3271 3263
f 3263 3287 3303
f 3314 3279 3271
f 3271 3303 3314
f 3320 3285 3279
f 3279 3314 3320
f 3330 3293 3285
f 3285 3320 3330
f 3332 3297 3293
f 3293 3330 3332
f 3270 3259 3255
f 3255 3268 3270
f 3273 3261 3259
f 3259 3270 3273
f 3283 3265 3261
f 3261 3273 3283
f 3299 3275 3265
f 3265 3283 3299
f 3308 3287 3275
f 3275 3299 3308
f 3322 3303 3287
f 3287 3308 3322
f 3338 3314 3303
f 3303 3322 3338
f 3346 3320 3314
f 3314 3338 3346
f 3351 3330 3320
f 3320 3346 3351
f 3355 3332 3330
f 3330 3351 3355
f 3282 3270 3268
f 3268 3278 3282
f 3290 3273 3270
f 3270 3282 3290
f 3302 3283 3273
f 3273 3290 3302
f 3312 3299 3283
f 3283 3302 3312
f 3324 3308 3299
f 3299 3312 3324
f 3340 3322 3308
f 3308 3324 3340
f 3353 3338 3322
f 3322 3340 3353
f 3368 3346 3338
f 3338 3353 3368
f 3373 3351 3346
f 3346 3368 3373
f 3379 3355 3351
f 3351 3373 3379
f 3295 3282 3278
f 3278 3292 3295
f 3306 3290 3282
f 3282 3295 3306
f 3316 3302 3290
f 3290 3306 3316
f 3326 3312 3302
f 3302 3316 3326
f 3345 3324 3312
f 3312 3326 3345
f 3359 3340 3324
f 3324 3345 3359
f 3376 3353 3340
f 3340 3359 3376
f 3394 3368 3353
f 3353 3376 3394
f 3404 3373 3368
f 3368 3394 3404
f 3406 3379 3373
f 3373 3404 3406
f 3310 3295 3292
f 3292 3307 3310
f 3318 3306 3295
f 3295 3310 3318
f 3336 3316 3306
f 3306 3318 3336
f 3348 3326 3316
f 3316 3336 3348
f 3369 3345 3326
f 3326 3348 3369
f 3389 3359 3345
f 3345 3369 3389
f 3425 3376 3359
f 3359 3389 3425
f 3449 3394 3376
f 3376 3425 3449
f 3468 3404 3394
f 3394 3449 3468
f 3472 3406 3404
f 3404 3468 3472
f 3335 3310 3307
f 3307 3329 3335
f 3343 3318 3310
f 3310 3335 3343
f 3362 3336 3318
f 3318 3343 3362
f 3386 3348 3336
f 3336 3362 3386
f 3422 3369 3348
f 3348 3386 3422
f 3464 3389 3369
f 3369 3422 3464
f 3490 3425 3389
f 3389 3464 3490
f 3505 3449 3425
f 3425 3490 3505
f 3521 3468 3449
f 3449 3505 3521
f 3523 3472 3468
f 3468 3521 3523
f 3364 3335 3329
f 3329 3357 3364
f 3382 3343 3335
f 3335 3364 3382
f 3416 3362 3343
f 3343 3382 3416
f 3465 3386 3362
f 3362 3416 3465
f 3495 3422 3386
f 3386 3465 3495
f 3528 3464 3422
f 3422 3495 3528
f 3553 3490 3464
f 3464 3528 3553
f 3579 3505 3490
f 3490 3553 3579
f 3592 3521 3505
f 3505 3579 3592
f 3604 3523 3521
f 3521 3592 3604
f 3221 3096 3094
f 3094 3224 3221
f 3219 3099 3096
f 3096 3221 3219
f 3218 3100 3099
f 3099 3219 3218
f 3216 3103 3100
f 3100 3218 3216
f 3212 3105 3103
f 3103 3216 3212
f 3206 3107 3105
f 3105 3212 3206
f 3197 3108 3107
f 3107 3206 3197
f 3193 3111 3108
f 3108 3197 3193
f 3187 3112 3111
f 3111 3193 3187
f 3183 3114 3112
f 3112 3187 3183
f 3252 3221 3224
f 3224 3254 3252
f 3250 3219 3221
f 3221 3252 3250
f 3246 3218 3219
f 3219 3250 3246
f 3242 3216 3218
f 3218 3246 3242
f 3236 3212 3216
f 3216 3242 3236
f 3234 3206 3212
f 3212 3236 3234
f 3232 3197 3206
f 3206 3234 3232
f 3230 3193 3197
f 3197 3232 3230
f 3228 3187 3193
f 3193 3230 3228
f 3226 3183 3187
f 3187 3228 3226
f 3294 3252 3254
f 3254 3298 3294
f 3286 3250 3252
f 3252 3294 3286
f 3280 3246 3250
f 3250 3286 3280
f 3272 3242 3246
f 3246 3280 3272
f 3264 3236 3242
f 3242 3272 3264
f 3258 3234 3236
f 3236 3264 3258
f 3248 3232 3234
f 3234 3258 3248
f 3244 3230 3232
f 3232 3248 3244
f 3240 3228 3230
f 3230 3244 3240
f 3238 3226 3228
f 3228 3240 3238
f 3331 3294 3298
f 3298 3333 3331
f 3321 3286 3294
f 3294 3331 3321
f 3315 3280 3286
f 3286 3321 3315
f 3304 3272 3280
f 3280 3315 3304
f 3288 3264 3272
f 3272 3304 3288
f 3276 3258 3264
f 3264 3288 3276
f 3266 3248 3258
f 3258 3276 3266
f 3262 3244 3248
f 3248 3266 3262
f 3260 3240 3244
f 3244 3262 3260
f 3256 3238 3240
f 3240 3260 3256
f 3350 3331 3333
f 3333 3354 3350
f 3347 3321 3331
f 3331 3350 3347
f 3339 3315 3321
f 3321 3347 3339
f 3323 3304 3315
f 3315 3339 3323
f 3309 3288 3304
f 3304 3323 3309
f 3300 3276 3288
f 3288 3309 3300
f 3284 3266 3276
f 3276 3300 3284
f 3274 3262 3266
f 3266 3284 3274
f 3269 3260 3262
f 3262 3274 3269
f 3267 3256 3260
f 3260 3269 3267
f 3372 3350 3354
f 3354 3378 3372
f 3367 3347 3350
f 3350 3372 3367
f 3352 3339 3347
f 3347 3367 3352
f 3341 3323 3339
f 3339 3352 3341
f 3325 3309 3323
f 3323 3341 3325
f 3313 3300 3309
f 3309 3325 3313
f 3301 3284 3300
f 3300 3313 3301
f 3289 3274 3284
f 3284 3301 3289
f 3281 3269 3274
f 3274 3289 3281
f 3277 3267 3269
f 3269 3281 3277
f 3403 3372 3378
f 3378 3405 3403
f 3393 3367 3372
f 3372 3403 3393
f 3377 3352 3367
f 3367 3393 3377
f 3360 3341 3352
f 3352 3377 3360
f 3344 3325 3341
f 3341 3360 3344
f 3327 3313 3325
f 3325 3344 3327
f 3317 3301 3313
f 3313 3327 3317
f 3305 3289 3301
f 3301 3317 3305
f 3296 3281 3289
f 3289 3305 3296
f 3291 3277 3281
f 3281 3296 3291
f 3469 3403 3405
f 3405 3472 3469
f 3450 3393 3403
f 3403 3469 3450
f 3426 3377 3393
f 3393 3450 3426
f 3390 3360 3377
f 3377 3426 3390
f 3370 3344 3360
f 3360 3390 3370
f 3349 3327 3344
f 3344 3370 3349
f 3337 3317 3327
f 3327 3349 3337
f 3319 3305 3317
f 3317 3337 3319
f 3311 3296 3305
f 3305 3319 3311
f 3307 3291 3296
f 3296 3311 3307
f 3520 3469 3472
f 3472 3522 3520
f 3504 3450 3469
f 3469 3520 3504
f 3489 3426 3450
f 3450 3504 3489
f 3463 3390 3426
f 3426 3489 3463
f 3421 3370 3390
f 3390 3463 3421
f 3385 3349 3370
f 3370 3421 3385
f 3361 3337 3349
f 3349 3385 3361
f 3342 3319 3337
f 3337 3361 3342
f 3334 3311 3319
f 3319 3342 3334
f 3328 3307 3311
f 3311 3334 3328
f 3591 3520 3522
f 3522 3603 3591
f 3578 3504 3520
f 3520 3591 3578
f 3552 3489 3504
f 3504 3578 3552
f 3530 3463 3489
f 3489 3552 3530
f 3499 3421 3463
f 3463 3530 3499
f 3467 3385 3421
f 3421 3499 3467
f 3415 3361 3385
f 3385 3467 3415
f 3381 3342 3361
f 3361 3415 3381
f 3363 3334 3342
f 3342 3381 3363
f 3356 3328 3334
f 3334 3363 3356
f 3374 3365 3358
f 3358 3371 3374
f 3395 3383 3365
f 3365 3374 3395
f 3443 3417 3383
f 3383 3395 3443
f 3481 3466 3417
f 3417 3443 3481
f 3514 3496 3466
f 3466 3481 3514
f 3545 3529 3496
f 3496 3514 3545
f 3573 3551 3529
f 3529 3545 3573
f 3597 3577 3551
f 3551 3573 3597
f 3613 3590 3577
f 3577 3597 3613
f 3619 3603 3590
f 3590 3613 3619
f 3387 3374 3371
f 3371 3380 3387
f 3413 3395 3374
f 3374 3387 3413
f 3461 3443 3395
f 3395 3413 3461
f 3493 3481 3443
f 3443 3461 3493
f 3524 3514 3481
f 3481 3493 3524
f 3556 3545 3514
f 3514 3524 3556
f 3584 3573 3545
f 3545 3556 3584
f 3611 3597 3573
f 3573 3584 3611
f 3628 3613 3597
f 3597 3611 3628
f 3632 3619 3613
f 3613 3628 3632
f 3398 3387 3380
f 3380 3391 3398
f 3435 3413 3387
f 3387 3398 3435
f 3473 3461 3413
f 3413 3435 3473
f 3500 3493 3461
f 3461 3473 3500
f 3531 3524 3493
f 3493 3500 3531
f 3562 3556 3524
f 3524 3531 3562
f 3595 3584 3556
f 3556 3562 3595
f 3617 3611 3584
f 3584 3595 3617
f 3633 3628 3611
f 3611 3617 3633
f 3641 3632 3628
f 3628 3633 3641
f 3409 3398 3391
f 3391 3400 3409
f 3447 3435 3398
f 3398 3409 3447
f 3477 3473 3435
f 3435 3447 3477
f 3506 3500 3473
f 3473 3477 3506
f 3540 3531 3500
f 3500 3506 3540
f 3567 3562 3531
f 3531 3540 3567
f 3601 3595 3562
f 3562 3567 3601
f 3624 3617 3595
f 3595 3601 3624
f 3639 3633 3617
f 3617 3624 3639
f 3644 3641 3633
f 3633 3639 3644
f 3433 3409 3400
f 3400 3411 3433
f 3453 3447 3409
f 3409 3433 3453
f 3483 3477 3447
f 3447 3453 3483
f 3510 3506 3477
f 3477 3483 3510
f 3543 3540 3506
f 3506 3510 3543
f 3569 3567 3540
f 3540 3543 3569
f 3599 3601 3567
f 3567 3569 3599
f 3622 3624 3601
f 3601 3599 3622
f 3637 3639 3624
f 3624 3622 3637
f 3642 3644 3639
f 3639 3637 3642
f 3439 3433 3411
f 3411 3424 3439
f 3458 3453 3433
f 3433 3439 3458
f 3487 3483 3453
f 3453 3458 3487
f 3513 3510 3483
f 3483 3487 3513
f 3542 3543 3510
f 3510 3513 3542
f 3566 3569 3543
f 3543 3542 3566
f 3593 3599 3569
f 3569 3566 3593
f 3616 3622 3599
f 3599 3593 3616
f 3630 3637 3622
f 3622 3616 3630
f 3636 3642 3637
f 3637 3630 3636
f 3441 3439 3424
f 3424 3429 3441
f 3459 3458 3439
f 3439 3441 3459
f 3485 3487 3458
f 3458 3459 3485
f 3508 3513 3487
f 3487 3485 3508
f 3533 3542 3513
f 3513 3508 3533
f 3558 3566 3542
f 3542 3533 3558
f 3582 3593 3566
f 3566 3558 3582
f 3607 3616 3593
f 3593 3582 3607
f 3620 3630 3616
f 3616 3607 3620
f 3626 3636 3630
f 3630 3620 3626
f 3437 3441 3429
f 3429 3427 3437
f 3455 3459 3441
f 3441 3437 3455
f 3479 3485 3459
f 3459 3455 3479
f 3502 3508 3485
f 3485 3479 3502
f 3526 3533 3508
f 3508 3502 3526
f 3547 3558 3533
f 3533 3526 3547
f 3571 3582 3558
f 3558 3547 3571
f 3588 3607 3582
f 3582 3571 3588
f 3605 3620 3607
f 3607 3588 3605
f 3609 3626 3620
f 3620 3605 3609
f 3419 3437 3427
f 3427 3408 3419
f 3445 3455 3437
f 3437 3419 3445
f 3470 3479 3455
f 3455 3445 3470
f 3492 3502 3479
f 3479 3470 3492
f 3517 3526 3502
f 3502 3492 3517
f 3536 3547 3526
f 3526 3517 3536
f 3554 3571 3547
f 3547 3536 3554
f 3575 3588 3571
f 3571 3554 3575
f 3580 3605 3588
f 3588 3575 3580
f 3587 3609 3605
f 3605 3580 3587
f 3401 3419 3408
f 3408 3397 3401
f 3431 3445 3419
f 3419 3401 3431
f 3451 3470 3445
f 3445 3431 3451
f 3475 3492 3470
f 3470 3451 3475
f 3497 3517 3492
f 3492 3475 3497
f 3518 3536 3517
f 3517 3497 3518
f 3537 3554 3536
f 3536 3518 3537
f 3549 3575 3554
f 3554 3537 3549
f 3560 3580 3575
f 3575 3549 3560
f 3564 3587 3580
f 3580 3560 3564
f 3614 3591 3603
f 3603 3619 3614
f 3598 3578 3591
f 3591 3614 3598
f 3574 3552 3578
f 3578 3598 3574
f 3546 3530 3552
f 3552 3574 3546
f 3515 3499 3530
f 3530 3546 3515
f 3482 3467 3499
f 3499 3515 3482
f 3444 3418 3467
f 3467 3482 3444
f 3396 3384 3418
f 3418 3444 3396
f 3375 3366 3384
f 3384 3396 3375
f 3371 3358 3366
f 3366 3375 3371
f 3629 3614 3619
f 3619 3632 3629
f 3612 3598 3614
f 3614 3629 3612
f 3585 3574 3598
f 3598 3612 3585
f 3557 3546 3574
f 3574 3585 3557
f 3525 3515 3546
f 3546 3557 3525
f 3494 3482 3515
f 3515 3525 3494
f 3462 3444 3482
f 3482 3494 3462
f 3414 3396 3444
f 3444 3462 3414
f 3388 3375 3396
f 3396 3414 3388
f 3380 3371 3375
f 3375 3388 3380
f 3634 3629 3632
f 3632 3641 3634
f 3618 3612 3629
f 3629 3634 3618
f 3596 3585 3612
f 3612 3618 3596
f 3563 3557 3585
f 3585 3596 3563
f 3532 3525 3557
f 3557 3563 3532
f 3501 3494 3525
f 3525 3532 3501
f 3474 3462 3494
f 3494 3501 3474
f 3436 3414 3462
f 3462 3474 3436
f 3399 3388 3414
f 3414 3436 3399
f 3392 3380 3388
f 3388 3399 3392
f 3640 3634 3641
f 3641 3644 3640
f 3625 3618 3634
f 3634 3640 3625
f 3602 3596 3618
f 3618 3625 3602
f 3568 3563 3596
f 3596 3602 3568
f 3539 3532 3563
f 3563 3568 3539
f 3507 3501 3532
f 3532 3539 3507
f 3478 3474 3501
f 3501 3507 3478
f 3448 3436 3474
f 3474 3478 3448
f 3410 3399 3436
f 3436 3448 3410
f 3400 3392 3399
f 3399 3410 3400
f 3638 3640 3644
f 3644 3643 3638
f 3623 3625 3640
f 3640 3638 3623
f 3600 3602 3625
f 3625 3623 3600
f 3570 3568 3602
f 3602 3600 3570
f 3544 3539 3568
f 3568 3570 3544
f 3511 3507 3539
f 3539 3544 3511
f 3484 3478 3507
f 3507 3511 3484
f 3454 3448 3478
f 3478 3484 3454
f 3434 3410 3448
f 3448 3454 3434
f 3412 3400 3410
f 3410 3434 3412
f 3631 3638 3643
f 3643 3635 3631
f 3615 3623 3638
f 3638 3631 3615
f 3594 3600 3623
f 3623 3615 3594
f 3565 3570 3600
f 3600 3594 3565
f 3541 3544 3570
f 3570 3565 3541
f 3512 3511 3544
f 3544 3541 3512
f 3488 3484 3511
f 3511 3512 3488
f 3457 3454 3484
f 3484 3488 3457
f 3440 3434 3454
f 3454 3457 3440
f 3423 3412 3434
f 3434 3440 3423
f 3621 3631 3635
f 3635 3627 3621
f 3608 3615 3631
f 3631 3621 3608
f 3583 3594 3615
f 3615 3608 3583
f 3559 3565 3594
f 3594 3583 3559
f 3534 3541 3565
f 3565 3559 3534
f 3509 3512 3541
f 3541 3534 3509
f 3486 3488 3512
f 3512 3509 3486
f 3460 3457 3488
f 3488 3486 3460
f 3442 3440 3457
f 3457 3460 3442
f 3430 3423 3440
f 3440 3442 3430
f 3606 3621 3627
f 3627 3610 3606
f 3589 3608 3621
f 3621 3606 3589
f 3572 3583 3608
f 3608 3589 3572
f 3548 3559 3583
f 3583 3572 3548
f 3527 3534 3559
f 3559 3548 3527
f 3503 3509 3534
f 3534 3527 3503
f 3480 3486 3509
f 3509 3503 3480
f 3456 3460 3486
f 3486 3480 3456
f 3438 3442 3460
f 3460 3456 3438
f 3428 3430 3442
f 3442 3438 3428
f 3581 3606 3610
f 3610 3586 3581
f 3576 3589 3606
f 3606 3581 3576
f 3555 3572 3589
f 3589 3576 3555
f 3535 3548 3572
f 3572 3555 3535
f 3516 3527 3548
f 3548 3535 3516
f 3491 3503 3527
f 3527 3516 3491
f 3471 3480 3503
f 3503 3491 3471
f 3446 3456 3480
f 3480 3471 3446
f 3420 3438 3456
f 3456 3446 3420
f 3407 3428 3438
f 3438 3420 3407
f 3561 3581 3586
f 3586 3564 3561
f 3550 3576 3581
f 3581 3561 3550
f 3538 3555 3576
f 3576 3550 3538
f 3519 3535 3555
f 3555 3538 3519
f 3498 3516 3535
f 3535 3519 3498
f 3476 3491 3516
f 3516 3498 3476
f 3452 3471 3491
f 3491 3476 3452
f 3432 3446 3471
f 3471 3452 3432
f 3402 3420 3446
f 3446 3432 3402
f 3397 3407 3420
f 3420 3402 3397
f 1888 2110 2104
f 1888 2104 2096
f 1888 2096 2076
f 1888 2076 2048
f 1888 2048 2030
f 1888 2030 2006
f 1888 2006 1982
f 1888 1982 1960
f 1888 1960 1936
f 1888 1936 1732
f 2257 2104 2110
f 2110 2261 2257
f 2249 2096 2104
f 2104 2257 2249
f 2226 2076 2096
f 2096 2249 2226
f 2200 2048 2076
f 2076 2226 2200
f 2142 2030 2048
f 2048 2200 2142
f 2094 2006 2030
f 2030 2142 2094
f 2036 1982 2006
f 2006 2094 2036
f 1988 1960 1982
f 1982 2036 1988
f 1948 1936 1960
f 1960 1988 1948
f 1728 1732 1936
f 1936 1948 1728
f 2310 2257 2261
f 2261 2315 2310
f 2300 2249 2257
f 2257 2310 2300
f 2279 2226 2249
f 2249 2300 2279
f 2243 2200 2226
f 2226 2279 2243
f 2204 2142 2200
f 2200 2243 2204
f 2132 2094 2142
f 2142 2204 2132
f 2067 2036 2094
f 2094 2132 2067
f 2000 1988 2036
f 2036 2067 2000
f 1956 1948 1988
f 1988 2000 1956
f 1734 1728 1948
f 1948 1956 1734
f 2312 2310 2315
f 2315 2316 2312
f 2302 2300 2310
f 2310 2312 2302
f 2281 2279 2300
f 2300 2302 2281
f 2245 2243 2279
f 2279 2281 2245
f 2206 2204 2243
f 2243 2245 2206
f 2134 2132 2204
f 2204 2206 2134
f 2068 2067 2132
f 2132 2134 2068
f 2002 2000 2067
f 2067 2068 2002
f 1958 1956 2000
f 2000 2002 1958
f 1878 1734 1956
f 1956 1958 1878
f 2285 2312 2316
f 2316 2289 2285
f 2259 2302 2312
f 2312 2285 2259
f 2241 2281 2302
f 2302 2259 2241
f 2214 2245 2281
f 2281 2241 2214
f 2168 2206 2245
f 2245 2214 2168
f 2106 2134 2206
f 2206 2168 2106
f 2042 2068 2134
f 2134 2106 2042
f 1994 2002 2068
f 2068 2042 1994
f 1952 1958 2002
f 2002 1994 1952
f 1731 1878 1958
f 1958 1952 1731
f 2220 2285 2289
f 2289 2225 2220
f 2210 2259 2285
f 2285 2220 2210
f 2186 2241 2259
f 2259 2210 2186
f 2146 2214 2241
f 2241 2186 2146
f 2108 2168 2214
f 2214 2146 2108
f 2060 2106 2168
f 2168 2108 2060
f 2018 2042 2106
f 2106 2060 2018
f 1978 1994 2042
f 2042 2018 1978
f 1944 1952 1994
f 1994 1978 1944
f 1727 1731 1952
f 1952 1944 1727
f 2141 2220 2225
f 2225 2145 2141
f 2127 2210 2220
f 2220 2141 2127
f 2112 2186 2210
f 2210 2127 2112
f 2084 2146 2186
f 2186 2112 2084
f 2044 2108 2146
f 2146 2084 2044
f 2024 2060 2108
f 2108 2044 2024
f 1992 2018 2060
f 2060 2024 1992
f 1970 1978 2018
f 2018 1992 1970
f 1942 1944 1978
f 1978 1970 1942
f 1721 1727 1944
f 1944 1942 1721
f 2079 2141 2145
f 2145 2087 2079
f 2075 2127 2141
f 2141 2079 2075
f 2055 2112 2127
f 2127 2075 2055
f 2039 2084 2112
f 2112 2055 2039
f 2021 2044 2084
f 2084 2039 2021
f 1996 2024 2044
f 2044 2021 1996
f 1974 1992 2024
f 2024 1996 1974
f 1954 1970 1992
f 1992 1974 1954
f 1934 1942 1970
f 1970 1954 1934
f 1720 1721 1942
f 1942 1934 1720
f 2063 2079 2087
f 2087 2071 2063
f 2051 2075 2079
f 2079 2063 2051
f 2041 2055 2075
f 2075 2051 2041
f 2029 2039 2055
f 2055 2041 2029
f 2013 2021 2039
f 2039 2029 2013
f 1991 1996 2021
f 2021 2013 1991
f 1972 1974 1996
f 1996 1991 1972
f 1950 1954 1974
f 1974 1972 1950
f 1932 1934 1954
f 1954 1950 1932
f 1701 1720 1934
f 1934 1932 1701
f 2115 2063 2071
f 2071 2123 2115
f 2101 2051 2063
f 2063 2115 2101
f 2081 2041 2051
f 2051 2101 2081
f 2057 2029 2041
f 2041 2081 2057
f 2033 2013 2029
f 2029 2057 2033
f 2009 1991 2013
f 2013 2033 2009
f 1984 1972 1991
f 1991 2009 1984
f 1964 1950 1972
f 1972 1984 1964
f 1938 1932 1950
f 1950 1964 1938
f 1698 1701 1932
f 1932 1938 1698
f 1888 1886 1686
f 1888 1686 1662
f 1888 1662 1640
f 1888 1640 1616
f 1888 1616 1592
f 1888 1592 1574
f 1888 1574 1546
f 1888 1546 1526
f 1888 1526 1518
f 1888 1518 1512
f 1674 1686 1886
f 1886 1884 1674
f 1634 1662 1686
f 1686 1674 1634
f 1586 1640 1662
f 1662 1634 1586
f 1528 1616 1640
f 1640 1586 1528
f 1480 1592 1616
f 1616 1528 1480
f 1422 1574 1592
f 1592 1480 1422
f 1396 1546 1574
f 1574 1422 1396
f 1373 1526 1546
f 1546 1396 1373
f 1365 1518 1526
f 1526 1373 1365
f 1361 1512 1518
f 1518 1365 1361
f 1666 1674 1884
f 1884 1882 1666
f 1622 1634 1674
f 1674 1666 1622
f 1557 1586 1634
f 1634 1622 1557
f 1490 1528 1586
f 1586 1557 1490
f 1418 1480 1528
f 1528 1490 1418
f 1379 1422 1480
f 1480 1418 1379
f 1343 1396 1422
f 1422 1379 1343
f 1322 1373 1396
f 1396 1343 1322
f 1312 1365 1373
f 1373 1322 1312
f 1309 1361 1365
f 1365 1312 1309
f 1664 1666 1882
f 1882 1879 1664
f 1620 1622 1666
f 1666 1664 1620
f 1554 1557 1622
f 1622 1620 1554
f 1488 1490 1557
f 1557 1554 1488
f 1416 1418 1490
f 1490 1488 1416
f 1377 1379 1418
f 1418 1416 1377
f 1341 1343 1379
f 1379 1377 1341
f 1320 1322 1343
f 1343 1341 1320
f 1310 1312 1322
f 1322 1320 1310
f 1306 1309 1312
f 1312 1310 1306
f 1670 1664 1879
f 1879 1876 1670
f 1628 1620 1664
f 1664 1670 1628
f 1580 1554 1620
f 1620 1628 1580
f 1516 1488 1554
f 1554 1580 1516
f 1454 1416 1488
f 1488 1516 1454
f 1408 1377 1416
f 1416 1454 1408
f 1381 1341 1377
f 1377 1408 1381
f 1363 1320 1341
f 1341 1381 1363
f 1337 1310 1320
f 1320 1363 1337
f 1333 1306 1310
f 1310 1337 1333
f 1678 1670 1876
f 1876 1874 1678
f 1644 1628 1670
f 1670 1678 1644
f 1604 1580 1628
f 1628 1644 1604
f 1562 1516 1580
f 1580 1604 1562
f 1514 1454 1516
f 1516 1562 1514
f 1476 1408 1454
f 1454 1514 1476
f 1436 1381 1408
f 1408 1476 1436
f 1412 1363 1381
f 1381 1436 1412
f 1402 1337 1363
f 1363 1412 1402
f 1399 1333 1337
f 1337 1402 1399
f 1680 1678 1874
f 1874 1872 1680
f 1652 1644 1678
f 1678 1680 1652
f 1630 1604 1644
f 1644 1652 1630
f 1598 1562 1604
f 1604 1630 1598
f 1578 1514 1562
f 1562 1598 1578
f 1538 1476 1514
f 1514 1578 1538
f 1510 1436 1476
f 1476 1538 1510
f 1497 1412 1436
f 1436 1510 1497
f 1483 1402 1412
f 1412 1497 1483
f 1479 1399 1402
f 1402 1483 1479
f 1688 1680 1872
f 1872 1870 1688
f 1668 1652 1680
f 1680 1688 1668
f 1648 1630 1652
f 1652 1668 1648
f 1626 1598 1630
f 1630 1648 1626
f 1603 1578 1598
f 1598 1626 1603
f 1585 1538 1578
f 1578 1603 1585
f 1569 1510 1538
f 1538 1585 1569
f 1549 1497 1510
f 1510 1569 1549
f 1545 1483 1497
f 1497 1549 1545
f 1537 1479 1483
f 1483 1545 1537
f 1690 1688 1870
f 1870 1868 1690
f 1672 1668 1688
f 1688 1690 1672
f 1650 1648 1668
f 1668 1672 1650
f 1633 1626 1648
f 1648 1650 1633
f 1611 1603 1626
f 1626 1633 1611
f 1595 1585 1603
f 1603 1611 1595
f 1583 1569 1585
f 1585 1595 1583
f 1573 1549 1569
f 1569 1583 1573
f 1561 1545 1549
f 1549 1573 1561
f 1553 1537 1545
f 1545 1561 1553
f 1684 1690 1868
f 1868 1865 1684
f 1658 1672 1690
f 1690 1684 1658
f 1638 1650 1672
f 1672 1658 1638
f 1615 1633 1650
f 1650 1638 1615
f 1591 1611 1633
f 1633 1615 1591
f 1567 1595 1611
f 1611 1591 1567
f 1543 1583 1595
f 1595 1567 1543
f 1523 1573 1583
f 1583 1543 1523
f 1509 1561 1573
f 1573 1523 1509
f 1501 1553 1561
f 1561 1509 1501
f 1888 1513 1519
f 1888 1519 1527
f 1888 1527 1547
f 1888 1547 1575
f 1888 1575 1593
f 1888 1593 1617
f 1888 1617 1641
f 1888 1641 1663
f 1888 1663 1687
f 1888 1687 1894
f 1366 1519 1513
f 1513 1362 1366
f 1374 1527 1519
f 1519 1366 1374
f 1397 1547 1527
f 1527 1374 1397
f 1423 1575 1547
f 1547 1397 1423
f 1481 1593 1575
f 1575 1423 1481
f 1529 1617 1593
f 1593 1481 1529
f 1587 1641 1617
f 1617 1529 1587
f 1635 1663 1641
f 1641 1587 1635
f 1675 1687 1663
f 1663 1635 1675
f 1895 1894 1687
f 1687 1675 1895
f 1313 1366 1362
f 1362 1308 1313
f 1323 1374 1366
f 1366 1313 1323
f 1344 1397 1374
f 1374 1323 1344
f 1380 1423 1397
f 1397 1344 1380
f 1419 1481 1423
f 1423 1380 1419
f 1491 1529 1481
f 1481 1419 1491
f 1556 1587 1529
f 1529 1491 1556
f 1623 1635 1587
f 1587 1556 1623
f 1667 1675 1635
f 1635 1623 1667
f 1890 1895 1675
f 1675 1667 1890
f 1311 1313 1308
f 1308 1307 1311
f 1321 1323 1313
f 1313 1311 1321
f 1342 1344 1323
f 1323 1321 1342
f 1378 1380 1344
f 1344 1342 1378
f 1417 1419 1380
f 1380 1378 1417
f 1489 1491 1419
f 1419 1417 1489
f 1555 1556 1491
f 1491 1489 1555
f 1621 1623 1556
f 1556 1555 1621
f 1665 1667 1623
f 1623 1621 1665
f 1881 1890 1667
f 1667 1665 1881
f 1338 1311 1307
f 1307 1334 1338
f 1364 1321 1311
f 1311 1338 1364
f 1382 1342 1321
f 1321 1364 1382
f 1409 1378 1342
f 1342 1382 1409
f 1455 1417 1378
f 1378 1409 1455
f 1517 1489 1417
f 1417 1455 1517
f 1581 1555 1489
f 1489 1517 1581
f 1629 1621 1555
f 1555 1581 1629
f 1671 1665 1621
f 1621 1629 1671
f 1893 1881 1665
f 1665 1671 1893
f 1403 1338 1334
f 1334 1398 1403
f 1413 1364 1338
f 1338 1403 1413
f 1437 1382 1364
f 1364 1413 1437
f 1477 1409 1382
f 1382 1437 1477
f 1515 1455 1409
f 1409 1477 1515
f 1563 1517 1455
f 1455 1515 1563
f 1605 1581 1517
f 1517 1563 1605
f 1645 1629 1581
f 1581 1605 1645
f 1679 1671 1629
f 1629 1645 1679
f 1900 1893 1671
f 1671 1679 1900
f 1482 1403 1398
f 1398 1478 1482
f 1496 1413 1403
f 1403 1482 1496
f 1511 1437 1413
f 1413 1496 1511
f 1539 1477 1437
f 1437 1511 1539
f 1579 1515 1477
f 1477 1539 1579
f 1599 1563 1515
f 1515 1579 1599
f 1631 1605 1563
f 1563 1599 1631
f 1653 1645 1605
f 1605 1631 1653
f 1681 1679 1645
f 1645 1653 1681
f 1902 1900 1679
f 1679 1681 1902
f 1544 1482 1478
f 1478 1536 1544
f 1548 1496 1482
f 1482 1544 1548
f 1568 1511 1496
f 1496 1548 1568
f 1584 1539 1511
f 1511 1568 1584
f 1602 1579 1539
f 1539 1584 1602
f 1627 1599 1579
f 1579 1602 1627
f 1649 1631 1599
f 1599 1627 1649
f 1669 1653 1631
f 1631 1649 1669
f 1689 1681 1653
f 1653 1669 1689
f 1921 1902 1681
f 1681 1689 1921
f 1560 1544 1536
f 1536 1552 1560
f 1572 1548 1544
f 1544 1560 1572
f 1582 1568 1548
f 1548 1572 1582
f 1594 1584 1568
f 1568 1582 1594
f 1610 1602 1584
f 1584 1594 1610
f 1632 1627 1602
f 1602 1610 1632
f 1651 1649 1627
f 1627 1632 1651
f 1673 1669 1649
f 1649 1651 1673
f 1691 1689 1669
f 1669 1673 1691
f 1922 1921 1689
f 1689 1691 1922
f 1508 1560 1552
f 1552 1500 1508
f 1522 1572 1560
f 1560 1508 1522
f 1542 1582 1572
f 1572 1522 1542
f 1566 1594 1582
f 1582 1542 1566
f 1590 1610 1594
f 1594 1566 1590
f 1614 1632 1610
f 1610 1590 1614
f 1639 1651 1632
f 1632 1614 1639
f 1659 1673 1651
f 1651 1639 1659
f 1685 1691 1673
f 1673 1659 1685
f 1928 1922 1691
f 1691 1685 1928
f 1888 1887 1937
f 1888 1937 1961
f 1888 1961 1983
f 1888 1983 2007
f 1888 2007 2031
f 1888 2031 2049
f 1888 2049 2077
f 1888 2077 2097
f 1888 2097 2105
f 1888 2105 2111
f 1949 1937 1887
f 1887 1885 1949
f 1989 1961 1937
f 1937 1949 1989
f 2037 1983 1961
f 1961 1989 2037
f 2095 2007 1983
f 1983 2037 2095
f 2143 2031 2007
f 2007 2095 2143
f 2201 2049 2031
f 2031 2143 2201
f 2227 2077 2049
f 2049 2201 2227
f 2250 2097 2077
f 2077 2227 2250
f 2258 2105 2097
f 2097 2250 2258
f 2262 2111 2105
f 2105 2258 2262
f 1957 1949 1885
f 1885 1883 1957
f 2001 1989 1949
f 1949 1957 2001
f 2066 2037 1989
f 1989 2001 2066
f 2133 2095 2037
f 2037 2066 2133
f 2205 2143 2095
f 2095 2133 2205
f 2244 2201 2143
f 2143 2205 2244
f 2280 2227 2201
f 2201 2244 2280
f 2301 2250 2227
f 2227 2280 2301
f 2311 2258 2250
f 2250 2301 2311
f 2314 2262 2258
f 2258 2311 2314
f 1959 1957 1883
f 1883 1880 1959
f 2003 2001 1957
f 1957 1959 2003
f 2069 2066 2001
f 2001 2003 2069
f 2135 2133 2066
f 2066 2069 2135
f 2207 2205 2133
f 2133 2135 2207
f 2246 2244 2205
f 2205 2207 2246
f 2282 2280 2244
f 2244 2246 2282
f 2303 2301 2280
f 2280 2282 2303
f 2313 2311 2301
f 2301 2303 2313
f 2317 2314 2311
f 2311 2313 2317
f 1953 1959 1880
f 1880 1877 1953
f 1995 2003 1959
f 1959 1953 1995
f 2043 2069 2003
f 2003 1995 2043
f 2107 2135 2069
f 2069 2043 2107
f 2169 2207 2135
f 2135 2107 2169
f 2215 2246 2207
f 2207 2169 2215
f 2242 2282 2246
f 2246 2215 2242
f 2260 2303 2282
f 2282 2242 2260
f 2286 2313 2303
f 2303 2260 2286
f 2290 2317 2313
f 2313 2286 2290
f 1945 1953 1877
f 1877 1875 1945
f 1979 1995 1953
f 1953 1945 1979
f 2019 2043 1995
f 1995 1979 2019
f 2061 2107 2043
f 2043 2019 2061
f 2109 2169 2107
f 2107 2061 2109
f 2147 2215 2169
f 2169 2109 2147
f 2187 2242 2215
f 2215 2147 2187
f 2211 2260 2242
f 2242 2187 2211
f 2221 2286 2260
f 2260 2211 2221
f 2224 2290 2286
f 2286 2221 2224
f 1943 1945 1875
f 1875 1873 1943
f 1971 1979 1945
f 1945 1943 1971
f 1993 2019 1979
f 1979 1971 1993
f 2025 2061 2019
f 2019 1993 2025
f 2045 2109 2061
f 2061 2025 2045
f 2085 2147 2109
f 2109 2045 2085
f 2113 2187 2147
f 2147 2085 2113
f 2126 2211 2187
f 2187 2113 2126
f 2140 2221 2211
f 2211 2126 2140
f 2144 2224 2221
f 2221 2140 2144
f 1935 1943 1873
f 1873 1871 1935
f 1955 1971 1943
f 1943 1935 1955
f 1975 1993 1971
f 1971 1955 1975
f 1997 2025 1993
f 1993 1975 1997
f 2020 2045 2025
f 2025 1997 2020
f 2038 2085 2045
f 2045 2020 2038
f 2054 2113 2085
f 2085 2038 2054
f 2074 2126 2113
f 2113 2054 2074
f 2078 2140 2126
f 2126 2074 2078
f 2086 2144 2140
f 2140 2078 2086
f 1933 1935 1871
f 1871 1869 1933
f 1951 1955 1935
f 1935 1933 1951
f 1973 1975 1955
f 1955 1951 1973
f 1990 1997 1975
f 1975 1973 1990
f 2012 2020 1997
f 1997 1990 2012
f 2028 2038 2020
f 2020 2012 2028
f 2040 2054 2038
f 2038 2028 2040
f 2050 2074 2054
f 2054 2040 2050
f 2062 2078 2074
f 2074 2050 2062
f 2070 2086 2078
f 2078 2062 2070
f 1939 1933 1869
f 1869 1866 1939
f 1965 1951 1933
f 1933 1939 1965
f 1985 1973 1951
f 1951 1965 1985
f 2008 1990 1973
f 1973 1985 2008
f 2032 2012 1990
f 1990 2008 2032
f 2056 2028 2012
f 2012 2032 2056
f 2080 2040 2028
f 2028 2056 2080
f 2100 2050 2040
f 2040 2080 2100
f 2114 2062 2050
f 2050 2100 2114
f 2122 2070 2062
f 2062 2114 2122
f 2232 2116 2124
f 2124 2236 2232
f 2218 2102 2116
f 2116 2232 2218
f 2199 2082 2102
f 2102 2218 2199
f 2150 2058 2082
f 2082 2199 2150
f 2120 2034 2058
f 2058 2150 2120
f 2064 2010 2034
f 2034 2120 2064
f 2023 1986 2010
f 2010 2064 2023
f 1980 1966 1986
f 1986 2023 1980
f 1946 1940 1966
f 1966 1980 1946
f 1862 1730 1940
f 1940 1946 1862
f 2332 2232 2236
f 2236 2336 2332
f 2322 2218 2232
f 2232 2332 2322
f 2306 2199 2218
f 2218 2322 2306
f 2275 2150 2199
f 2199 2306 2275
f 2234 2120 2150
f 2150 2275 2234
f 2170 2064 2120
f 2120 2234 2170
f 2093 2023 2064
f 2064 2170 2093
f 2016 1980 2023
f 2023 2093 2016
f 1968 1946 1980
f 1980 2016 1968
f 1858 1862 1946
f 1946 1968 1858
f 2409 2332 2336
f 2336 2413 2409
f 2400 2322 2332
f 2332 2409 2400
f 2376 2306 2322
f 2322 2400 2376
f 2349 2275 2306
f 2306 2376 2349
f 2324 2234 2275
f 2275 2349 2324
f 2271 2170 2234
f 2234 2324 2271
f 2185 2093 2170
f 2170 2271 2185
f 2072 2016 2093
f 2093 2185 2072
f 1976 1968 2016
f 2016 2072 1976
f 1729 1858 1968
f 1968 1976 1729
f 2488 2409 2413
f 2413 2498 2488
f 2470 2400 2409
f 2409 2488 2470
f 2444 2376 2400
f 2400 2470 2444
f 2418 2349 2376
f 2376 2444 2418
f 2384 2324 2349
f 2349 2418 2384
f 2338 2271 2324
f 2324 2384 2338
f 2269 2185 2271
f 2271 2338 2269
f 2138 2072 2185
f 2185 2269 2138
f 1998 1976 2072
f 2072 2138 1998
f 1722 1729 1976
f 1976 1998 1722
f 2559 2488 2498
f 2498 2569 2559
f 2549 2470 2488
f 2488 2559 2549
f 2531 2444 2470
f 2470 2549 2531
f 2492 2418 2444
f 2444 2531 2492
f 2436 2384 2418
f 2418 2492 2436
f 2394 2338 2384
f 2384 2436 2394
f 2326 2269 2338
f 2338 2394 2326
f 2212 2138 2269
f 2269 2326 2212
f 2026 1998 2138
f 2138 2212 2026
f 1850 1722 1998
f 1998 2026 1850
f 2653 2559 2569
f 2569 2655 2653
f 2631 2549 2559
f 2559 2653 2631
f 2593 2531 2549
f 2549 2631 2593
f 2551 2492 2531
f 2531 2593 2551
f 2510 2436 2492
f 2492 2551 2510
f 2432 2394 2436
f 2436 2510 2432
f 2366 2326 2394
f 2394 2432 2366
f 2263 2212 2326
f 2326 2366 2263
f 2052 2026 2212
f 2212 2263 2052
f 1726 1850 2026
f 2026 2052 1726
f 2720 2653 2655
f 2655 2726 2720
f 2697 2631 2653
f 2653 2720 2697
f 2662 2593 2631
f 2631 2697 2662
f 2607 2551 2593
f 2593 2662 2607
f 2547 2510 2551
f 2551 2607 2547
f 2484 2432 2510
f 2510 2547 2484
f 2405 2366 2432
f 2432 2484 2405
f 2308 2263 2366
f 2366 2405 2308
f 2090 2052 2263
f 2263 2308 2090
f 1719 1726 2052
f 2052 2090 1719
f 2787 2720 2726
f 2726 2795 2787
f 2759 2697 2720
f 2720 2787 2759
f 2713 2662 2697
f 2697 2759 2713
f 2657 2607 2662
f 2662 2713 2657
f 2589 2547 2607
f 2607 2657 2589
f 2525 2484 2547
f 2547 2589 2525
f 2422 2405 2484
f 2484 2525 2422
f 2330 2308 2405
f 2405 2422 2330
f 2118 2090 2308
f 2308 2330 2118
f 1700 1719 2090
f 2090 2118 1700
f 2834 2787 2795
f 2795 2844 2834
f 2798 2759 2787
f 2787 2834 2798
f 2750 2713 2759
f 2759 2798 2750
f 2690 2657 2713
f 2713 2750 2690
f 2624 2589 2657
f 2657 2690 2624
f 2536 2525 2589
f 2589 2624 2536
f 2441 2422 2525
f 2525 2536 2441
f 2340 2330 2422
f 2422 2441 2340
f 2128 2118 2330
f 2330 2340 2128
f 1825 1700 2118
f 2118 2128 1825
f 2847 2834 2844
f 2844 2857 2847
f 2821 2798 2834
f 2834 2847 2821
f 2765 2750 2798
f 2798 2821 2765
f 2703 2690 2750
f 2750 2765 2703
f 2637 2624 2690
f 2690 2703 2637
f 2543 2536 2624
f 2624 2637 2543
f 2446 2441 2536
f 2536 2543 2446
f 2344 2340 2441
f 2441 2446 2344
f 2136 2128 2340
f 2340 2344 2136
f 1713 1825 2128
f 2128 2136 1713
f 1676 1682 1864
f 1864 1862 1676
f 1642 1656 1682
f 1682 1676 1642
f 1601 1636 1656
f 1656 1642 1601
f 1558 1612 1636
f 1636 1601 1558
f 1502 1588 1612
f 1612 1558 1502
f 1472 1564 1588
f 1588 1502 1472
f 1425 1540 1564
f 1564 1472 1425
f 1404 1520 1540
f 1540 1425 1404
f 1390 1506 1520
f 1520 1404 1390
f 1387 1498 1506
f 1506 1390 1387
f 1654 1676 1862
f 1862 1859 1654
f 1606 1642 1676
f 1676 1654 1606
f 1531 1601 1642
f 1642 1606 1531
f 1452 1558 1601
f 1601 1531 1452
f 1388 1502 1558
f 1558 1452 1388
f 1347 1472 1502
f 1502 1388 1347
f 1316 1425 1472
f 1472 1347 1316
f 1300 1404 1425
f 1425 1316 1300
f 1290 1390 1404
f 1404 1300 1290
f 1286 1387 1390
f 1390 1290 1286
f 1646 1654 1859
f 1859 1856 1646
f 1550 1606 1654
f 1654 1646 1550
f 1439 1531 1606
f 1606 1550 1439
f 1351 1452 1531
f 1531 1439 1351
f 1298 1388 1452
f 1452 1351 1298
f 1275 1347 1388
f 1388 1298 1275
f 1246 1316 1347
f 1347 1275 1246
f 1222 1300 1316
f 1316 1246 1222
f 1215 1290 1300
f 1300 1222 1215
f 1211 1286 1290
f 1290 1215 1211
f 1624 1646 1856
f 1856 1854 1624
f 1484 1550 1646
f 1646 1624 1484
f 1353 1439 1550
f 1550 1484 1353
f 1284 1351 1439
f 1439 1353 1284
f 1238 1298 1351
f 1351 1284 1238
f 1204 1275 1298
f 1298 1238 1204
f 1178 1246 1275
f 1275 1204 1178
f 1152 1222 1246
f 1246 1178 1152
f 1134 1215 1222
f 1222 1152 1134
f 1124 1211 1215
f 1215 1134 1124
f 1596 1624 1854
f 1854 1851 1596
f 1410 1484 1624
f 1624 1596 1410
f 1296 1353 1484
f 1484 1410 1296
f 1228 1284 1353
f 1353 1296 1228
f 1186 1238 1284
f 1284 1228 1186
f 1130 1204 1238
f 1238 1186 1130
f 1091 1178 1204
f 1204 1130 1091
f 1073 1152 1178
f 1178 1091 1073
f 1063 1134 1152
f 1152 1073 1063
f 1053 1124 1134
f 1134 1063 1053
f 1570 1596 1851
f 1851 1848 1570
f 1359 1410 1596
f 1596 1570 1359
f 1256 1296 1410
f 1410 1359 1256
f 1190 1228 1296
f 1296 1256 1190
f 1112 1186 1228
f 1228 1190 1112
f 1071 1130 1186
f 1186 1112 1071
f 1029 1091 1130
f 1130 1071 1029
f 991 1073 1091
f 1091 1029 991
f 969 1063 1073
f 1073 991 969
f 967 1053 1063
f 1063 969 967
f 1532 1570 1848
f 1848 1846 1532
f 1314 1359 1570
f 1570 1532 1314
f 1219 1256 1359
f 1359 1314 1219
f 1138 1190 1256
f 1256 1219 1138
f 1075 1112 1190
f 1190 1138 1075
f 1015 1071 1112
f 1112 1075 1015
f 962 1029 1071
f 1071 1015 962
f 925 991 1029
f 1029 962 925
f 904 969 991
f 991 925 904
f 898 967 969
f 969 904 898
f 1504 1532 1846
f 1846 1832 1504
f 1292 1314 1532
f 1532 1504 1292
f 1200 1219 1314
f 1314 1292 1200
f 1097 1138 1219
f 1219 1200 1097
f 1033 1075 1138
f 1138 1097 1033
f 965 1015 1075
f 1075 1033 965
f 909 962 1015
f 1015 965 909
f 863 925 962
f 962 909 863
f 835 904 925
f 925 863 835
f 827 898 904
f 904 835 827
f 1494 1504 1832
f 1832 1824 1494
f 1282 1292 1504
f 1504 1494 1282
f 1183 1200 1292
f 1292 1282 1183
f 1088 1097 1200
f 1200 1183 1088
f 1000 1033 1097
f 1097 1088 1000
f 934 965 1033
f 1033 1000 934
f 874 909 965
f 965 934 874
f 826 863 909
f 909 874 826
f 790 835 863
f 863 826 790
f 780 827 835
f 835 790 780
f 1486 1494 1824
f 1824 1814 1486
f 1278 1282 1494
f 1494 1486 1278
f 1176 1183 1282
f 1282 1278 1176
f 1079 1088 1183
f 1183 1176 1079
f 985 1000 1088
f 1088 1079 985
f 919 934 1000
f 1000 985 919
f 857 874 934
f 934 919 857
f 801 826 874
f 874 857 801
f 775 790 826
f 826 801 775
f 765 780 790
f 790 775 765
f 1391 1507 1499
f 1499 1387 1391
f 1405 1521 1507
f 1507 1391 1405
f 1424 1541 1521
f 1521 1405 1424
f 1473 1565 1541
f 1541 1424 1473
f 1503 1589 1565
f 1565 1473 1503
f 1559 1613 1589
f 1589 1503 1559
f 1600 1637 1613
f 1613 1559 1600
f 1643 1657 1637
f 1637 1600 1643
f 1677 1683 1657
f 1657 1643 1677
f 1863 1892 1683
f 1683 1677 1863
f 1291 1391 1387
f 1387 1287 1291
f 1301 1405 1391
f 1391 1291 1301
f 1317 1424 1405
f 1405 1301 1317
f 1348 1473 1424
f 1424 1317 1348
f 1389 1503 1473
f 1473 1348 1389
f 1453 1559 1503
f 1503 1389 1453
f 1530 1600 1559
f 1559 1453 1530
f 1607 1643 1600
f 1600 1530 1607
f 1655 1677 1643
f 1643 1607 1655
f 1861 1863 1677
f 1677 1655 1861
f 1214 1291 1287
f 1287 1210 1214
f 1223 1301 1291
f 1291 1214 1223
f 1247 1317 1301
f 1301 1223 1247
f 1274 1348 1317
f 1317 1247 1274
f 1299 1389 1348
f 1348 1274 1299
f 1352 1453 1389
f 1389 1299 1352
f 1438 1530 1453
f 1453 1352 1438
f 1551 1607 1530
f 1530 1438 1551
f 1647 1655 1607
f 1607 1551 1647
f 1891 1861 1655
f 1655 1647 1891
f 1135 1214 1210
f 1210 1125 1135
f 1153 1223 1214
f 1214 1135 1153
f 1179 1247 1223
f 1223 1153 1179
f 1205 1274 1247
f 1247 1179 1205
f 1239 1299 1274
f 1274 1205 1239
f 1285 1352 1299
f 1299 1239 1285
f 1354 1438 1352
f 1352 1285 1354
f 1485 1551 1438
f 1438 1354 1485
f 1625 1647 1551
f 1551 1485 1625
f 1901 1891 1647
f 1647 1625 1901
f 1064 1135 1125
f 1125 1054 1064
f 1074 1153 1135
f 1135 1064 1074
f 1092 1179 1153
f 1153 1074 1092
f 1131 1205 1179
f 1179 1092 1131
f 1187 1239 1205
f 1205 1131 1187
f 1229 1285 1239
f 1239 1187 1229
f 1297 1354 1285
f 1285 1229 1297
f 1411 1485 1354
f 1354 1297 1411
f 1597 1625 1485
f 1485 1411 1597
f 1853 1901 1625
f 1625 1597 1853
f 970 1064 1054
f 1054 968 970
f 992 1074 1064
f 1064 970 992
f 1030 1092 1074
f 1074 992 1030
f 1072 1131 1092
f 1092 1030 1072
f 1113 1187 1131
f 1131 1072 1113
f 1191 1229 1187
f 1187 1113 1191
f 1257 1297 1229
f 1229 1191 1257
f 1360 1411 1297
f 1297 1257 1360
f 1571 1597 1411
f 1411 1360 1571
f 1899 1853 1597
f 1597 1571 1899
f 903 970 968
f 968 897 903
f 926 992 970
f 970 903 926
f 961 1030 992
f 992 926 961
f 1016 1072 1030
f 1030 961 1016
f 1076 1113 1072
f 1072 1016 1076
f 1139 1191 1113
f 1113 1076 1139
f 1218 1257 1191
f 1191 1139 1218
f 1315 1360 1257
f 1257 1218 1315
f 1533 1571 1360
f 1360 1315 1533
f 1920 1899 1571
f 1571 1533 1920
f 836 903 897
f 897 828 836
f 864 926 903
f 903 836 864
f 910 961 926
f 926 864 910
f 966 1016 961
f 961 910 966
f 1034 1076 1016
f 1016 966 1034
f 1098 1139 1076
f 1076 1034 1098
f 1201 1218 1139
f 1139 1098 1201
f 1293 1315 1218
f 1218 1201 1293
f 1505 1533 1315
f 1315 1293 1505
f 1924 1920 1533
f 1533 1505 1924
f 789 836 828
f 828 779 789
f 825 864 836
f 836 789 825
f 873 910 864
f 864 825 873
f 933 966 910
f 910 873 933
f 999 1034 966
f 966 933 999
f 1087 1098 1034
f 1034 999 1087
f 1182 1201 1098
f 1098 1087 1182
f 1283 1293 1201
f 1201 1182 1283
f 1495 1505 1293
f 1293 1283 1495
f 1826 1924 1505
f 1505 1495 1826
f 776 789 779
f 779 766 776
f 802 825 789
f 789 776 802
f 858 873 825
f 825 802 858
f 920 933 873
f 873 858 920
f 986 999 933
f 933 920 986
f 1080 1087 999
f 999 986 1080
f 1177 1182 1087
f 1087 1080 1177
f 1279 1283 1182
f 1182 1177 1279
f 1487 1495 1283
f 1283 1279 1487
f 1914 1826 1495
f 1495 1487 1914
f 1947 1941 1867
f 1867 1863 1947
f 1981 1967 1941
f 1941 1947 1981
f 2022 1987 1967
f 1967 1981 2022
f 2065 2011 1987
f 1987 2022 2065
f 2121 2035 2011
f 2011 2065 2121
f 2151 2059 2035
f 2035 2121 2151
f 2198 2083 2059
f 2059 2151 2198
f 2219 2103 2083
f 2083 2198 2219
f 2233 2117 2103
f 2103 2219 2233
f 2236 2125 2117
f 2117 2233 2236
f 1969 1947 1863
f 1863 1860 1969
f 2017 1981 1947
f 1947 1969 2017
f 2092 2022 1981
f 1981 2017 2092
f 2171 2065 2022
f 2022 2092 2171
f 2235 2121 2065
f 2065 2171 2235
f 2276 2151 2121
f 2121 2235 2276
f 2307 2198 2151
f 2151 2276 2307
f 2323 2219 2198
f 2198 2307 2323
f 2333 2233 2219
f 2219 2323 2333
f 2337 2236 2233
f 2233 2333 2337
f 1977 1969 1860
f 1860 1857 1977
f 2073 2017 1969
f 1969 1977 2073
f 2184 2092 2017
f 2017 2073 2184
f 2272 2171 2092
f 2092 2184 2272
f 2325 2235 2171
f 2171 2272 2325
f 2348 2276 2235
f 2235 2325 2348
f 2377 2307 2276
f 2276 2348 2377
f 2401 2323 2307
f 2307 2377 2401
f 2408 2333 2323
f 2323 2401 2408
f 2412 2337 2333
f 2333 2408 2412
f 1999 1977 1857
f 1857 1855 1999
f 2139 2073 1977
f 1977 1999 2139
f 2270 2184 2073
f 2073 2139 2270
f 2339 2272 2184
f 2184 2270 2339
f 2385 2325 2272
f 2272 2339 2385
f 2419 2348 2325
f 2325 2385 2419
f 2445 2377 2348
f 2348 2419 2445
f 2471 2401 2377
f 2377 2445 2471
f 2489 2408 2401
f 2401 2471 2489
f 2499 2412 2408
f 2408 2489 2499
f 2027 1999 1855
f 1855 1852 2027
f 2213 2139 1999
f 1999 2027 2213
f 2327 2270 2139
f 2139 2213 2327
f 2395 2339 2270
f 2270 2327 2395
f 2437 2385 2339
f 2339 2395 2437
f 2493 2419 2385
f 2385 2437 2493
f 2532 2445 2419
f 2419 2493 2532
f 2550 2471 2445
f 2445 2532 2550
f 2560 2489 2471
f 2471 2550 2560
f 2570 2499 2489
f 2489 2560 2570
f 2053 2027 1852
f 1852 1849 2053
f 2264 2213 2027
f 2027 2053 2264
f 2367 2327 2213
f 2213 2264 2367
f 2433 2395 2327
f 2327 2367 2433
f 2511 2437 2395
f 2395 2433 2511
f 2552 2493 2437
f 2437 2511 2552
f 2594 2532 2493
f 2493 2552 2594
f 2632 2550 2532
f 2532 2594 2632
f 2654 2560 2550
f 2550 2632 2654
f 2656 2570 2560
f 2560 2654 2656
f 2091 2053 1849
f 1849 1847 2091
f 2309 2264 2053
f 2053 2091 2309
f 2404 2367 2264
f 2264 2309 2404
f 2485 2433 2367
f 2367 2404 2485
f 2548 2511 2433
f 2433 2485 2548
f 2608 2552 2511
f 2511 2548 2608
f 2661 2594 2552
f 2552 2608 2661
f 2698 2632 2594
f 2594 2661 2698
f 2719 2654 2632
f 2632 2698 2719
f 2725 2656 2654
f 2654 2719 2725
f 2119 2091 1847
f 1847 1833 2119
f 2331 2309 2091
f 2091 2119 2331
f 2423 2404 2309
f 2309 2331 2423
f 2526 2485 2404
f 2404 2423 2526
f 2590 2548 2485
f 2485 2526 2590
f 2658 2608 2548
f 2548 2590 2658
f 2714 2661 2608
f 2608 2658 2714
f 2760 2698 2661
f 2661 2714 2760
f 2788 2719 2698
f 2698 2760 2788
f 2796 2725 2719
f 2719 2788 2796
f 2129 2119 1833
f 1833 1827 2129
f 2341 2331 2119
f 2119 2129 2341
f 2440 2423 2331
f 2331 2341 2440
f 2535 2526 2423
f 2423 2440 2535
f 2623 2590 2526
f 2526 2535 2623
f 2689 2658 2590
f 2590 2623 2689
f 2749 2714 2658
f 2658 2689 2749
f 2797 2760 2714
f 2714 2749 2797
f 2833 2788 2760
f 2760 2797 2833
f 2843 2796 2788
f 2788 2833 2843
f 2137 2129 1827
f 1827 1815 2137
f 2345 2341 2129
f 2129 2137 2345
f 2447 2440 2341
f 2341 2345 2447
f 2544 2535 2440
f 2440 2447 2544
f 2638 2623 2535
f 2535 2544 2638
f 2704 2689 2623
f 2623 2638 2704
f 2766 2749 2689
f 2689 2704 2766
f 2822 2797 2749
f 2749 2766 2822
f 2848 2833 2797
f 2797 2822 2848
f 2858 2843 2833
f 2833 2848 2858
f 1735 2334 2329
f 1735 2329 2321
f 1735 2321 2305
f 1735 2305 2274
f 1735 2274 2231
f 1735 2231 2167
f 1735 2167 2089
f 1735 2089 2014
f 1735 2014 1962
f 1735 1962 1733
f 2515 2329 2334
f 2334 2524 2515
f 2495 2321 2329
f 2329 2515 2495
f 2456 2305 2321
f 2321 2495 2456
f 2429 2274 2305
f 2305 2456 2429
f 2399 2231 2274
f 2274 2429 2399
f 2347 2167 2231
f 2231 2399 2347
f 2292 2089 2167
f 2167 2347 2292
f 2148 2014 2089
f 2089 2292 2148
f 2004 1962 2014
f 2014 2148 2004
f 1739 1733 1962
f 1962 2004 1739
f 2647 2515 2524
f 2524 2649 2647
f 2621 2495 2515
f 2515 2647 2621
f 2584 2456 2495
f 2495 2621 2584
f 2541 2429 2456
f 2456 2584 2541
f 2502 2399 2429
f 2429 2541 2502
f 2426 2347 2399
f 2399 2502 2426
f 2352 2292 2347
f 2347 2426 2352
f 2255 2148 2292
f 2292 2352 2255
f 2046 2004 2148
f 2148 2255 2046
f 1702 1739 2004
f 2004 2046 1702
f 2746 2647 2649
f 2649 2757 2746
f 2721 2621 2647
f 2647 2746 2721
f 2681 2584 2621
f 2621 2721 2681
f 2639 2541 2584
f 2584 2681 2639
f 2557 2502 2541
f 2541 2639 2557
f 2505 2426 2502
f 2502 2557 2505
f 2415 2352 2426
f 2426 2505 2415
f 2318 2255 2352
f 2352 2415 2318
f 2098 2046 2255
f 2255 2318 2098
f 1745 1702 2046
f 2046 2098 1745
f 2840 2746 2757
f 2757 2849 2840
f 2808 2721 2746
f 2746 2840 2808
f 2756 2681 2721
f 2721 2808 2756
f 2696 2639 2681
f 2681 2756 2696
f 2626 2557 2639
f 2639 2696 2626
f 2538 2505 2557
f 2557 2626 2538
f 2443 2415 2505
f 2505 2538 2443
f 2342 2318 2415
f 2415 2443 2342
f 2131 2098 2318
f 2318 2342 2131
f 1904 1745 2098
f 2098 2131 1904
f 2906 2840 2849
f 2849 2925 2906
f 2867 2808 2840
f 2840 2906 2867
f 2818 2756 2808
f 2808 2867 2818
f 2736 2696 2756
f 2756 2818 2736
f 2667 2626 2696
f 2696 2736 2667
f 2565 2538 2626
f 2626 2667 2565
f 2475 2443 2538
f 2538 2565 2475
f 2356 2342 2443
f 2443 2475 2356
f 2156 2131 2342
f 2342 2356 2156
f 1704 1904 2131
f 2131 2156 1704
f 2976 2906 2925
f 2925 2987 2976
f 2914 2867 2906
f 2906 2976 2914
f 2852 2818 2867
f 2867 2914 2852
f 2772 2736 2818
f 2818 2852 2772
f 2688 2667 2736
f 2736 2772 2688
f 2592 2565 2667
f 2667 2688 2592
f 2497 2475 2565
f 2565 2592 2497
f 2372 2356 2475
f 2475 2497 2372
f 2176 2156 2356
f 2356 2372 2176
f 1752 1704 2156
f 2156 2176 1752
f 2993 2976 2987
f 2987 3011 2993
f 2952 2914 2976
f 2976 2993 2952
f 2874 2852 2914
f 2914 2952 2874
f 2794 2772 2852
f 2852 2874 2794
f 2702 2688 2772
f 2772 2794 2702
f 2604 2592 2688
f 2688 2702 2604
f 2509 2497 2592
f 2592 2604 2509
f 2380 2372 2497
f 2497 2509 2380
f 2182 2176 2372
f 2372 2380 2182
f 1723 1752 2176
f 2176 2182 1723
f 3000 2993 3011
f 3011 3020 3000
f 2967 2952 2993
f 2993 3000 2967
f 2879 2874 2952
f 2952 2967 2879
f 2799 2794 2874
f 2874 2879 2799
f 2707 2702 2794
f 2794 2799 2707
f 2605 2604 2702
f 2702 2707 2605
f 2512 2509 2604
f 2604 2605 2512
f 2382 2380 2509
f 2509 2512 2382
f 2188 2182 2380
f 2380 2382 2188
f 1699 1723 2182
f 2182 2188 1699
f 3006 3000 3020
f 3020 3022 3006
f 2972 2967 3000
f 3000 3006 2972
f 2888 2879 2967
f 2967 2972 2888
f 2804 2799 2879
f 2879 2888 2804
f 2710 2707 2799
f 2799 2804 2710
f 2613 2605 2707
f 2707 2710 2613
f 2520 2512 2605
f 2605 2613 2520
f 2388 2382 2512
f 2512 2520 2388
f 2192 2188 2382
f 2382 2388 2192
f 1760 1699 2188
f 2188 2192 1760
f 1735 1737 1660
f 1735 1660 1608
f 1735 1608 1535
f 1735 1535 1457
f 1735 1457 1393
f 1735 1393 1350
f 1735 1350 1319
f 1735 1319 1303
f 1735 1303 1295
f 1735 1295 1288
f 1618 1660 1737
f 1737 1739 1618
f 1474 1608 1660
f 1660 1618 1474
f 1332 1535 1608
f 1608 1474 1332
f 1277 1457 1535
f 1535 1332 1277
f 1225 1393 1457
f 1457 1277 1225
f 1195 1350 1393
f 1393 1225 1195
f 1166 1319 1350
f 1350 1195 1166
f 1129 1303 1319
f 1319 1166 1129
f 1109 1295 1303
f 1303 1129 1109
f 1099 1288 1295
f 1295 1109 1099
f 1576 1618 1739
f 1739 1741 1576
f 1367 1474 1618
f 1618 1576 1367
f 1270 1332 1474
f 1474 1367 1270
f 1196 1277 1332
f 1332 1270 1196
f 1120 1225 1277
f 1277 1196 1120
f 1081 1195 1225
f 1225 1120 1081
f 1040 1166 1195
f 1195 1081 1040
f 1001 1129 1166
f 1166 1040 1001
f 975 1109 1129
f 1129 1001 975
f 973 1099 1109
f 1109 975 973
f 1524 1576 1741
f 1741 1744 1524
f 1304 1367 1576
f 1576 1524 1304
f 1209 1270 1367
f 1367 1304 1209
f 1119 1196 1270
f 1270 1209 1119
f 1065 1120 1196
f 1196 1119 1065
f 983 1081 1120
f 1120 1065 983
f 941 1040 1081
f 1081 983 941
f 901 1001 1040
f 1040 941 901
f 878 975 1001
f 1001 901 878
f 865 973 975
f 975 878 865
f 1493 1524 1744
f 1744 1747 1493
f 1280 1304 1524
f 1524 1493 1280
f 1181 1209 1304
f 1304 1280 1181
f 1086 1119 1209
f 1209 1181 1086
f 998 1065 1119
f 1119 1086 998
f 928 983 1065
f 1065 998 928
f 868 941 983
f 983 928 868
f 816 901 941
f 941 868 816
f 784 878 901
f 901 816 784
f 773 865 878
f 878 784 773
f 1466 1493 1747
f 1747 1749 1466
f 1266 1280 1493
f 1493 1466 1266
f 1149 1181 1280
f 1280 1266 1149
f 1057 1086 1181
f 1181 1149 1057
f 955 998 1086
f 1086 1057 955
f 888 928 998
f 998 955 888
f 806 868 928
f 928 888 806
f 755 816 868
f 868 806 755
f 718 784 816
f 816 755 718
f 697 773 784
f 784 718 697
f 1446 1466 1749
f 1749 1753 1446
f 1250 1266 1466
f 1466 1446 1250
f 1127 1149 1266
f 1266 1250 1127
f 1032 1057 1149
f 1149 1127 1032
f 936 955 1057
f 1057 1032 936
f 852 888 955
f 955 936 852
f 772 806 888
f 888 852 772
f 710 755 806
f 806 772 710
f 648 718 755
f 755 710 648
f 637 697 718
f 718 648 637
f 1440 1446 1753
f 1753 1755 1440
f 1242 1250 1446
f 1446 1440 1242
f 1115 1127 1250
f 1250 1242 1115
f 1020 1032 1127
f 1127 1115 1020
f 922 936 1032
f 1032 1020 922
f 830 852 936
f 936 922 830
f 750 772 852
f 852 830 750
f 672 710 772
f 772 750 672
f 631 648 710
f 710 672 631
f 613 637 648
f 648 631 613
f 1434 1440 1755
f 1755 1757 1434
f 1240 1242 1440
f 1440 1434 1240
f 1110 1115 1242
f 1242 1240 1110
f 1017 1020 1115
f 1115 1110 1017
f 915 922 1020
f 1020 1017 915
f 823 830 922
f 922 915 823
f 743 750 830
f 830 823 743
f 655 672 750
f 750 743 655
f 622 631 672
f 672 655 622
f 602 613 631
f 631 622 602
f 1428 1434 1757
f 1757 1760 1428
f 1232 1240 1434
f 1434 1428 1232
f 1105 1110 1240
f 1240 1232 1105
f 1010 1017 1110
f 1110 1105 1010
f 913 915 1017
f 1017 1010 913
f 821 823 915
f 915 913 821
f 736 743 823
f 823 821 736
f 652 655 743
f 743 736 652
f 619 622 655
f 655 652 619
f 601 602 622
f 622 619 601
f 1735 1289 1294
f 1735 1294 1302
f 1735 1302 1318
f 1735 1318 1349
f 1735 1349 1392
f 1735 1392 1456
f 1735 1456 1534
f 1735 1534 1609
f 1735 1609 1661
f 1735 1661 1889
f 1108 1294 1289
f 1289 1099 1108
f 1128 1302 1294
f 1294 1108 1128
f 1167 1318 1302
f 1302 1128 1167
f 1194 1349 1318
f 1318 1167 1194
f 1224 1392 1349
f 1349 1194 1224
f 1276 1456 1392
f 1392 1224 1276
f 1331 1534 1456
f 1456 1276 1331
f 1475 1609 1534
f 1534 1331 1475
f 1619 1661 1609
f 1609 1475 1619
f 1738 1889 1661
f 1661 1619 1738
f 976 1108 1099
f 1099 974 976
f 1002 1128 1108
f 1108 976 1002
f 1039 1167 1128
f 1128 1002 1039
f 1082 1194 1167
f 1167 1039 1082
f 1121 1224 1194
f 1194 1082 1121
f 1197 1276 1224
f 1224 1121 1197
f 1271 1331 1276
f 1276 1197 1271
f 1368 1475 1331
f 1331 1271 1368
f 1577 1619 1475
f 1475 1368 1577
f 1903 1738 1619
f 1619 1577 1903
f 877 976 974
f 974 866 877
f 902 1002 976
f 976 877 902
f 942 1039 1002
f 1002 902 942
f 984 1082 1039
f 1039 942 984
f 1066 1121 1082
f 1082 984 1066
f 1118 1197 1121
f 1121 1066 1118
f 1208 1271 1197
f 1197 1118 1208
f 1305 1368 1271
f 1271 1208 1305
f 1525 1577 1368
f 1368 1305 1525
f 1742 1903 1577
f 1577 1525 1742
f 783 877 866
f 866 774 783
f 815 902 877
f 877 783 815
f 867 942 902
f 902 815 867
f 927 984 942
f 942 867 927
f 997 1066 984
f 984 927 997
f 1085 1118 1066
f 1066 997 1085
f 1180 1208 1118
f 1118 1085 1180
f 1281 1305 1208
f 1208 1180 1281
f 1492 1525 1305
f 1305 1281 1492
f 1703 1742 1525
f 1525 1492 1703
f 717 783 774
f 774 698 717
f 756 815 783
f 783 717 756
f 805 867 815
f 815 756 805
f 887 927 867
f 867 805 887
f 956 997 927
f 927 887 956
f 1058 1085 997
f 997 956 1058
f 1148 1180 1085
f 1085 1058 1148
f 1267 1281 1180
f 1180 1148 1267
f 1467 1492 1281
f 1281 1267 1467
f 1905 1703 1492
f 1492 1467 1905
f 647 717 698
f 698 636 647
f 709 756 717
f 717 647 709
f 771 805 756
f 756 709 771
f 851 887 805
f 805 771 851
f 935 956 887
f 887 851 935
f 1031 1058 956
f 956 935 1031
f 1126 1148 1058
f 1058 1031 1126
f 1251 1267 1148
f 1148 1126 1251
f 1447 1467 1267
f 1267 1251 1447
f 1751 1905 1467
f 1467 1447 1751
f 630 647 636
f 636 612 630
f 671 709 647
f 647 630 671
f 749 771 709
f 709 671 749
f 829 851 771
f 771 749 829
f 921 935 851
f 851 829 921
f 1019 1031 935
f 935 921 1019
f 1114 1126 1031
f 1031 1019 1114
f 1243 1251 1126
f 1126 1114 1243
f 1441 1447 1251
f 1251 1243 1441
f 1896 1751 1447
f 1447 1441 1896
f 623 630 612
f 612 603 623
f 656 671 630
f 630 623 656
f 744 749 671
f 671 656 744
f 824 829 749
f 749 744 824
f 916 921 829
f 829 824 916
f 1018 1019 921
f 921 916 1018
f 1111 1114 1019
f 1019 1018 1111
f 1241 1243 1114
f 1114 1111 1241
f 1435 1441 1243
f 1243 1241 1435
f 1923 1896 1441
f 1441 1435 1923
f 617 623 603
f 603 601 617
f 650 656 623
f 623 617 650
f 734 744 656
f 656 650 734
f 818 824 744
f 744 734 818
f 912 916 824
f 824 818 912
f 1009 1018 916
f 916 912 1009
f 1102 1111 1018
f 1018 1009 1102
f 1235 1241 1111
f 1111 1102 1235
f 1431 1435 1241
f 1241 1235 1431
f 1759 1923 1435
f 1435 1431 1759
f 1735 1736 1963
f 1735 1963 2015
f 1735 2015 2088
f 1735 2088 2166
f 1735 2166 2230
f 1735 2230 2273
f 1735 2273 2304
f 1735 2304 2320
f 1735 2320 2328
f 1735 2328 2335
f 2005 1963 1736
f 1736 1738 2005
f 2149 2015 1963
f 1963 2005 2149
f 2291 2088 2015
f 2015 2149 2291
f 2346 2166 2088
f 2088 2291 2346
f 2398 2230 2166
f 2166 2346 2398
f 2428 2273 2230
f 2230 2398 2428
f 2457 2304 2273
f 2273 2428 2457
f 2494 2320 2304
f 2304 2457 2494
f 2514 2328 2320
f 2320 2494 2514
f 2524 2335 2328
f 2328 2514 2524
f 2047 2005 1738
f 1738 1740 2047
f 2256 2149 2005
f 2005 2047 2256
f 2353 2291 2149
f 2149 2256 2353
f 2427 2346 2291
f 2291 2353 2427
f 2503 2398 2346
f 2346 2427 2503
f 2542 2428 2398
f 2398 2503 2542
f 2583 2457 2428
f 2428 2542 2583
f 2622 2494 2457
f 2457 2583 2622
f 2648 2514 2494
f 2494 2622 2648
f 2650 2524 2514
f 2514 2648 2650
f 2099 2047 1740
f 1740 1743 2099
f 2319 2256 2047
f 2047 2099 2319
f 2414 2353 2256
f 2256 2319 2414
f 2504 2427 2353
f 2353 2414 2504
f 2558 2503 2427
f 2427 2504 2558
f 2640 2542 2503
f 2503 2558 2640
f 2682 2583 2542
f 2542 2640 2682
f 2722 2622 2583
f 2583 2682 2722
f 2745 2648 2622
f 2622 2722 2745
f 2758 2650 2648
f 2648 2745 2758
f 2130 2099 1743
f 1743 1746 2130
f 2343 2319 2099
f 2099 2130 2343
f 2442 2414 2319
f 2319 2343 2442
f 2537 2504 2414
f 2414 2442 2537
f 2625 2558 2504
f 2504 2537 2625
f 2695 2640 2558
f 2558 2625 2695
f 2755 2682 2640
f 2640 2695 2755
f 2807 2722 2682
f 2682 2755 2807
f 2839 2745 2722
f 2722 2807 2839
f 2850 2758 2745
f 2745 2839 2850
f 2157 2130 1746
f 1746 1748 2157
f 2357 2343 2130
f 2130 2157 2357
f 2474 2442 2343
f 2343 2357 2474
f 2566 2537 2442
f 2442 2474 2566
f 2668 2625 2537
f 2537 2566 2668
f 2735 2695 2625
f 2625 2668 2735
f 2817 2755 2695
f 2695 2735 2817
f 2868 2807 2755
f 2755 2817 2868
f 2905 2839 2807
f 2807 2868 2905
f 2926 2850 2839
f 2839 2905 2926
f 2177 2157 1748
f 1748 1750 2177
f 2373 2357 2157
f 2157 2177 2373
f 2496 2474 2357
f 2357 2373 2496
f 2591 2566 2474
f 2474 2496 2591
f 2687 2668 2566
f 2566 2591 2687
f 2771 2735 2668
f 2668 2687 2771
f 2851 2817 2735
f 2735 2771 2851
f 2913 2868 2817
f 2817 2851 2913
f 2975 2905 2868
f 2868 2913 2975
f 2986 2926 2905
f 2905 2975 2986
f 2183 2177 1750
f 1750 1754 2183
f 2381 2373 2177
f 2177 2183 2381
f 2508 2496 2373
f 2373 2381 2508
f 2603 2591 2496
f 2496 2508 2603
f 2701 2687 2591
f 2591 2603 2701
f 2793 2771 2687
f 2687 2701 2793
f 2873 2851 2771
f 2771 2793 2873
f 2951 2913 2851
f 2851 2873 2951
f 2992 2975 2913
f 2913 2951 2992
f 3010 2986 2975
f 2975 2992 3010
f 2189 2183 1754
f 1754 1756 2189
f 2383 2381 2183
f 2183 2189 2383
f 2513 2508 2381
f 2381 2383 2513
f 2606 2603 2508
f 2508 2513 2606
f 2708 2701 2603
f 2603 2606 2708
f 2800 2793 2701
f 2701 2708 2800
f 2880 2873 2793
f 2793 2800 2880
f 2968 2951 2873
f 2873 2880 2968
f 3001 2992 2951
f 2951 2968 3001
f 3021 3010 2992
f 2992 3001 3021
f 2195 2189 1756
f 1756 1759 2195
f 2390 2383 2189
f 2189 2195 2390
f 2517 2513 2383
f 2383 2390 2517
f 2612 2606 2513
f 2513 2517 2612
f 2709 2708 2606
f 2606 2612 2709
f 2801 2800 2708
f 2708 2709 2801
f 2886 2880 2800
f 2800 2801 2886
f 2970 2968 2880
f 2880 2886 2970
f 3004 3001 2968
f 2968 2970 3004
f 3022 3021 3001
f 3001 3004 3022
