# Blender 5.0.1
# www.blender.org
mtllib smaller_monkey.mtl
o Suzanne
v 0.262161 0.113013 0.371850
v -0.278582 0.113013 0.371850
v 0.298641 0.097992 0.319278
v -0.315061 0.097992 0.319278
v 0.232120 0.032545 0.333226
v -0.248541 0.032545 0.333226
v 0.217100 0.069024 0.381507
v -0.233520 0.069024 0.381507
v 0.153798 0.069024 0.393308
v -0.170219 0.069024 0.393308
v 0.137705 0.032545 0.350392
v -0.154125 0.032545 0.350392
v 0.071185 0.097992 0.358975
v -0.087605 0.097992 0.358975
v 0.109809 0.113013 0.398673
v -0.126230 0.113013 0.398673
v 0.109809 0.176314 0.398673
v -0.126230 0.176314 0.398673
v 0.071185 0.191335 0.358975
v -0.087605 0.191335 0.358975
v 0.137705 0.257855 0.350392
v -0.154125 0.257855 0.350392
v 0.153798 0.221376 0.393308
v -0.170219 0.221376 0.393308
v 0.217100 0.221376 0.381507
v -0.233520 0.221376 0.381507
v 0.232120 0.257855 0.333226
v -0.248541 0.257855 0.333226
v 0.298641 0.191335 0.319278
v -0.315061 0.191335 0.319278
v 0.262161 0.176314 0.371850
v -0.278582 0.176314 0.371850
v 0.242849 0.168804 0.398673
v -0.259270 0.168804 0.398673
v 0.209589 0.203137 0.406183
v -0.226010 0.203137 0.406183
v 0.162382 0.203137 0.415839
v -0.178802 0.203137 0.415839
v 0.130194 0.168804 0.420131
v -0.146615 0.168804 0.420131
v 0.130194 0.121596 0.420131
v -0.146615 0.121596 0.420131
v 0.162382 0.089409 0.415839
v -0.178802 0.089409 0.415839
v 0.209589 0.089409 0.406183
v -0.226010 0.089409 0.406183
v 0.242849 0.121596 0.398673
v -0.259270 0.121596 0.398673
v 0.224968 0.128391 0.412263
v -0.241388 0.128391 0.412263
v 0.202079 0.105503 0.417985
v -0.218500 0.105503 0.417985
v 0.169177 0.105503 0.425138
v -0.185597 0.105503 0.425138
v 0.146288 0.128391 0.427999
v -0.162708 0.128391 0.427999
v 0.146288 0.161293 0.427999
v -0.162708 0.161293 0.427999
v 0.169177 0.185613 0.425138
v -0.185597 0.185613 0.425138
v 0.202079 0.185613 0.417985
v -0.218500 0.185613 0.417985
v 0.224968 0.161293 0.412263
v -0.241388 0.161293 0.412263
v 0.038997 -0.514637 0.306403
v -0.055418 -0.514637 0.306403
v 0.116246 -0.504980 0.297820
v -0.132667 -0.504980 0.297820
v 0.155944 -0.479231 0.298893
v -0.172365 -0.479231 0.298893
v 0.161309 -0.415929 0.312841
v -0.177729 -0.415929 0.312841
v 0.146288 -0.302201 0.324642
v -0.162708 -0.302201 0.324642
v 0.151653 -0.054360 0.330007
v -0.168073 -0.054360 0.330007
v 0.278255 -0.012517 0.301039
v -0.294676 -0.012517 0.301039
v 0.376963 0.061513 0.279581
v -0.393383 0.061513 0.279581
v 0.425243 0.169877 0.291382
v -0.441664 0.169877 0.291382
v 0.403785 0.244980 0.333226
v -0.420206 0.244980 0.333226
v 0.311515 0.292188 0.365413
v -0.327936 0.292188 0.365413
v 0.206371 0.360854 0.395454
v -0.222791 0.360854 0.395454
v 0.128049 0.386603 0.412621
v -0.144469 0.386603 0.412621
v 0.063674 0.321156 0.415839
v -0.080095 0.321156 0.415839
v 0.014321 0.244980 0.409402
v -0.030741 0.244980 0.409402
v 0.090497 0.276094 0.419058
v -0.106918 0.276094 0.419058
v 0.141996 0.313646 0.413694
v -0.158417 0.313646 0.413694
v 0.198860 0.299698 0.400819
v -0.215281 0.299698 0.400819
v 0.287911 0.254636 0.375069
v -0.304332 0.254636 0.375069
v 0.358723 0.211720 0.346101
v -0.375144 0.211720 0.346101
v 0.367306 0.157002 0.326789
v -0.383727 0.157002 0.326789
v 0.329754 0.080826 0.325715
v -0.346175 0.080826 0.325715
v 0.250360 0.022889 0.342882
v -0.266780 0.022889 0.342882
v 0.143069 0.005722 0.378288
v -0.159490 0.005722 0.378288
v 0.059383 0.035763 0.392235
v -0.075803 0.035763 0.392235
v 0.045435 0.217085 0.415839
v -0.061855 0.217085 0.415839
v 0.027196 0.159148 0.402964
v -0.043616 0.159148 0.402964
v 0.032560 0.094773 0.387944
v -0.048981 0.094773 0.387944
v 0.022904 -0.489960 0.340736
v -0.039325 -0.489960 0.340736
v 0.071185 -0.478157 0.342882
v -0.087605 -0.478157 0.342882
v 0.091570 -0.440606 0.352538
v -0.107991 -0.440606 0.352538
v 0.081913 -0.302201 0.371851
v -0.098334 -0.302201 0.371851
v 0.093716 -0.391252 0.363267
v -0.110136 -0.391252 0.363267
v 0.014321 -0.195984 0.385798
v -0.030741 -0.195984 0.385798
v 0.018612 -0.298983 0.383652
v -0.035033 -0.298983 0.383652
v 0.022904 -0.380523 0.379361
v -0.039325 -0.380523 0.379361
v 0.051872 -0.128391 0.397600
v -0.068293 -0.128391 0.397600
v 0.056164 -0.089766 0.397600
v -0.072585 -0.089766 0.397600
v 0.026123 -0.064016 0.394381
v -0.042543 -0.064016 0.394381
v -0.002846 -0.077964 0.397600
v -0.013575 -0.077964 0.397600
v 0.016467 -0.155213 0.394381
v -0.032887 -0.155213 0.394381
v 0.015394 -0.144485 0.411548
v -0.031814 -0.144485 0.411548
v 0.003592 -0.080110 0.417985
v -0.020012 -0.080110 0.417985
v 0.031487 -0.066162 0.413694
v -0.047908 -0.066162 0.413694
v 0.052945 -0.090839 0.417985
v -0.069366 -0.090839 0.417985
v 0.048654 -0.123026 0.416912
v -0.065074 -0.123026 0.416912
v 0.026123 -0.089766 0.426568
v -0.042543 -0.089766 0.426568
v 0.017539 -0.121953 0.424423
v -0.033960 -0.121953 0.424423
v 0.022904 -0.036121 0.391163
v -0.039325 -0.036121 0.391163
v 0.062601 -0.087620 0.390090
v -0.079022 -0.087620 0.390090
v 0.067966 -0.135901 0.376142
v -0.084387 -0.135901 0.376142
v 0.067966 -0.193838 0.376142
v -0.084387 -0.193838 0.376142
v 0.123757 -0.195984 0.325715
v -0.140177 -0.195984 0.325715
v 0.106590 -0.142338 0.323570
v -0.123011 -0.142338 0.323570
v 0.091570 -0.096204 0.338590
v -0.107991 -0.096204 0.338590
v 0.019685 -0.400908 0.376142
v -0.036106 -0.400908 0.376142
v 0.048654 -0.417002 0.371851
v -0.065074 -0.417002 0.371851
v 0.035779 -0.456700 0.361122
v -0.052199 -0.456700 0.361122
v 0.006811 -0.471720 0.354684
v -0.023231 -0.471720 0.354684
v 0.004664 -0.463137 0.338590
v -0.021085 -0.463137 0.338590
v 0.030414 -0.449189 0.342882
v -0.046835 -0.449189 0.342882
v 0.043289 -0.418075 0.352538
v -0.059710 -0.418075 0.352538
v 0.017539 -0.407346 0.355757
v -0.033960 -0.407346 0.355757
v 0.011102 -0.434168 0.331080
v -0.027522 -0.434168 0.331080
v 0.034706 -0.430950 0.330722
v -0.051126 -0.430950 0.330722
v 0.081913 0.110867 0.396527
v -0.098334 0.110867 0.396527
v 0.075476 0.152710 0.399746
v -0.091897 0.152710 0.399746
v 0.085133 0.202064 0.401892
v -0.101553 0.202064 0.401892
v 0.099080 0.079753 0.394381
v -0.115501 0.079753 0.394381
v 0.153798 0.049711 0.383652
v -0.170219 0.049711 0.383652
v 0.227828 0.044347 0.365413
v -0.244249 0.044347 0.365413
v 0.290057 0.086190 0.349319
v -0.306478 0.086190 0.349319
v 0.325463 0.144127 0.341809
v -0.341884 0.144127 0.341809
v 0.320098 0.191335 0.346101
v -0.336519 0.191335 0.346101
v 0.268599 0.225668 0.367559
v -0.285019 0.225668 0.367559
v 0.199933 0.250344 0.386871
v -0.216354 0.250344 0.386871
v 0.154871 0.257855 0.392235
v -0.171292 0.257855 0.392235
v 0.115174 0.241761 0.399746
v -0.131594 0.241761 0.399746
v 0.129122 0.224595 0.398673
v -0.145542 0.224595 0.398673
v 0.160236 0.238543 0.394381
v -0.176656 0.238543 0.394381
v 0.198860 0.234251 0.392235
v -0.215281 0.234251 0.392235
v 0.256797 0.213866 0.373996
v -0.273218 0.213866 0.373996
v 0.298641 0.183825 0.351465
v -0.315061 0.183825 0.351465
v 0.302932 0.145200 0.348246
v -0.319352 0.145200 0.348246
v 0.275037 0.096919 0.356830
v -0.291457 0.096919 0.356830
v 0.223537 0.061513 0.372923
v -0.239958 0.061513 0.372923
v 0.159163 0.063659 0.389017
v -0.175584 0.063659 0.389017
v 0.109809 0.088336 0.396527
v -0.126230 0.088336 0.396527
v 0.104445 0.193481 0.398673
v -0.120865 0.193481 0.398673
v 0.093716 0.153783 0.397600
v -0.110136 0.153783 0.397600
v 0.095861 0.117304 0.395454
v -0.112282 0.117304 0.395454
v 0.015394 0.256782 0.347174
v -0.031814 0.256782 0.347174
v 0.063674 0.331885 0.351465
v -0.080095 0.331885 0.351465
v 0.130194 0.399478 0.347174
v -0.146615 0.399478 0.347174
v 0.216027 0.368364 0.328934
v -0.232447 0.368364 0.328934
v 0.316880 0.298625 0.299966
v -0.333300 0.298625 0.299966
v 0.410223 0.254636 0.274216
v -0.426643 0.254636 0.274216
v 0.439191 0.168804 0.233446
v -0.455611 0.168804 0.233446
v 0.381254 0.048639 0.219498
v -0.397674 0.048639 0.219498
v 0.281474 -0.026465 0.244175
v -0.297895 -0.026465 0.244175
v 0.033633 -0.264650 0.143322
v -0.050054 -0.264650 0.143322
v 0.028268 -0.355846 0.166926
v -0.044689 -0.355846 0.166926
v 0.033633 -0.467428 0.196967
v -0.050054 -0.467428 0.196967
v 0.038997 -0.521074 0.254904
v -0.055418 -0.521074 0.254904
v 0.129122 -0.507126 0.238810
v -0.145542 -0.507126 0.238810
v 0.172038 -0.464210 0.228081
v -0.188458 -0.464210 0.228081
v 0.164527 -0.373013 0.233446
v -0.180948 -0.373013 0.233446
v 0.102299 -0.333316 0.181946
v -0.118719 -0.333316 0.181946
v 0.118393 -0.445971 0.193748
v -0.134813 -0.445971 0.193748
v 0.100153 -0.236754 0.170144
v -0.116574 -0.236754 0.170144
v 0.149507 -0.261431 0.242029
v -0.165927 -0.261431 0.242029
v 0.118393 -0.135901 0.251685
v -0.134813 -0.135901 0.251685
v 0.132340 -0.178817 0.245248
v -0.148761 -0.178817 0.245248
v 0.108737 -0.103714 0.262414
v -0.125157 -0.103714 0.262414
v 0.167746 -0.070454 0.259196
v -0.184167 -0.070454 0.259196
v 0.085133 -0.018955 -0.395277
v -0.101553 -0.018955 -0.395277
v 0.079768 -0.131609 -0.275111
v -0.096188 -0.131609 -0.275111
v 0.061528 -0.201348 -0.060530
v -0.077949 -0.201348 -0.060530
v 0.045435 -0.229244 0.098260
v -0.061855 -0.229244 0.098260
v 0.107663 -0.186327 0.148686
v -0.124084 -0.186327 0.148686
v 0.398420 0.059367 0.101478
v -0.414841 0.059367 0.101478
v 0.101226 0.165585 -0.442484
v -0.117647 0.165585 -0.442484
v 0.116246 0.514279 0.027448
v -0.132667 0.514279 0.027448
v 0.116246 0.516425 -0.172112
v -0.132667 0.516425 -0.172112
v 0.117320 0.390895 -0.365235
v -0.133740 0.390895 -0.365235
v 0.381254 0.247126 0.191603
v -0.397674 0.247126 0.191603
v 0.375890 0.302917 0.085385
v -0.392310 0.302917 0.085385
v 0.386619 0.372656 -0.042291
v -0.403039 0.372656 -0.042291
v 0.386619 0.366218 -0.177477
v -0.403039 0.366218 -0.177477
v 0.380181 0.260001 -0.275111
v -0.396601 0.260001 -0.275111
v 0.290057 0.328667 -0.314808
v -0.306478 0.328667 -0.314808
v 0.292203 0.454196 -0.174258
v -0.308623 0.454196 -0.174258
v 0.292203 0.455269 -0.020833
v -0.308623 0.455269 -0.020833
v 0.292203 0.358708 0.113281
v -0.308623 0.358708 0.113281
v 0.301859 0.283604 0.217352
v -0.318280 0.283604 0.217352
v 0.117320 0.401624 0.185165
v -0.133740 0.401624 0.185165
v 0.146288 0.336177 0.302112
v -0.162708 0.336177 0.302112
v 0.136632 0.300771 0.273143
v -0.153052 0.300771 0.273143
v 0.011817 0.274306 0.302112
v -0.028238 0.274306 0.302112
v 0.424170 0.177387 0.144394
v -0.440591 0.177387 0.144394
v 0.435972 0.220303 0.040323
v -0.452393 0.220303 0.040323
v 0.441337 0.262147 -0.057311
v -0.457757 0.262147 -0.057311
v 0.429535 0.251418 -0.177477
v -0.445955 0.251418 -0.177477
v 0.176329 -0.135901 -0.046582
v -0.192750 -0.135901 -0.046582
v 0.288985 -0.062944 -0.045510
v -0.305405 -0.062944 -0.045510
v 0.291130 -0.031829 0.127228
v -0.307551 -0.031829 0.127228
v 0.166673 -0.095131 0.184092
v -0.183093 -0.095131 0.184092
v 0.144858 -0.143411 0.111850
v -0.161278 -0.143411 0.111850
v 0.147718 -0.079037 0.239168
v -0.164139 -0.079037 0.239168
v 0.337265 0.094773 -0.298715
v -0.353685 0.094773 -0.298715
v 0.252505 0.126960 -0.367381
v -0.268926 0.126960 -0.367381
v 0.286838 -0.030756 -0.209664
v -0.303259 -0.030756 -0.209664
v 0.205298 -0.075819 -0.238632
v -0.221718 -0.075819 -0.238632
v 0.204940 -0.001788 -0.344492
v -0.221361 -0.001788 -0.344492
v 0.520732 0.238543 -0.168893
v -0.537152 0.238543 -0.168893
v 0.604418 0.263219 -0.218247
v -0.620838 0.263219 -0.218247
v 0.683813 0.224595 -0.249362
v -0.700234 0.224595 -0.249362
v 0.693469 0.113012 -0.252580
v -0.709890 0.113012 -0.252580
v 0.618366 0.010014 -0.225757
v -0.634786 0.010014 -0.225757
v 0.496055 -0.037194 -0.146363
v -0.512475 -0.037194 -0.146363
v 0.511075 -0.007153 -0.163529
v -0.527496 -0.007153 -0.163529
v 0.605491 0.029326 -0.233268
v -0.621911 0.029326 -0.233268
v 0.664501 0.108721 -0.257945
v -0.680921 0.108721 -0.257945
v 0.659136 0.194554 -0.254726
v -0.675557 0.194554 -0.254726
v 0.595835 0.224595 -0.226830
v -0.612255 0.224595 -0.226830
v 0.528242 0.206355 -0.182841
v -0.544663 0.206355 -0.182841
v 0.372671 -0.015736 -0.070186
v -0.389091 -0.015736 -0.070186
v 0.391983 -0.038267 -0.105592
v -0.408404 -0.038267 -0.105592
v 0.427389 0.080826 -0.022978
v -0.443810 0.080826 -0.022978
v 0.469232 0.200991 -0.143144
v -0.485653 0.200991 -0.143144
v 0.437045 -0.007153 -0.132415
v -0.453466 -0.007153 -0.132415
v 0.416660 0.013233 -0.148508
v -0.433081 0.013233 -0.148508
v 0.423097 0.043274 -0.162456
v -0.439518 0.043274 -0.162456
v 0.418806 0.080826 -0.153873
v -0.435226 0.080826 -0.153873
v 0.454212 0.135544 -0.156019
v -0.470632 0.135544 -0.156019
v 0.486399 0.175241 -0.159237
v -0.502819 0.175241 -0.159237
v 0.447774 0.167731 -0.116321
v -0.464195 0.167731 -0.116321
v 0.417733 0.088336 -0.094863
v -0.434154 0.088336 -0.094863
v 0.388049 0.013948 -0.102731
v -0.404470 0.013948 -0.102731
v 0.497128 0.158075 -0.191425
v -0.513548 0.158075 -0.191425
v 0.467086 0.123742 -0.186060
v -0.483507 0.123742 -0.186060
v 0.431680 0.084044 -0.187133
v -0.448101 0.084044 -0.187133
v 0.427389 0.059367 -0.187133
v -0.443810 0.059367 -0.187133
v 0.450993 0.037910 -0.187133
v -0.467414 0.037910 -0.187133
v 0.447774 0.011087 -0.187133
v -0.464195 0.011087 -0.187133
v 0.457430 0.001430 -0.171039
v -0.473851 0.001430 -0.171039
v 0.535752 0.184897 -0.217174
v -0.552173 0.184897 -0.217174
v 0.599054 0.199918 -0.256871
v -0.615474 0.199918 -0.256871
v 0.658064 0.175241 -0.279403
v -0.674484 0.175241 -0.279403
v 0.663428 0.103356 -0.280475
v -0.679848 0.103356 -0.280475
v 0.607637 0.035763 -0.260090
v -0.624058 0.035763 -0.260090
v 0.520732 0.005722 -0.197862
v -0.537152 0.005722 -0.197862
v 0.473524 0.047566 -0.203226
v -0.489944 0.047566 -0.203226
v 0.512149 0.075461 -0.213955
v -0.528569 0.075461 -0.213955
v 0.545408 0.109794 -0.226830
v -0.561829 0.109794 -0.226830
v 0.577595 0.135544 -0.235414
v -0.594016 0.135544 -0.235414
v 0.553992 0.165585 -0.233268
v -0.570412 0.165585 -0.233268
v 0.516440 0.138762 -0.215029
v -0.532860 0.138762 -0.215029
v 0.484253 0.105503 -0.205372
v -0.500673 0.105503 -0.205372
v 0.448847 0.073315 -0.201081
v -0.465267 0.073315 -0.201081
v 0.470305 0.017524 -0.194643
v -0.486726 0.017524 -0.194643
v 0.522878 0.034691 -0.215029
v -0.539298 0.034691 -0.215029
v 0.584033 0.065805 -0.251507
v -0.600453 0.065805 -0.251507
v 0.628022 0.110867 -0.264382
v -0.644442 0.110867 -0.264382
v 0.629095 0.158075 -0.265455
v -0.645515 0.158075 -0.265455
v 0.598339 0.184182 -0.260090
v -0.614759 0.184182 -0.260090
v 0.491763 -0.051142 -0.198935
v -0.508184 -0.051142 -0.198935
v 0.633387 0.000358 -0.268674
v -0.649807 0.000358 -0.268674
v 0.721365 0.110867 -0.282621
v -0.737785 0.110867 -0.282621
v 0.706344 0.229959 -0.283694
v -0.722764 0.229959 -0.283694
v 0.614075 0.270730 -0.266528
v -0.630495 0.270730 -0.266528
v 0.513221 0.244980 -0.218247
v -0.529642 0.244980 -0.218247
v 0.501419 0.094773 -0.255799
v -0.517840 0.094773 -0.255799
v 0.626949 0.131252 -0.306225
v -0.643370 0.131252 -0.306225
v 0.711351 0.161293 -0.313020
v -0.727772 0.161293 -0.313020
v 0.450993 0.200991 -0.196789
v -0.467414 0.200991 -0.196789
v 0.412368 0.081899 -0.240778
v -0.428789 0.081899 -0.240778
v 0.375890 -0.043631 -0.167821
v -0.392310 -0.043631 -0.167821
v 0.246604 0.119987 0.389822
v 0.244459 0.086459 0.375874
v 0.282010 0.104429 0.347442
v 0.268599 0.144395 0.370241
v -0.260879 0.086459 0.375874
v -0.263025 0.119987 0.389822
v -0.285019 0.144395 0.370241
v -0.298431 0.104429 0.347442
v 0.272354 0.058563 0.324911
v 0.313661 0.092628 0.289237
v 0.308297 0.144395 0.317132
v -0.288775 0.058563 0.324911
v -0.324717 0.144395 0.317132
v -0.330082 0.092628 0.289237
v 0.225147 0.048102 0.359780
v 0.184912 0.022889 0.342346
v 0.238558 0.019670 0.304257
v -0.201333 0.022889 0.342346
v -0.241567 0.048102 0.359780
v -0.254978 0.019670 0.304257
v 0.210931 0.085922 0.397332
v 0.185181 0.062587 0.387675
v -0.201601 0.062587 0.387675
v -0.227351 0.085922 0.397332
v 0.160772 0.085922 0.406988
v 0.127244 0.086459 0.397332
v 0.144947 0.048102 0.374533
v -0.143664 0.086459 0.397332
v -0.177193 0.085922 0.406988
v -0.161368 0.048102 0.374533
v 0.097471 0.058563 0.356294
v 0.131267 0.019670 0.323570
v -0.113891 0.058563 0.356294
v -0.147688 0.019670 0.323570
v 0.088351 0.104429 0.381238
v 0.061528 0.144395 0.359512
v 0.056164 0.092628 0.334298
v -0.077949 0.144395 0.359512
v -0.104772 0.104429 0.381238
v -0.072585 0.092628 0.334298
v 0.126707 0.119987 0.411548
v 0.103372 0.144395 0.398673
v -0.119792 0.144395 0.398673
v -0.143128 0.119987 0.411548
v 0.126707 0.170145 0.411548
v 0.127244 0.203673 0.397332
v 0.088351 0.184361 0.381238
v -0.143664 0.203673 0.397332
v -0.143128 0.170145 0.411548
v -0.104772 0.184361 0.381238
v 0.097471 0.231569 0.356293
v 0.056164 0.197772 0.334298
v -0.113891 0.231569 0.356293
v -0.072585 0.197772 0.334298
v 0.144947 0.241225 0.374533
v 0.184912 0.267511 0.342346
v 0.131267 0.272875 0.323570
v -0.201333 0.267511 0.342346
v -0.161368 0.241225 0.374533
v -0.147688 0.272875 0.323570
v 0.160772 0.206087 0.406988
v 0.185181 0.227814 0.387675
v -0.201601 0.227814 0.387675
v -0.177193 0.206087 0.406988
v 0.210931 0.206087 0.397332
v 0.244459 0.203673 0.375874
v 0.225147 0.241225 0.359780
v -0.260879 0.203673 0.375874
v -0.227351 0.206087 0.397332
v -0.241567 0.241225 0.359780
v 0.272354 0.231569 0.324911
v 0.238558 0.272875 0.304257
v -0.288775 0.231569 0.324911
v -0.254978 0.272875 0.304257
v 0.282010 0.184361 0.347442
v 0.313661 0.197772 0.289237
v -0.298431 0.184361 0.347442
v -0.330082 0.197772 0.289237
v 0.246604 0.170145 0.389822
v -0.263025 0.170145 0.389822
v 0.230243 0.189726 0.401623
v 0.239452 0.167463 0.404216
v 0.247141 0.144664 0.397600
v -0.246663 0.189726 0.401623
v -0.263562 0.144664 0.397600
v -0.255872 0.167463 0.404216
v 0.185449 0.207965 0.411279
v 0.208248 0.200365 0.411816
v -0.201869 0.207965 0.411279
v -0.224669 0.200365 0.411816
v 0.143069 0.189726 0.419058
v 0.163544 0.200365 0.421383
v -0.159490 0.189726 0.419058
v -0.179964 0.200365 0.421383
v 0.125366 0.144664 0.420131
v 0.132609 0.167463 0.425317
v -0.141787 0.144664 0.420131
v -0.149029 0.167463 0.425317
v 0.143069 0.102284 0.419058
v 0.132609 0.122758 0.425317
v -0.159490 0.102284 0.419058
v -0.149029 0.122758 0.425317
v 0.185449 0.084581 0.411280
v 0.163544 0.091823 0.421383
v -0.201869 0.084581 0.411280
v -0.179964 0.091823 0.421383
v 0.230243 0.102284 0.401623
v 0.208248 0.091823 0.411816
v -0.246663 0.102284 0.401623
v -0.224669 0.091823 0.411816
v 0.239452 0.122758 0.404216
v -0.255872 0.122758 0.404216
v 0.212093 0.118735 0.416555
v 0.222107 0.144485 0.414051
v -0.228513 0.118735 0.416555
v -0.238527 0.144485 0.414051
v 0.185270 0.107648 0.422992
v -0.201691 0.107648 0.422992
v 0.159521 0.118735 0.427641
v -0.175941 0.118735 0.427641
v 0.148434 0.144485 0.428356
v -0.164854 0.144485 0.428356
v 0.159521 0.171665 0.427641
v -0.175941 0.171665 0.427641
v 0.185270 0.183109 0.422992
v -0.201691 0.183109 0.422992
v 0.212093 0.171665 0.416555
v -0.228513 0.171665 0.416555
v 0.081913 -0.510077 0.302112
v 0.033901 -0.503103 0.324642
v -0.008210 -0.516782 0.308549
v 0.040071 -0.521610 0.283872
v -0.050322 -0.503103 0.324642
v -0.098334 -0.510077 0.302112
v -0.056491 -0.521610 0.283872
v 0.141192 -0.495860 0.295942
v 0.097471 -0.493446 0.321960
v 0.126976 -0.510345 0.270193
v -0.113891 -0.493446 0.321960
v -0.157612 -0.495860 0.295942
v -0.143396 -0.510345 0.270193
v 0.162114 -0.453212 0.305062
v 0.126439 -0.462600 0.328934
v 0.173379 -0.482449 0.264560
v -0.142860 -0.462600 0.328934
v -0.178534 -0.453212 0.305062
v -0.189799 -0.482449 0.264560
v 0.155408 -0.366039 0.320082
v 0.130462 -0.405468 0.342614
v 0.176061 -0.409491 0.275825
v -0.146883 -0.405468 0.342614
v -0.171828 -0.366039 0.320082
v -0.192481 -0.409491 0.275825
v 0.135290 -0.240241 0.326520
v 0.116246 -0.303274 0.354147
v 0.161040 -0.290936 0.286286
v -0.132667 -0.303274 0.354147
v -0.151711 -0.240241 0.326520
v -0.177461 -0.290936 0.286286
v 0.163723 -0.070722 0.285481
v 0.218172 -0.036926 0.310963
v 0.141460 -0.027001 0.368900
v 0.101762 -0.071795 0.343955
v -0.234593 -0.036926 0.310963
v -0.180143 -0.070722 0.285481
v -0.118183 -0.071795 0.343955
v -0.157880 -0.027001 0.368900
v 0.282815 -0.028879 0.271265
v 0.331364 0.019938 0.292992
v 0.267526 0.009209 0.327057
v -0.347784 0.019938 0.292992
v -0.299235 -0.028879 0.271265
v -0.283947 0.009209 0.327057
v 0.386082 0.048102 0.247930
v 0.409954 0.111672 0.274484
v 0.357114 0.076534 0.307745
v -0.426375 0.111672 0.274484
v -0.402502 0.048102 0.247930
v -0.373534 0.076534 0.307745
v 0.443751 0.169609 0.261878
v 0.423097 0.219767 0.315791
v 0.395739 0.166658 0.315254
v -0.439518 0.219767 0.315791
v -0.460171 0.169609 0.261878
v -0.412159 0.166658 0.315254
v 0.415051 0.255977 0.307208
v 0.366770 0.263219 0.348246
v 0.382863 0.228082 0.347710
v -0.383190 0.263219 0.348246
v -0.431471 0.255977 0.307208
v -0.399284 0.228082 0.347710
v 0.318221 0.302380 0.334567
v 0.253042 0.326521 0.382043
v 0.300250 0.274216 0.382311
v -0.269463 0.326521 0.382043
v -0.334641 0.302380 0.334567
v -0.316670 0.274216 0.382311
v 0.213076 0.374533 0.364340
v 0.166405 0.384458 0.405647
v 0.200201 0.333763 0.411279
v -0.182825 0.384458 0.405647
v -0.229497 0.374533 0.364340
v -0.216622 0.333763 0.411279
v 0.125903 0.404843 0.382847
v 0.093179 0.365950 0.416108
v 0.134218 0.353343 0.426300
v -0.109600 0.365950 0.416108
v -0.142324 0.404843 0.382847
v -0.150638 0.353343 0.426300
v 0.057773 0.335104 0.386871
v 0.037924 0.273680 0.413157
v 0.076281 0.298625 0.429519
v -0.054345 0.273680 0.413157
v -0.074194 0.335104 0.386871
v -0.092702 0.298625 0.429519
v 0.011907 0.257587 0.382043
v -0.008210 0.235324 0.407256
v 0.024782 0.228350 0.422813
v -0.028327 0.257587 0.382043
v -0.041202 0.228350 0.422813
v 0.104177 0.256246 0.402964
v 0.116246 0.302112 0.417180
v 0.066357 0.244712 0.418790
v -0.132667 0.302112 0.417180
v -0.120597 0.256246 0.402964
v -0.082777 0.244712 0.418790
v 0.149507 0.278240 0.395454
v 0.169087 0.312305 0.408329
v -0.185508 0.312305 0.408329
v -0.165927 0.278240 0.395454
v 0.236680 0.279313 0.390090
v 0.199665 0.268584 0.385530
v -0.253101 0.279313 0.390090
v -0.216086 0.268584 0.385530
v 0.334582 0.230496 0.359244
v 0.276646 0.237202 0.363535
v -0.351003 0.230496 0.359244
v -0.293067 0.237202 0.363535
v 0.367306 0.189994 0.335372
v 0.336192 0.198577 0.341273
v -0.383727 0.189994 0.335372
v -0.352612 0.198577 0.341273
v 0.355773 0.118645 0.322765
v 0.342898 0.147345 0.333226
v -0.372193 0.118645 0.322765
v -0.359318 0.147345 0.333226
v 0.293276 0.047566 0.333226
v 0.304273 0.081631 0.338054
v -0.309696 0.047566 0.333226
v -0.320694 0.081631 0.338054
v 0.200470 0.008405 0.357098
v 0.234534 0.033082 0.353879
v -0.216890 0.008405 0.357098
v -0.250955 0.033082 0.353879
v 0.091570 0.014842 0.394113
v 0.149507 0.034423 0.376947
v -0.107991 0.014842 0.394113
v -0.165927 0.034423 0.376947
v 0.085937 0.066610 0.389553
v 0.041412 0.063927 0.385798
v 0.033633 -0.002056 0.395186
v -0.057832 0.063927 0.385798
v -0.102358 0.066610 0.389553
v -0.050054 -0.002056 0.395186
v 0.031219 0.189726 0.410475
v 0.068234 0.209038 0.403769
v -0.084655 0.209038 0.403769
v -0.047639 0.189726 0.410475
v -0.008210 0.162366 0.407256
v 0.029073 0.126961 0.394918
v 0.056969 0.154320 0.397868
v -0.073389 0.154320 0.397868
v -0.045494 0.126961 0.394918
v 0.065284 0.105234 0.391163
v -0.008210 0.088336 0.386871
v -0.081704 0.105234 0.391163
v 0.011907 -0.478426 0.351734
v -0.008210 -0.491569 0.340736
v 0.050531 -0.485400 0.341273
v -0.028327 -0.478426 0.351734
v -0.066952 -0.485400 0.341273
v 0.047312 -0.464210 0.357098
v 0.084864 -0.464478 0.346369
v -0.063733 -0.464210 0.357098
v -0.101285 -0.464478 0.346369
v 0.062065 -0.422367 0.367559
v 0.093716 -0.413783 0.358975
v -0.078486 -0.422367 0.367559
v -0.110136 -0.413783 0.358975
v 0.073062 -0.240778 0.375606
v 0.047849 -0.300324 0.380702
v 0.090229 -0.358797 0.367022
v -0.064270 -0.300324 0.380702
v -0.089483 -0.240778 0.375606
v -0.106649 -0.358797 0.367022
v 0.056164 -0.380523 0.375337
v -0.072585 -0.380523 0.375337
v 0.015394 -0.167015 0.386871
v -0.008210 -0.198666 0.385798
v 0.014857 -0.240509 0.386335
v 0.038997 -0.192765 0.383384
v -0.031814 -0.167015 0.386871
v -0.055418 -0.192765 0.383384
v -0.031278 -0.240509 0.386335
v -0.008210 -0.298446 0.383652
v 0.022367 -0.352091 0.380434
v -0.038788 -0.352091 0.380434
v 0.021563 -0.393666 0.378556
v -0.008210 -0.383206 0.379361
v -0.037983 -0.393666 0.378556
v 0.058310 -0.111224 0.399210
v 0.052140 -0.125977 0.408329
v 0.037656 -0.142607 0.395186
v 0.054823 -0.131341 0.386335
v -0.068561 -0.125977 0.408329
v -0.074730 -0.111224 0.399210
v -0.071243 -0.131341 0.386335
v -0.054077 -0.142607 0.395186
v 0.045435 -0.071527 0.395186
v 0.056432 -0.088961 0.408597
v 0.056700 -0.090303 0.389822
v -0.072853 -0.088961 0.408597
v -0.061855 -0.071527 0.395186
v -0.073121 -0.090303 0.389822
v 0.007079 -0.066431 0.395186
v 0.030683 -0.062407 0.404574
v 0.022099 -0.059188 0.388212
v -0.047103 -0.062407 0.404574
v -0.023499 -0.066431 0.395186
v -0.038520 -0.059188 0.388212
v -0.008210 -0.086011 0.399210
v 0.001446 -0.076891 0.408597
v -0.008210 -0.079573 0.391699
v -0.017866 -0.076891 0.408597
v 0.016735 -0.150922 0.404038
v -0.008210 -0.161114 0.394381
v -0.033155 -0.150922 0.404038
v 0.035511 -0.133219 0.412889
v 0.014857 -0.135097 0.417985
v -0.008210 -0.150385 0.411548
v -0.051931 -0.133219 0.412889
v -0.031278 -0.135097 0.417985
v -0.008210 -0.088157 0.420131
v 0.009761 -0.085206 0.424423
v 0.016467 -0.068576 0.414767
v -0.026181 -0.085206 0.424423
v -0.032887 -0.068576 0.414767
v 0.029610 -0.075282 0.421204
v 0.044899 -0.073404 0.414767
v -0.046030 -0.075282 0.421204
v -0.061319 -0.073404 0.414767
v 0.043557 -0.092180 0.424423
v 0.054555 -0.110152 0.419863
v -0.059978 -0.092180 0.424423
v -0.070975 -0.110152 0.419863
v 0.038193 -0.121149 0.422545
v -0.054614 -0.121149 0.422545
v 0.021831 -0.106396 0.428178
v -0.038252 -0.106396 0.428178
v -0.008210 -0.123026 0.424423
v 0.048385 -0.059725 0.396795
v -0.008210 -0.025392 0.385262
v -0.064806 -0.059725 0.396795
v 0.068234 -0.114711 0.380166
v 0.074135 -0.087620 0.379361
v -0.084655 -0.114711 0.380166
v -0.090555 -0.087620 0.379361
v 0.066357 -0.159505 0.375606
v 0.086742 -0.140193 0.358171
v -0.082777 -0.159505 0.375606
v -0.103163 -0.140193 0.358171
v 0.097471 -0.195984 0.358707
v -0.113891 -0.195984 0.358707
v 0.138241 -0.191155 0.285213
v 0.113565 -0.164870 0.324106
v -0.129985 -0.164870 0.324106
v -0.154662 -0.191155 0.285213
v 0.119734 -0.141265 0.284141
v 0.100153 -0.121685 0.327325
v -0.116574 -0.121685 0.327325
v -0.136154 -0.141265 0.284141
v 0.106054 -0.104519 0.291651
v -0.122475 -0.104519 0.291651
v -0.008210 -0.406273 0.375606
v 0.018076 -0.404663 0.369436
v 0.040875 -0.399567 0.375606
v -0.057296 -0.399567 0.375606
v -0.034497 -0.404663 0.369436
v 0.044630 -0.417807 0.366486
v 0.045972 -0.440338 0.366486
v -0.062392 -0.440338 0.366486
v -0.061051 -0.417807 0.366486
v 0.031755 -0.452676 0.356025
v 0.021563 -0.466892 0.356830
v -0.037983 -0.466892 0.356830
v -0.048176 -0.452676 0.356025
v 0.005201 -0.467428 0.350124
v -0.008210 -0.472793 0.354147
v -0.021622 -0.467428 0.350124
v 0.017539 -0.458577 0.339663
v 0.006274 -0.453749 0.329202
v -0.008210 -0.464210 0.338590
v -0.033960 -0.458577 0.339663
v -0.022694 -0.453749 0.329202
v 0.040071 -0.435510 0.347442
v 0.031487 -0.443020 0.331259
v -0.056491 -0.435510 0.347442
v -0.047908 -0.443020 0.331259
v 0.036852 -0.405737 0.356025
v 0.041143 -0.421294 0.337965
v -0.053272 -0.405737 0.356025
v -0.057564 -0.421294 0.337965
v -0.008210 -0.411638 0.354684
v 0.015930 -0.415124 0.341004
v -0.032350 -0.415124 0.341004
v -0.008210 -0.436851 0.330543
v 0.026659 -0.430682 0.331527
v -0.043080 -0.430682 0.331527
v 0.089424 0.093968 0.394918
v 0.089692 0.114086 0.399478
v 0.077085 0.130448 0.398405
v -0.105844 0.093968 0.394918
v -0.093506 0.130448 0.398405
v -0.106113 0.114086 0.399478
v 0.086473 0.152978 0.401892
v 0.077890 0.176850 0.400819
v -0.094311 0.176850 0.400819
v -0.102894 0.152978 0.401892
v 0.096934 0.196699 0.402696
v 0.097471 0.224863 0.401892
v -0.113891 0.224863 0.401892
v -0.113355 0.196699 0.402696
v 0.118124 0.065805 0.391699
v 0.104981 0.084044 0.399210
v -0.134545 0.065805 0.391699
v -0.121402 0.084044 0.399210
v 0.194300 0.039787 0.373728
v 0.156749 0.057490 0.390358
v -0.210721 0.039787 0.373728
v -0.173169 0.057490 0.390358
v 0.258407 0.060709 0.357634
v 0.225683 0.054539 0.373191
v -0.274827 0.060709 0.357634
v -0.242103 0.054539 0.373191
v 0.315002 0.115695 0.343150
v 0.282010 0.092091 0.356562
v -0.331423 0.115695 0.343150
v -0.298431 0.092091 0.356562
v 0.325731 0.169877 0.343418
v 0.312857 0.144395 0.348246
v -0.342152 0.169877 0.343418
v -0.329277 0.144395 0.348246
v 0.302932 0.209574 0.353074
v 0.308297 0.187311 0.352270
v -0.319352 0.209574 0.353074
v -0.324717 0.187311 0.352270
v 0.229975 0.239347 0.381507
v 0.262430 0.218426 0.375069
v -0.246395 0.239347 0.381507
v -0.278850 0.218426 0.375069
v 0.175793 0.257050 0.388749
v 0.199665 0.240420 0.393040
v -0.192213 0.257050 0.388749
v -0.216086 0.240420 0.393040
v 0.135290 0.252759 0.396259
v 0.158358 0.246590 0.394918
v -0.151711 0.252759 0.396259
v -0.174779 0.246590 0.394918
v 0.123489 0.231569 0.401087
v -0.139909 0.231569 0.401087
v 0.115442 0.210915 0.398673
v 0.133413 0.219230 0.394381
v 0.144410 0.233983 0.397600
v -0.131863 0.210915 0.398673
v -0.160831 0.233983 0.397600
v -0.149834 0.219230 0.394381
v 0.161309 0.232105 0.392235
v 0.177939 0.238543 0.391699
v -0.194359 0.238543 0.391699
v -0.177729 0.232105 0.392235
v 0.197787 0.229959 0.387944
v 0.224610 0.225936 0.388749
v -0.241030 0.225936 0.388749
v -0.214208 0.229959 0.387944
v 0.251433 0.210647 0.368631
v 0.284961 0.199382 0.358171
v -0.301381 0.199382 0.358171
v -0.267853 0.210647 0.368631
v 0.290057 0.180606 0.347174
v 0.302932 0.166121 0.349587
v -0.319352 0.166121 0.349587
v -0.306478 0.180606 0.347174
v 0.294349 0.146273 0.345028
v 0.294885 0.121864 0.349856
v -0.311306 0.121864 0.349856
v -0.310769 0.146273 0.345028
v 0.268599 0.101211 0.353611
v 0.249287 0.075193 0.365681
v -0.265707 0.075193 0.365681
v -0.285019 0.101211 0.353611
v 0.221391 0.066878 0.368631
v 0.194569 0.057222 0.380166
v -0.210989 0.057222 0.380166
v -0.237812 0.066878 0.368631
v 0.161309 0.069024 0.383652
v 0.127512 0.075729 0.395723
v -0.143932 0.075729 0.395723
v -0.177729 0.069024 0.383652
v 0.114101 0.092628 0.390090
v 0.100958 0.102016 0.395186
v -0.117379 0.102016 0.395186
v -0.130521 0.092628 0.390090
v 0.096934 0.173900 0.398405
v 0.109809 0.191335 0.392235
v -0.113355 0.173900 0.398405
v -0.126230 0.191335 0.392235
v 0.093716 0.134471 0.396527
v 0.099080 0.154856 0.390090
v -0.110136 0.134471 0.396527
v -0.115501 0.154856 0.390090
v 0.101226 0.120523 0.387944
v -0.117647 0.120523 0.387944
v 0.039266 0.283604 0.349319
v 0.017718 0.257408 0.316596
v -0.008210 0.248735 0.346101
v -0.055686 0.283604 0.349319
v -0.034139 0.257408 0.316596
v 0.092643 0.378289 0.351465
v 0.090229 0.327057 0.319814
v -0.109063 0.378289 0.351465
v -0.106649 0.327057 0.319814
v 0.172574 0.395991 0.339395
v 0.137973 0.375070 0.316596
v -0.188995 0.395991 0.339395
v -0.154393 0.375070 0.316596
v 0.263235 0.331081 0.315791
v 0.199128 0.352270 0.303453
v -0.279655 0.331081 0.315791
v -0.215549 0.352270 0.303453
v 0.368647 0.272607 0.284945
v 0.310442 0.289506 0.261073
v -0.385068 0.272607 0.284945
v -0.326863 0.289506 0.261073
v 0.435704 0.226204 0.259732
v 0.396543 0.249003 0.235323
v -0.452125 0.226204 0.259732
v -0.412963 0.249003 0.235323
v 0.420952 0.102820 0.213865
v 0.427389 0.170413 0.197235
v -0.437372 0.102820 0.213865
v -0.443810 0.170413 0.197235
v 0.331096 0.005722 0.234787
v 0.379645 0.055076 0.176582
v -0.347516 0.005722 0.234787
v -0.396065 0.055076 0.176582
v 0.228365 -0.050873 0.251148
v 0.281742 -0.021905 0.202063
v -0.244786 -0.050873 0.251148
v -0.298163 -0.021905 0.202063
v -0.008210 -0.271624 0.142249
v 0.040339 -0.241314 0.122400
v 0.071185 -0.250702 0.151100
v 0.028536 -0.301933 0.158879
v -0.056759 -0.241314 0.122400
v -0.044957 -0.301933 0.158879
v -0.087605 -0.250702 0.151100
v -0.008210 -0.361211 0.162634
v 0.065016 -0.344849 0.174972
v 0.030683 -0.414856 0.176582
v -0.047103 -0.414856 0.176582
v -0.081436 -0.344849 0.174972
v -0.008210 -0.472793 0.196967
v 0.075745 -0.456700 0.196163
v 0.036584 -0.505517 0.224326
v -0.053004 -0.505517 0.224326
v -0.092165 -0.456700 0.196163
v -0.008210 -0.524293 0.258123
v 0.085133 -0.514368 0.247662
v -0.101553 -0.514368 0.247662
v 0.125366 -0.488082 0.210915
v 0.161309 -0.492642 0.231300
v -0.177729 -0.492642 0.231300
v -0.141787 -0.488082 0.210915
v 0.153262 -0.445166 0.200722
v 0.170160 -0.423707 0.228886
v -0.186581 -0.423707 0.228886
v -0.169682 -0.445166 0.200722
v 0.136632 -0.337339 0.198040
v 0.157017 -0.317222 0.238810
v -0.173437 -0.317222 0.238810
v -0.153052 -0.337339 0.198040
v 0.110077 -0.390984 0.184897
v 0.098007 -0.279670 0.178996
v -0.126498 -0.390984 0.184897
v -0.114428 -0.279670 0.178996
v 0.124830 -0.235949 0.200454
v 0.104713 -0.205371 0.158879
v -0.141251 -0.235949 0.200454
v -0.121133 -0.205371 0.158879
v 0.141460 -0.212882 0.243907
v -0.157880 -0.212882 0.243907
v 0.124025 -0.154677 0.247393
v 0.126171 -0.121953 0.220303
v 0.113833 -0.119808 0.257049
v -0.142592 -0.121953 0.220303
v -0.140446 -0.154677 0.247393
v -0.130253 -0.119808 0.257049
v 0.118124 -0.172648 0.201259
v -0.134545 -0.172648 0.201259
v 0.116873 -0.094862 0.246410
v 0.120806 -0.087352 0.264292
v -0.137227 -0.087352 0.264292
v -0.133293 -0.094862 0.246410
v 0.162739 -0.068308 0.245605
v -0.179160 -0.068308 0.245605
v 0.088619 0.059367 -0.426390
v 0.161756 -0.012517 -0.362195
v 0.084328 -0.079305 -0.345923
v -0.008210 -0.021100 -0.415662
v -0.178176 -0.012517 -0.362195
v -0.105040 0.059367 -0.426390
v -0.100748 -0.079305 -0.345923
v 0.155139 -0.109615 -0.250971
v 0.071989 -0.173185 -0.180696
v -0.008210 -0.139656 -0.290132
v -0.171560 -0.109615 -0.250971
v -0.088410 -0.173185 -0.180696
v 0.125098 -0.175330 -0.052751
v 0.051604 -0.219051 0.045688
v -0.008210 -0.211004 -0.064822
v -0.141519 -0.175330 -0.052751
v -0.068025 -0.219051 0.045688
v 0.087815 -0.208859 0.107648
v -0.008210 -0.238900 0.101478
v -0.104235 -0.208859 0.107648
v 0.118035 -0.169161 0.134649
v -0.134455 -0.169161 0.134649
v 0.351749 0.005990 0.111671
v 0.420147 0.066342 0.024766
v 0.424707 0.119450 0.108453
v -0.368169 0.005990 0.111671
v -0.441127 0.119450 0.108453
v -0.436567 0.066342 0.024766
v 0.113833 0.281995 -0.427463
v 0.193764 0.146273 -0.402250
v -0.008210 0.175241 -0.463942
v -0.210185 0.146273 -0.402250
v -0.130253 0.281995 -0.427463
v 0.116515 0.474850 0.113012
v 0.222464 0.492552 0.012159
v 0.116246 0.526081 -0.068577
v -0.008210 0.521253 0.030667
v -0.238885 0.492552 0.012159
v -0.132936 0.474850 0.113012
v -0.132667 0.526081 -0.068577
v 0.222464 0.494967 -0.160847
v 0.116515 0.474850 -0.274038
v -0.008210 0.522326 -0.183914
v -0.238885 0.494967 -0.160847
v -0.132936 0.474850 -0.274038
v 0.223269 0.364609 -0.331170
v -0.008210 0.401624 -0.386693
v -0.239690 0.364609 -0.331170
v 0.406467 0.223254 0.181410
v 0.371866 0.261074 0.141981
v 0.346921 0.262683 0.196431
v -0.422888 0.223254 0.181410
v -0.363341 0.262683 0.196431
v -0.388287 0.261074 0.141981
v 0.408076 0.269388 0.082703
v 0.383936 0.348247 0.023425
v 0.337802 0.329740 0.083776
v -0.424497 0.269388 0.082703
v -0.354222 0.329740 0.083776
v -0.400357 0.348247 0.023425
v 0.421756 0.326252 -0.035854
v 0.386619 0.378020 -0.109884
v 0.341557 0.412085 -0.047119
v -0.438177 0.326252 -0.035854
v -0.357977 0.412085 -0.047119
v -0.403039 0.378020 -0.109884
v 0.418806 0.318742 -0.166211
v 0.385009 0.329471 -0.235682
v 0.341557 0.406989 -0.187937
v -0.435226 0.318742 -0.166211
v -0.357977 0.406989 -0.187937
v -0.401430 0.329471 -0.235682
v 0.366234 0.175778 -0.296032
v 0.336192 0.291115 -0.301129
v 0.413978 0.243907 -0.234609
v -0.352612 0.291115 -0.301129
v -0.382654 0.175778 -0.296032
v -0.430398 0.243907 -0.234609
v 0.291666 0.413694 -0.248020
v 0.279596 0.224595 -0.359602
v -0.308087 0.413694 -0.248020
v -0.296017 0.224595 -0.359602
v 0.292203 0.463584 -0.097277
v -0.308623 0.463584 -0.097277
v 0.292203 0.422546 0.050784
v -0.308623 0.422546 0.050784
v 0.223805 0.384458 0.153782
v 0.294617 0.300235 0.168267
v -0.311038 0.300235 0.168267
v -0.240226 0.384458 0.153782
v 0.235339 0.299698 0.245784
v -0.251759 0.299698 0.245784
v 0.122684 0.331349 0.239883
v -0.008210 0.408062 0.198576
v -0.139104 0.331349 0.239883
v 0.148166 0.304258 0.291651
v -0.164586 0.304258 0.291651
v 0.048028 0.290936 0.293797
v -0.064448 0.290936 0.293797
v -0.008210 0.276810 0.299966
v 0.427657 0.192944 0.087799
v -0.444078 0.192944 0.087799
v 0.446701 0.157002 -0.006617
v 0.442678 0.247394 -0.005544
v -0.459098 0.247394 -0.005544
v -0.463122 0.157002 -0.006617
v 0.448847 0.202064 -0.089767
v 0.435704 0.263756 -0.114712
v -0.452125 0.263756 -0.114712
v -0.465267 0.202064 -0.089767
v 0.434900 0.200186 -0.193570
v -0.451320 0.200186 -0.193570
v 0.191082 -0.117125 -0.148776
v 0.227024 -0.094594 -0.043632
v 0.160951 -0.141534 0.047208
v -0.207502 -0.117125 -0.148776
v -0.177372 -0.141534 0.047208
v -0.243445 -0.094594 -0.043632
v 0.297568 -0.048191 0.038445
v 0.280401 -0.061871 -0.127319
v 0.343702 -0.037731 -0.053825
v -0.313988 -0.048191 0.038445
v -0.360123 -0.037731 -0.053825
v -0.296822 -0.061871 -0.127319
v 0.226219 -0.062675 0.150564
v -0.242640 -0.062675 0.150564
v 0.163544 -0.081988 0.222538
v 0.159610 -0.116321 0.141355
v -0.179964 -0.081988 0.222538
v -0.176030 -0.116321 0.141355
v 0.377499 0.085117 -0.265991
v 0.306419 0.023694 -0.273234
v 0.294617 0.109258 -0.334121
v -0.322840 0.023694 -0.273234
v -0.393919 0.085117 -0.265991
v -0.311038 0.109258 -0.334121
v 0.222911 0.047566 -0.356294
v -0.239332 0.047566 -0.356294
v 0.244459 -0.044704 -0.228171
v 0.331096 -0.031293 -0.187937
v -0.260879 -0.044704 -0.228171
v -0.347516 -0.031293 -0.187937
v 0.212182 -0.031025 -0.306940
v -0.228602 -0.031025 -0.306940
v 0.517245 0.247662 -0.183914
v 0.492300 0.220571 -0.152264
v 0.524218 0.222986 -0.169698
v 0.557210 0.253295 -0.191425
v -0.508720 0.220571 -0.152264
v -0.533665 0.247662 -0.183914
v -0.573631 0.253295 -0.191425
v -0.540639 0.222986 -0.169698
v 0.598517 0.244443 -0.216638
v 0.650553 0.257318 -0.240510
v 0.610587 0.274217 -0.234072
v -0.614938 0.244443 -0.216638
v -0.627008 0.274217 -0.234072
v -0.666974 0.257318 -0.240510
v 0.668524 0.210110 -0.247484
v 0.699638 0.173632 -0.251239
v 0.698565 0.232910 -0.261163
v -0.684945 0.210110 -0.247484
v -0.714986 0.232910 -0.261163
v -0.716059 0.173632 -0.251239
v 0.675498 0.111404 -0.251239
v 0.666110 0.054539 -0.246411
v 0.711172 0.113012 -0.262773
v -0.691919 0.111404 -0.251239
v -0.727593 0.113012 -0.262773
v -0.682531 0.054539 -0.246411
v 0.609783 0.020743 -0.224416
v 0.558820 -0.020564 -0.191961
v 0.627486 0.001699 -0.239705
v -0.626203 0.020743 -0.224416
v -0.643906 0.001699 -0.239705
v -0.575240 -0.020564 -0.191961
v 0.503029 -0.020564 -0.149581
v 0.437850 -0.042290 -0.110420
v 0.491763 -0.049800 -0.160578
v -0.519449 -0.020564 -0.149581
v -0.508184 -0.049800 -0.160578
v -0.454270 -0.042290 -0.110420
v 0.559356 0.005722 -0.203494
v 0.517781 0.001967 -0.181768
v 0.467891 -0.010907 -0.133220
v -0.534202 0.001967 -0.181768
v -0.575777 0.005722 -0.203494
v -0.484311 -0.010907 -0.133220
v 0.642775 0.063659 -0.251775
v 0.604955 0.034691 -0.246947
v -0.621375 0.034691 -0.246947
v -0.659195 0.063659 -0.251775
v 0.670133 0.155393 -0.257140
v 0.660477 0.105771 -0.268942
v -0.676898 0.105771 -0.268942
v -0.686554 0.155393 -0.257140
v 0.633655 0.219767 -0.246142
v 0.655649 0.181679 -0.266796
v -0.672070 0.181679 -0.266796
v -0.650075 0.219767 -0.246142
v 0.556942 0.217353 -0.203494
v 0.596103 0.208233 -0.242387
v -0.612524 0.208233 -0.242387
v -0.573363 0.217353 -0.203494
v 0.505979 0.192139 -0.167284
v 0.532265 0.192408 -0.201081
v -0.522400 0.192139 -0.167284
v -0.548686 0.192408 -0.201081
v 0.367306 -0.028343 -0.102105
v 0.384562 0.001878 -0.088515
v 0.396543 0.015378 -0.035317
v -0.383727 -0.028343 -0.102105
v -0.412963 0.015378 -0.035317
v -0.400983 0.001878 -0.088515
v 0.375621 -0.051410 -0.120076
v 0.415587 -0.018686 -0.113371
v -0.392042 -0.051410 -0.120076
v -0.432007 -0.018686 -0.113371
v 0.424975 0.091823 -0.057579
v -0.441395 0.091823 -0.057579
v 0.453675 0.182483 -0.133756
v 0.477279 0.188653 -0.146631
v 0.460917 0.206892 -0.157092
v -0.493699 0.188653 -0.146631
v -0.470095 0.182483 -0.133756
v -0.477338 0.206892 -0.157092
v 0.452334 -0.001251 -0.154409
v 0.419611 0.001699 -0.143412
v -0.468755 -0.001251 -0.154409
v -0.436031 0.001699 -0.143412
v 0.420415 0.027180 -0.153068
v 0.394487 0.014485 -0.124189
v 0.439459 0.011623 -0.171039
v -0.410907 0.014485 -0.124189
v -0.436835 0.027180 -0.153068
v -0.455879 0.011623 -0.171039
v 0.409150 0.054807 -0.154409
v 0.442946 0.039787 -0.174526
v 0.425243 0.055881 -0.174526
v -0.425570 0.054807 -0.154409
v -0.441664 0.055881 -0.174526
v -0.459367 0.039787 -0.174526
v 0.438386 0.111135 -0.156019
v 0.413173 0.081094 -0.128928
v 0.427389 0.083240 -0.172380
v -0.429594 0.081094 -0.128928
v -0.454807 0.111135 -0.156019
v -0.443810 0.083240 -0.172380
v 0.446701 0.148955 -0.138048
v 0.463331 0.127229 -0.171576
v 0.469232 0.156197 -0.156287
v -0.463122 0.148955 -0.138048
v -0.485653 0.156197 -0.156287
v -0.479751 0.127229 -0.171576
v 0.493909 0.163976 -0.175867
v -0.510330 0.163976 -0.175867
v 0.439728 0.141445 -0.100227
v -0.456148 0.141445 -0.100227
v 0.395828 0.036479 -0.096830
v -0.412248 0.036479 -0.096830
v 0.481571 0.141445 -0.186865
v 0.502492 0.151637 -0.204836
v 0.514830 0.172827 -0.201081
v -0.497991 0.141445 -0.186865
v -0.531251 0.172827 -0.201081
v -0.518913 0.151637 -0.204836
v 0.451261 0.104698 -0.186865
v 0.471914 0.118645 -0.197862
v -0.467682 0.104698 -0.186865
v -0.488335 0.118645 -0.197862
v 0.419879 0.067146 -0.187133
v 0.437045 0.081362 -0.197057
v -0.436299 0.067146 -0.187133
v -0.453466 0.081362 -0.197057
v 0.441873 0.052394 -0.187133
v 0.433826 0.062318 -0.197057
v -0.458294 0.052394 -0.187133
v -0.450247 0.062318 -0.197057
v 0.453407 0.022084 -0.187133
v 0.457698 0.039787 -0.197593
v -0.469827 0.022084 -0.187133
v -0.474119 0.039787 -0.197593
v 0.445360 0.004381 -0.183109
v 0.453944 0.012696 -0.195448
v -0.461781 0.004381 -0.183109
v -0.470364 0.012696 -0.195448
v 0.482912 0.001967 -0.169698
v 0.460649 0.005990 -0.183914
v -0.499332 0.001967 -0.169698
v -0.477070 0.005990 -0.183914
v 0.541922 0.177924 -0.228708
v 0.562843 0.194017 -0.236754
v -0.579264 0.194017 -0.236754
v -0.558342 0.177924 -0.228708
v 0.601021 0.193838 -0.264650
v 0.634192 0.195894 -0.272697
v -0.650612 0.195894 -0.272697
v -0.617441 0.193838 -0.264650
v 0.653504 0.169340 -0.282353
v 0.668524 0.142786 -0.280743
v -0.684945 0.142786 -0.280743
v -0.669924 0.169340 -0.282353
v 0.657795 0.104161 -0.282353
v 0.643043 0.065000 -0.274843
v -0.659463 0.065000 -0.274843
v -0.674215 0.104161 -0.282353
v 0.603882 0.042738 -0.264382
v 0.564452 0.015915 -0.234877
v -0.580873 0.015915 -0.234877
v -0.620302 0.042738 -0.264382
v 0.521805 0.013501 -0.209664
v -0.538225 0.013501 -0.209664
v 0.477547 0.032545 -0.201617
v 0.493373 0.059904 -0.207518
v 0.462527 0.061513 -0.202153
v -0.493968 0.032545 -0.201617
v -0.478947 0.061513 -0.202153
v -0.509793 0.059904 -0.207518
v 0.520732 0.058831 -0.215833
v 0.529583 0.092628 -0.220929
v 0.499274 0.089409 -0.210200
v -0.537152 0.058831 -0.215833
v -0.515694 0.089409 -0.210200
v -0.546004 0.092628 -0.220929
v 0.560429 0.092359 -0.234609
v 0.560966 0.124815 -0.231658
v 0.532802 0.123473 -0.222270
v -0.576849 0.092359 -0.234609
v -0.549222 0.123473 -0.222270
v -0.577386 0.124815 -0.231658
v 0.594494 0.121864 -0.243192
v 0.599054 0.145468 -0.244533
v 0.567403 0.150564 -0.234341
v -0.610914 0.121864 -0.243192
v -0.583824 0.150564 -0.234341
v -0.615474 0.145468 -0.244533
v 0.533875 0.153515 -0.222807
v 0.575807 0.175599 -0.245874
v -0.550295 0.153515 -0.222807
v -0.592228 0.175599 -0.245874
v 0.500346 0.122400 -0.209396
v -0.516767 0.122400 -0.209396
v 0.467355 0.088872 -0.202690
v -0.483775 0.088872 -0.202690
v 0.494177 0.025034 -0.197057
v -0.510598 0.025034 -0.197057
v 0.553723 0.047834 -0.237023
v -0.570144 0.047834 -0.237023
v 0.610051 0.087263 -0.260090
v -0.626471 0.087263 -0.260090
v 0.635264 0.135008 -0.265723
v -0.651685 0.135008 -0.265723
v 0.614968 0.175867 -0.263577
v -0.631389 0.175867 -0.263577
v 0.427389 -0.054628 -0.165943
v 0.495250 -0.012517 -0.238364
v 0.562575 -0.032903 -0.241583
v -0.443810 -0.054628 -0.165943
v -0.578995 -0.032903 -0.241583
v -0.511671 -0.012517 -0.238364
v 0.633923 0.034154 -0.296301
v 0.690787 0.048370 -0.281817
v -0.707208 0.048370 -0.281817
v -0.650343 0.034154 -0.296301
v 0.722080 0.121864 -0.302559
v 0.726193 0.175509 -0.280207
v -0.742613 0.175509 -0.280207
v -0.738500 0.121864 -0.302559
v 0.709742 0.208501 -0.304974
v 0.667183 0.264829 -0.282621
v -0.683604 0.264829 -0.282621
v -0.726162 0.208501 -0.304974
v 0.618366 0.230496 -0.296837
v 0.558820 0.260001 -0.242655
v -0.575240 0.260001 -0.242655
v -0.634786 0.230496 -0.296837
v 0.508125 0.203137 -0.249630
v 0.477279 0.225399 -0.200544
v -0.493699 0.225399 -0.200544
v -0.524545 0.203137 -0.249630
v 0.561234 0.110331 -0.286645
v 0.450725 0.085117 -0.233804
v -0.577654 0.110331 -0.286645
v -0.467145 0.085117 -0.233804
v 0.682382 0.150564 -0.314898
v -0.698803 0.150564 -0.314898
v 0.435972 0.165317 -0.234073
v -0.452393 0.165317 -0.234073
v 0.389301 -0.003129 -0.218247
v -0.405721 -0.003129 -0.218247
v 0.232858 0.099400 0.392906
v -0.249279 0.099400 0.392906
v 0.259480 0.070499 0.352538
v -0.275900 0.070499 0.352538
v 0.284156 0.048639 0.295138
v -0.300577 0.048639 0.295138
v 0.184912 0.008941 0.314450
v -0.201333 0.008941 0.314450
v 0.184980 0.039787 0.367626
v -0.201400 0.039787 0.367626
v 0.185382 0.080960 0.402294
v -0.201802 0.080960 0.402294
v 0.140186 0.099400 0.410408
v -0.156607 0.099400 0.410408
v 0.110815 0.070499 0.379428
v -0.127236 0.070499 0.379428
v 0.085669 0.048639 0.330544
v -0.102089 0.048639 0.330544
v 0.045435 0.144664 0.335372
v -0.061855 0.144664 0.335372
v 0.080036 0.144261 0.381373
v -0.096457 0.144261 0.381373
v 0.121745 0.144597 0.411548
v -0.138166 0.144597 0.411548
v 0.140186 0.192139 0.410408
v -0.156607 0.192139 0.410408
v 0.110815 0.218694 0.379428
v -0.127236 0.218694 0.379428
v 0.085669 0.243371 0.330544
v -0.102089 0.243371 0.330544
v 0.184912 0.283604 0.314450
v -0.201333 0.283604 0.314450
v 0.184980 0.249540 0.367626
v -0.201400 0.249540 0.367626
v 0.185382 0.211049 0.402294
v -0.201802 0.211049 0.402294
v 0.232858 0.192139 0.392906
v -0.249279 0.192139 0.392906
v 0.259480 0.218694 0.352538
v -0.275900 0.218694 0.352538
v 0.284156 0.243371 0.295137
v -0.300577 0.243371 0.295137
v 0.324390 0.144664 0.287091
v -0.340811 0.144664 0.287091
v 0.290325 0.144261 0.345430
v -0.306746 0.144261 0.345430
v 0.251433 0.144597 0.388614
v -0.267853 0.144597 0.388614
v 0.241956 0.144619 0.403859
v -0.258376 0.144619 0.403859
v 0.226644 0.186283 0.407636
v -0.243065 0.186283 0.407636
v 0.185404 0.203628 0.417292
v -0.201825 0.203628 0.417292
v 0.146109 0.186283 0.424423
v -0.162530 0.186283 0.424423
v 0.129256 0.144619 0.425406
v -0.145676 0.144619 0.425406
v 0.146109 0.105324 0.424423
v -0.162530 0.105324 0.424423
v 0.185136 0.144462 0.427731
v -0.201556 0.144462 0.427731
v 0.185404 0.088470 0.417292
v -0.201825 0.088470 0.417292
v 0.226644 0.105324 0.407636
v -0.243065 0.105324 0.407636
v -0.008210 0.248869 0.380702
v -0.008210 0.204686 0.420727
v -0.008210 -0.352091 0.380434
v -0.008210 -0.157091 0.404038
v -0.008210 -0.085206 0.410609
v -0.008210 -0.409223 0.368497
v -0.008210 0.252267 0.315254
v -0.008210 0.322309 0.276362
v -0.008210 0.481153 -0.293619
v -0.008210 0.295675 -0.448385
v -0.008210 0.062318 -0.448117
v -0.008210 -0.182438 -0.191425
v 0.116448 -0.086279 0.293193
v -0.132868 -0.086279 0.293193
v 0.150378 -0.232463 0.286689
v -0.166799 -0.232463 0.286689
v 0.169758 -0.354103 0.283001
v -0.186178 -0.354103 0.283001
v 0.177939 -0.453481 0.268449
v -0.194359 -0.453481 0.268449
v 0.157889 -0.500152 0.264895
v -0.174309 -0.500152 0.264895
v 0.085937 -0.516380 0.277502
v -0.102358 -0.516380 0.277502
v -0.008210 -0.524024 0.286823
v 0.226354 -0.053153 0.275758
v -0.242774 -0.053153 0.275758
v 0.335320 0.004180 0.264493
v -0.351741 0.004180 0.264493
v 0.425444 0.103155 0.240688
v -0.441865 0.103155 0.240688
v 0.440465 0.227277 0.290913
v -0.456886 0.227277 0.290913
v 0.372604 0.274686 0.319010
v -0.389024 0.274686 0.319010
v 0.261759 0.336512 0.350728
v -0.278180 0.336512 0.350728
v 0.168886 0.402094 0.375136
v -0.185307 0.402094 0.375136
v 0.087681 0.382580 0.386938
v -0.104101 0.382580 0.386938
v 0.033432 0.285684 0.384591
v -0.049853 0.285684 0.384591
v 0.083523 0.234787 0.404775
v -0.099943 0.234787 0.404775
v 0.059115 0.181410 0.401087
v -0.075535 0.181410 0.401087
v 0.108670 0.050382 0.387206
v -0.125090 0.050382 0.387206
v 0.195709 0.026174 0.364072
v -0.212129 0.026174 0.364072
v 0.269538 0.052461 0.345497
v -0.285958 0.052461 0.345497
v 0.331230 0.115092 0.333360
v -0.347650 0.115092 0.333360
v 0.343233 0.175979 0.336311
v -0.359654 0.175979 0.336311
v 0.315941 0.218024 0.349789
v -0.332362 0.218024 0.349789
v 0.232992 0.254569 0.377215
v -0.249413 0.254569 0.377215
v 0.127177 0.271401 0.399478
v -0.143597 0.271401 0.399478
v -0.008210 -0.398897 0.378422
v 0.053589 -0.393870 0.374983
v -0.070010 -0.393870 0.374983
v 0.058645 -0.447848 0.361725
v -0.075066 -0.447848 0.361725
v 0.030817 -0.473665 0.353745
v -0.047237 -0.473665 0.353745
v -0.008210 -0.479633 0.351063
v -0.008210 -0.078500 0.398136
v -0.008210 -0.062765 0.386514
v 0.044563 -0.070454 0.390090
v -0.060984 -0.070454 0.390090
v 0.059718 -0.112632 0.388279
v -0.076138 -0.112632 0.388279
v 0.040972 -0.153625 0.384639
v -0.057392 -0.153625 0.384639
v 0.208114 -0.012853 0.342748
v -0.224535 -0.012853 0.342748
v 0.317819 0.039049 0.316998
v -0.334239 0.039049 0.316998
v 0.383668 0.119718 0.305196
v -0.400089 0.119718 0.305196
v 0.394934 0.206422 0.331550
v -0.411354 0.206422 0.331550
v 0.353359 0.245919 0.364407
v -0.369779 0.245919 0.364407
v 0.242782 0.305868 0.398807
v -0.259203 0.305868 0.398807
v 0.166137 0.351667 0.420265
v -0.182557 0.351667 0.420265
v 0.104311 0.336445 0.429385
v -0.120731 0.336445 0.429385
v 0.049861 0.256916 0.427172
v -0.066281 0.256916 0.427172
v 0.070022 -0.041813 0.402607
v -0.086443 -0.041813 0.402607
v 0.106188 -0.241314 0.357970
v -0.122609 -0.241314 0.357970
v 0.125165 -0.363960 0.348582
v -0.141586 -0.363960 0.348582
v 0.131200 -0.435711 0.336109
v -0.147621 -0.435711 0.336109
v 0.115442 -0.482918 0.323436
v -0.131863 -0.482918 0.323436
v 0.070849 -0.498677 0.322899
v -0.087270 -0.498677 0.322899
v -0.008210 -0.505114 0.325715
v -0.008210 0.033916 0.381805
v -0.008210 0.126156 0.396259
v 0.173044 0.277167 0.390828
v -0.189464 0.277167 0.390828
v 0.073934 0.084447 0.389151
v -0.090354 0.084447 0.389151
v 0.059718 0.128637 0.394449
v -0.076138 0.128637 0.394449
v 0.054622 -0.353768 0.377081
v -0.071042 -0.353768 0.377081
v 0.040942 -0.240040 0.383652
v -0.057363 -0.240040 0.383652
v -0.008210 -0.241046 0.386335
v -0.008210 -0.171843 0.386871
v 0.038058 -0.138516 0.405111
v -0.054480 -0.138516 0.405111
v 0.058444 -0.110420 0.410542
v -0.074864 -0.110420 0.410542
v 0.046910 -0.070119 0.405580
v -0.063331 -0.070119 0.405580
v 0.013583 -0.064955 0.405580
v -0.030004 -0.064955 0.405580
v -0.008210 -0.100078 0.428237
v 0.018016 -0.075580 0.420370
v -0.034437 -0.075580 0.420370
v 0.040190 -0.079633 0.420370
v -0.056610 -0.079633 0.420370
v 0.043423 -0.109213 0.426099
v -0.059844 -0.109213 0.426099
v 0.030295 -0.129821 0.417866
v -0.046716 -0.129821 0.417866
v -0.008210 -0.139522 0.417985
v 0.127177 -0.162321 0.283738
v -0.143597 -0.162321 0.283738
v 0.082249 -0.117661 0.363602
v -0.098670 -0.117661 0.363602
v 0.090765 -0.163529 0.358171
v -0.107186 -0.163529 0.358171
v 0.113498 -0.123496 0.286689
v -0.129918 -0.123496 0.286689
v -0.008210 -0.468501 0.349990
v 0.018545 -0.462667 0.351734
v -0.034966 -0.462667 0.351734
v 0.041546 -0.437655 0.361457
v -0.057966 -0.437655 0.361457
v 0.037857 -0.403390 0.369637
v -0.054278 -0.403390 0.369637
v -0.008210 -0.419014 0.340065
v 0.034304 -0.412778 0.341183
v -0.050724 -0.412778 0.341183
v 0.038044 -0.433453 0.337836
v -0.054464 -0.433453 0.337836
v 0.019819 -0.449591 0.329851
v -0.036240 -0.449591 0.329851
v -0.008210 -0.455224 0.329068
v 0.086607 0.132392 0.401020
v -0.103028 0.132392 0.401020
v 0.095794 0.097992 0.398472
v -0.112215 0.097992 0.398472
v 0.177402 0.246120 0.392302
v -0.193823 0.246120 0.392302
v 0.140923 0.241761 0.398606
v -0.157344 0.241761 0.398606
v 0.227292 0.230764 0.389755
v -0.243713 0.230764 0.389755
v 0.293343 0.203808 0.359177
v -0.309763 0.203808 0.359177
v 0.312924 0.167865 0.350057
v -0.329344 0.167865 0.350057
v 0.303938 0.118578 0.349520
v -0.320358 0.118578 0.349520
v 0.253713 0.069292 0.365681
v -0.270133 0.069292 0.365681
v 0.194502 0.049912 0.380836
v -0.210922 0.049912 0.380836
v 0.123288 0.070968 0.397801
v -0.139708 0.070968 0.397801
v 0.089759 0.174772 0.402361
v -0.106180 0.174772 0.402361
v 0.108133 0.216414 0.402428
v -0.124553 0.216414 0.402428
v 0.121075 0.206892 0.392772
v -0.137495 0.206892 0.392772
v 0.101762 0.173632 0.391699
v -0.118183 0.173632 0.391699
v 0.131267 0.080289 0.389553
v -0.147688 0.080289 0.389553
v 0.194569 0.063123 0.375606
v -0.210989 0.063123 0.375606
v 0.244995 0.079753 0.361658
v -0.261416 0.079753 0.361658
v 0.286838 0.125351 0.347174
v -0.303259 0.125351 0.347174
v 0.294349 0.164512 0.345564
v -0.310769 0.164512 0.345564
v 0.277182 0.195626 0.353611
v -0.293603 0.195626 0.353611
v 0.221928 0.222986 0.383116
v -0.238348 0.222986 0.383116
v 0.146825 0.227814 0.394918
v -0.163245 0.227814 0.394918
v 0.177939 0.232642 0.389017
v -0.194359 0.232642 0.389017
v 0.105517 0.106039 0.388480
v -0.121938 0.106039 0.388480
v 0.099617 0.136617 0.388480
v -0.116037 0.136617 0.388480
v 0.060742 0.279842 0.312626
v -0.077162 0.279842 0.312626
v 0.104802 0.361569 0.327861
v -0.121223 0.361569 0.327861
v 0.171799 0.376590 0.317729
v -0.188220 0.376590 0.317729
v 0.243450 0.315105 0.282241
v -0.259871 0.315105 0.282241
v 0.358790 0.265701 0.244577
v -0.375211 0.265701 0.244577
v 0.420482 0.222785 0.222985
v -0.436903 0.222785 0.222985
v 0.414648 0.108855 0.175844
v -0.431069 0.108855 0.175844
v 0.332102 0.010885 0.188853
v -0.348522 0.010885 0.188853
v 0.220676 -0.049768 0.222731
v -0.237097 -0.049768 0.222731
v -0.008210 0.481421 0.120925
v -0.008210 0.533055 -0.071259
v -0.008210 -0.085072 -0.363894
v -0.008210 -0.228707 0.047028
v -0.008210 -0.509808 0.226740
v -0.008210 -0.420757 0.173899
v -0.008210 -0.307163 0.154855
v -0.008210 -0.250299 0.124546
v 0.439325 0.135276 0.038646
v -0.455745 0.135276 0.038646
v 0.451207 0.176400 -0.051432
v -0.467628 0.176400 -0.051432
v 0.410824 0.166486 -0.254082
v -0.427244 0.166486 -0.254082
v 0.216295 0.253965 -0.389577
v -0.232715 0.253965 -0.389577
v 0.376490 -0.006766 0.015946
v -0.392911 -0.006766 0.015946
v 0.330227 -0.049082 -0.116321
v -0.346647 -0.049082 -0.116321
v 0.348731 0.013903 -0.244064
v -0.365152 0.013903 -0.244064
v 0.170607 0.053467 -0.387140
v -0.187028 0.053467 -0.387140
v 0.121812 -0.198264 0.200521
v -0.138233 -0.198264 0.200521
v 0.080707 -0.223343 0.129374
v -0.097127 -0.223343 0.129374
v 0.145349 -0.393130 0.197369
v -0.161770 -0.393130 0.197369
v 0.129122 -0.283157 0.199985
v -0.145542 -0.283157 0.199985
v 0.148910 -0.476250 0.212345
v -0.165331 -0.476250 0.212345
v 0.069978 -0.402987 0.181343
v -0.086398 -0.402987 0.181343
v 0.064278 -0.291137 0.167931
v -0.080698 -0.291137 0.167931
v 0.081176 -0.496866 0.218559
v -0.097597 -0.496866 0.218559
v 0.121339 -0.145343 0.198326
v -0.137760 -0.145343 0.198326
v 0.123176 -0.107134 0.236351
v -0.139596 -0.107134 0.236351
v 0.130830 -0.083209 0.251606
v -0.147251 -0.083209 0.251606
v 0.108593 -0.191778 0.061552
v -0.125014 -0.191778 0.061552
v 0.141862 -0.149916 -0.161987
v -0.158283 -0.149916 -0.161987
v 0.162560 -0.061468 -0.318206
v -0.178981 -0.061468 -0.318206
v 0.222665 0.453257 -0.247953
v -0.239086 0.453257 -0.247953
v 0.222464 0.503483 -0.073070
v -0.238885 0.503483 -0.073070
v 0.222799 0.455202 0.089542
v -0.239220 0.455202 0.089542
v 0.227359 0.319547 0.205617
v -0.243780 0.319547 0.205617
v 0.400164 0.235994 0.134738
v -0.416584 0.235994 0.134738
v 0.338204 0.278910 0.142249
v -0.354624 0.278910 0.142249
v 0.340618 0.384391 0.020743
v -0.357038 0.384391 0.020743
v 0.419007 0.305465 0.025705
v -0.435427 0.305465 0.025705
v 0.420348 0.330947 -0.100362
v -0.436768 0.330947 -0.100362
v 0.341557 0.417919 -0.117461
v -0.357977 0.417919 -0.117461
v 0.340215 0.368364 -0.251507
v -0.356636 0.368364 -0.251507
v 0.408315 0.298983 -0.212882
v -0.424736 0.298983 -0.212882
v 0.323116 0.197370 -0.330701
v -0.339536 0.197370 -0.330701
v 0.256568 0.021816 -0.311232
v -0.272989 0.021816 -0.311232
v 0.444856 0.202064 -0.136835
v -0.461277 0.202064 -0.136835
v 0.214682 -0.088693 0.063183
v -0.231102 -0.088693 0.063183
v 0.232858 -0.084536 -0.138182
v -0.249279 -0.084536 -0.138182
v 0.485057 0.228350 -0.166211
v -0.501478 0.228350 -0.166211
v 0.427590 -0.055433 -0.123764
v -0.444011 -0.055433 -0.123764
v 0.560832 -0.031695 -0.207049
v -0.577252 -0.031695 -0.207049
v 0.681131 0.050046 -0.258347
v -0.697551 0.050046 -0.258347
v 0.717140 0.178125 -0.261029
v -0.733561 0.178125 -0.261029
v 0.661148 0.268047 -0.254927
v -0.677569 0.268047 -0.254927
v 0.558685 0.263420 -0.207451
v -0.575106 0.263420 -0.207451
v 0.556071 0.235860 -0.191224
v -0.572491 0.235860 -0.191224
v 0.639891 0.239079 -0.238029
v -0.656312 0.239079 -0.238029
v 0.681399 0.165049 -0.250166
v -0.697819 0.165049 -0.250166
v 0.651425 0.059770 -0.244668
v -0.667845 0.059770 -0.244668
v 0.557881 -0.005945 -0.192162
v -0.574302 -0.005945 -0.192162
v 0.453005 -0.024386 -0.116656
v -0.469425 -0.024386 -0.116656
v 0.499206 0.206892 -0.154141
v -0.515627 0.206892 -0.154141
v 0.511545 0.179667 -0.185121
v -0.527965 0.179667 -0.185121
v 0.479023 -0.002056 -0.153202
v -0.495443 -0.002056 -0.153202
v 0.561971 0.013367 -0.219790
v -0.578392 0.013367 -0.219790
v 0.640025 0.065604 -0.263309
v -0.656446 0.065604 -0.263309
v 0.665842 0.147144 -0.268540
v -0.682263 0.147144 -0.268540
v 0.631777 0.203874 -0.259487
v -0.648198 0.203874 -0.259487
v 0.559356 0.201997 -0.221064
v -0.575777 0.201997 -0.221064
v 0.459442 0.169072 -0.142742
v -0.475862 0.169072 -0.142742
v 0.447103 0.106441 -0.172582
v -0.463524 0.106441 -0.172582
v 0.416124 0.064195 -0.172515
v -0.432544 0.064195 -0.172515
v 0.437641 0.050188 -0.178669
v -0.454062 0.050188 -0.178669
v 0.444220 0.023493 -0.172179
v -0.460640 0.023493 -0.172179
v 0.438789 0.003577 -0.166614
v -0.455209 0.003577 -0.166614
v 0.397839 0.028700 -0.067057
v -0.414260 0.028700 -0.067057
v 0.391439 -0.003991 -0.116464
v -0.407860 -0.003991 -0.116464
v 0.397362 0.037681 -0.129510
v -0.413782 0.037681 -0.129510
v 0.433223 0.121797 -0.133220
v -0.449643 0.121797 -0.133220
v 0.478218 0.146206 -0.171844
v -0.494638 0.146206 -0.171844
v 0.486533 0.135611 -0.199874
v -0.502953 0.135611 -0.199874
v 0.451589 0.006914 -0.188563
v -0.468010 0.006914 -0.188563
v 0.460381 0.024565 -0.197191
v -0.476801 0.024565 -0.197191
v 0.448109 0.053869 -0.197325
v -0.464530 0.053869 -0.197325
v 0.428343 0.069619 -0.194405
v -0.444763 0.069619 -0.194405
v 0.456223 0.100607 -0.197392
v -0.472644 0.100607 -0.197392
v 0.568096 0.187267 -0.246411
v -0.584516 0.187267 -0.246411
v 0.631666 0.188876 -0.276989
v -0.648086 0.188876 -0.276989
v 0.663294 0.139634 -0.283292
v -0.679714 0.139634 -0.283292
v 0.637745 0.069627 -0.276921
v -0.654166 0.069627 -0.276921
v 0.562977 0.023895 -0.242656
v -0.579398 0.023895 -0.242656
v 0.485862 0.008539 -0.183914
v -0.502283 0.008539 -0.183914
v 0.520665 0.165987 -0.214023
v -0.537085 0.165987 -0.214023
v 0.480967 0.073852 -0.205238
v -0.497388 0.073852 -0.205238
v 0.499475 0.044481 -0.205976
v -0.515895 0.044481 -0.205976
v 0.541117 0.074992 -0.226830
v -0.557537 0.074992 -0.226830
v 0.516775 0.106508 -0.216168
v -0.533196 0.106508 -0.216168
v 0.549096 0.138695 -0.228373
v -0.565517 0.138695 -0.228373
v 0.578333 0.108721 -0.239840
v -0.594754 0.108721 -0.239840
v 0.608948 0.133875 -0.249838
v -0.625369 0.133875 -0.249838
v 0.588951 0.161987 -0.244601
v -0.605371 0.161987 -0.244601
v 0.559155 0.217487 -0.276050
v -0.575576 0.217487 -0.276050
v 0.672860 0.231166 -0.307857
v -0.689281 0.231166 -0.307857
v 0.721444 0.169042 -0.296847
v -0.737865 0.169042 -0.296847
v 0.692173 0.073784 -0.304705
v -0.708593 0.073784 -0.304705
v 0.563044 0.004784 -0.274977
v -0.579465 0.004784 -0.274977
v 0.435637 -0.015803 -0.211206
v -0.452057 -0.015803 -0.211206
v 0.466617 0.186171 -0.231122
v -0.483038 0.186171 -0.231122
vn 0.7027 -0.2288 0.6736
vn 0.7428 -0.0010 0.6695
vn 0.8204 -0.0020 0.5718
vn 0.7766 -0.2642 0.5719
vn 0.6301 -0.5143 0.5818
vn 0.5736 -0.4376 0.6924
vn 0.6178 -0.5029 0.6045
vn 0.7598 -0.2634 0.5943
vn 0.8060 -0.0011 0.5919
vn -0.7027 -0.2288 0.6736
vn -0.7598 -0.2634 0.5943
vn -0.6178 -0.5029 0.6045
vn -0.5736 -0.4376 0.6924
vn -0.6301 -0.5143 0.5818
vn -0.7766 -0.2642 0.5719
vn -0.8204 -0.0020 0.5718
vn -0.7428 -0.0010 0.6695
vn -0.8060 -0.0011 0.5919
vn 0.8138 -0.2987 0.4985
vn 0.8651 -0.0012 0.5016
vn 0.6575 -0.5679 0.4952
vn 0.6795 -0.5720 0.4594
vn 0.8308 -0.2998 0.4689
vn 0.8815 -0.0004 0.4722
vn -0.8138 -0.2987 0.4985
vn -0.8308 -0.2998 0.4689
vn -0.6795 -0.5720 0.4594
vn -0.6575 -0.5679 0.4952
vn -0.8651 -0.0012 0.5016
vn -0.8815 -0.0004 0.4722
vn 0.4062 -0.7711 0.4903
vn 0.3974 -0.6747 0.6219
vn 0.1124 -0.7551 0.6459
vn 0.0862 -0.8633 0.4973
vn 0.0978 -0.8890 0.4474
vn 0.4234 -0.7892 0.4448
vn -0.4062 -0.7711 0.4903
vn -0.4234 -0.7892 0.4448
vn -0.0978 -0.8890 0.4474
vn -0.0862 -0.8633 0.4973
vn -0.1124 -0.7551 0.6459
vn -0.3974 -0.6747 0.6219
vn 0.3756 -0.5787 0.7239
vn 0.3942 -0.7025 0.5925
vn 0.1173 -0.7853 0.6079
vn 0.1371 -0.6382 0.7576
vn -0.3756 -0.5787 0.7239
vn -0.1371 -0.6382 0.7576
vn -0.1173 -0.7853 0.6079
vn -0.3942 -0.7025 0.5925
vn -0.1261 -0.6140 0.7792
vn -0.1947 -0.7531 0.6285
vn -0.4928 -0.5775 0.6508
vn -0.3759 -0.4715 0.7977
vn -0.4607 -0.5489 0.6975
vn -0.1937 -0.7167 0.6700
vn 0.1261 -0.6140 0.7792
vn 0.1937 -0.7167 0.6700
vn 0.4607 -0.5489 0.6975
vn 0.3759 -0.4715 0.7977
vn 0.4928 -0.5775 0.6508
vn 0.1947 -0.7531 0.6285
vn -0.2506 -0.8155 0.5216
vn -0.5461 -0.6253 0.5575
vn -0.5644 -0.6499 0.5090
vn -0.2543 -0.8467 0.4674
vn 0.2506 -0.8155 0.5216
vn 0.2543 -0.8467 0.4674
vn 0.5644 -0.6499 0.5090
vn 0.5461 -0.6253 0.5575
vn -0.7397 -0.3324 0.5851
vn -0.6379 -0.2854 0.7153
vn -0.6934 -0.0012 0.7205
vn -0.8014 -0.0014 0.5981
vn -0.8329 -0.0003 0.5535
vn -0.7649 -0.3489 0.5415
vn 0.7397 -0.3324 0.5851
vn 0.7649 -0.3489 0.5414
vn 0.8329 -0.0003 0.5535
vn 0.8014 -0.0014 0.5981
vn 0.6934 -0.0012 0.7205
vn 0.6379 -0.2853 0.7153
vn -0.5378 -0.2429 0.8074
vn -0.6971 -0.3039 0.6494
vn -0.7631 -0.0025 0.6463
vn -0.5859 -0.0010 0.8104
vn 0.5378 -0.2429 0.8074
vn 0.5859 -0.0010 0.8104
vn 0.7631 -0.0025 0.6463
vn 0.6971 -0.3039 0.6494
vn -0.5460 0.2398 0.8028
vn -0.7092 0.2924 0.6415
vn -0.5204 0.5781 0.6285
vn -0.3945 0.4780 0.7848
vn -0.4646 0.5426 0.6998
vn -0.6388 0.2813 0.7161
vn 0.5460 0.2398 0.8028
vn 0.6388 0.2813 0.7161
vn 0.4646 0.5426 0.6998
vn 0.3945 0.4780 0.7848
vn 0.5204 0.5781 0.6285
vn 0.7092 0.2924 0.6415
vn -0.7368 0.3236 0.5936
vn -0.5385 0.6094 0.5820
vn -0.5498 0.6356 0.5420
vn -0.7605 0.3417 0.5521
vn 0.7368 0.3236 0.5936
vn 0.7605 0.3417 0.5521
vn 0.5498 0.6356 0.5420
vn 0.5385 0.6094 0.5820
vn -0.2402 0.7949 0.5572
vn -0.1944 0.7138 0.6729
vn 0.1135 0.7522 0.6491
vn 0.0933 0.8396 0.5351
vn 0.1060 0.8600 0.4991
vn -0.2378 0.8220 0.5174
vn 0.2402 0.7949 0.5572
vn 0.2378 0.8220 0.5174
vn -0.1060 0.8600 0.4991
vn -0.0933 0.8396 0.5351
vn -0.1135 0.7522 0.6491
vn 0.1944 0.7138 0.6729
vn -0.1409 0.6349 0.7596
vn -0.2177 0.7759 0.5921
vn 0.1094 0.8153 0.5686
vn 0.1332 0.6636 0.7362
vn 0.1409 0.6349 0.7596
vn -0.1332 0.6636 0.7362
vn -0.1094 0.8153 0.5686
vn 0.2177 0.7759 0.5921
vn 0.3822 0.5981 0.7044
vn 0.4028 0.7260 0.5573
vn 0.6481 0.5161 0.5600
vn 0.5857 0.4433 0.6786
vn 0.6213 0.4964 0.6063
vn 0.3993 0.6710 0.6247
vn -0.3822 0.5981 0.7044
vn -0.3993 0.6710 0.6247
vn -0.6213 0.4964 0.6063
vn -0.5857 0.4433 0.6786
vn -0.6481 0.5161 0.5600
vn -0.4028 0.7260 0.5573
vn 0.4071 0.7489 0.5229
vn 0.6557 0.5512 0.5160
vn 0.6737 0.5568 0.4859
vn 0.4219 0.7632 0.4895
vn -0.4071 0.7489 0.5229
vn -0.4219 0.7632 0.4895
vn -0.6737 0.5568 0.4859
vn -0.6557 0.5512 0.5160
vn 0.8125 0.2902 0.5056
vn 0.7607 0.2597 0.5949
vn 0.8286 0.2930 0.4771
vn -0.8125 0.2902 0.5056
vn -0.8286 0.2930 0.4771
vn -0.7607 0.2597 0.5949
vn 0.7086 0.2259 0.6685
vn 0.7853 0.2545 0.5644
vn -0.7086 0.2259 0.6685
vn -0.7853 0.2545 0.5644
vn 0.8307 0.2746 0.4843
vn 0.8481 -0.0024 0.5298
vn 0.6704 0.5474 0.5009
vn 0.5354 0.3478 0.7697
vn 0.6708 0.1860 0.7179
vn 0.6474 -0.0018 0.7621
vn -0.8307 0.2746 0.4843
vn -0.6708 0.1860 0.7179
vn -0.5354 0.3478 0.7697
vn -0.6704 0.5474 0.5009
vn -0.8481 -0.0024 0.5298
vn -0.6474 -0.0018 0.7621
vn 0.4179 0.8041 0.4228
vn 0.0831 0.8887 0.4509
vn 0.1530 0.5963 0.7881
vn 0.3921 0.5795 0.7145
vn -0.4179 0.8041 0.4228
vn -0.3921 0.5795 0.7145
vn -0.1530 0.5963 0.7881
vn -0.0831 0.8887 0.4509
vn -0.2889 0.8563 0.4281
vn -0.5831 0.6204 0.5245
vn -0.3342 0.4085 0.8494
vn -0.1552 0.6309 0.7602
vn 0.2889 0.8563 0.4281
vn 0.1552 0.6309 0.7602
vn 0.3342 0.4085 0.8494
vn 0.5831 0.6204 0.5245
vn -0.8270 0.3414 0.4467
vn -0.8728 -0.0031 0.4882
vn -0.5579 -0.0028 0.8299
vn -0.5776 0.2447 0.7788
vn 0.8270 0.3414 0.4467
vn 0.5776 0.2447 0.7788
vn 0.5579 -0.0028 0.8299
vn 0.8728 -0.0031 0.4882
vn -0.8204 -0.3555 0.4477
vn -0.5680 -0.6340 0.5248
vn -0.3329 -0.4333 0.8375
vn -0.5776 -0.2627 0.7729
vn 0.8204 -0.3556 0.4477
vn 0.5776 -0.2627 0.7729
vn 0.3329 -0.4333 0.8375
vn 0.5680 -0.6340 0.5248
vn -0.2834 -0.8577 0.4290
vn 0.0847 -0.8869 0.4542
vn 0.1480 -0.6242 0.7672
vn -0.1601 -0.6540 0.7393
vn 0.2834 -0.8577 0.4290
vn 0.1601 -0.6540 0.7393
vn -0.1480 -0.6242 0.7672
vn -0.0847 -0.8869 0.4542
vn 0.4145 -0.8037 0.4268
vn 0.6580 -0.5572 0.5066
vn 0.5331 -0.3712 0.7603
vn 0.3904 -0.6043 0.6946
vn -0.4145 -0.8037 0.4268
vn -0.3904 -0.6043 0.6946
vn -0.5331 -0.3712 0.7603
vn -0.6580 -0.5572 0.5066
vn 0.8256 -0.2862 0.4863
vn 0.6712 -0.2013 0.7135
vn -0.8256 -0.2862 0.4863
vn -0.6712 -0.2013 0.7135
vn 0.4145 -0.0751 0.9070
vn 0.3956 -0.0007 0.9184
vn 0.1908 -0.0026 0.9816
vn 0.3531 -0.1202 0.9278
vn -0.4145 -0.0752 0.9070
vn -0.3956 -0.0007 0.9184
vn -0.3531 -0.1202 0.9278
vn -0.1908 -0.0026 0.9816
vn 0.3027 -0.2076 0.9302
vn 0.2064 -0.1947 0.9589
vn -0.3027 -0.2076 0.9302
vn -0.2064 -0.1947 0.9589
vn 0.0802 -0.2166 0.9730
vn 0.0077 -0.1159 0.9932
vn -0.0802 -0.2166 0.9730
vn -0.0077 -0.1159 0.9932
vn -0.0878 -0.0642 0.9941
vn -0.0607 -0.0003 0.9982
vn 0.0878 -0.0642 0.9941
vn 0.0607 -0.0003 0.9982
vn -0.0871 0.0585 0.9945
vn 0.0088 0.1089 0.9940
vn 0.0871 0.0585 0.9945
vn -0.0088 0.1089 0.9940
vn 0.0828 0.2041 0.9754
vn 0.2071 0.1828 0.9611
vn -0.0828 0.2041 0.9754
vn -0.2071 0.1828 0.9611
vn 0.3016 0.1957 0.9331
vn 0.3525 0.1130 0.9289
vn -0.3016 0.1957 0.9331
vn -0.3526 0.1130 0.9289
vn 0.4140 0.0692 0.9076
vn -0.4140 0.0692 0.9076
vn 0.1011 -0.8983 0.4275
vn 0.0960 -0.9849 0.1439
vn 0.1487 -0.9832 0.1056
vn 0.1622 -0.8974 0.4104
vn 0.1553 -0.7698 0.6192
vn 0.0903 -0.7873 0.6099
vn -0.0000 -0.7910 0.6118
vn -0.0000 -0.8956 0.4450
vn -0.0000 -0.9868 0.1621
vn -0.1011 -0.8983 0.4275
vn -0.0903 -0.7873 0.6099
vn -0.1553 -0.7698 0.6192
vn -0.1622 -0.8974 0.4104
vn -0.1487 -0.9832 0.1056
vn -0.0960 -0.9849 0.1439
vn 0.2674 -0.8568 0.4408
vn 0.2503 -0.9628 0.1020
vn 0.5927 -0.7992 0.0997
vn 0.4568 -0.7296 0.5089
vn 0.3780 -0.5523 0.7430
vn 0.2480 -0.7122 0.6567
vn -0.2674 -0.8568 0.4408
vn -0.2480 -0.7122 0.6567
vn -0.3780 -0.5523 0.7430
vn -0.4568 -0.7296 0.5089
vn -0.5927 -0.7992 0.0997
vn -0.2503 -0.9628 0.1020
vn 0.6842 -0.4483 0.5752
vn 0.8864 -0.4562 0.0791
vn 0.9876 -0.0784 0.1357
vn 0.7848 -0.2168 0.5805
vn 0.5330 -0.2259 0.8154
vn 0.4631 -0.3718 0.8046
vn -0.6842 -0.4483 0.5752
vn -0.4631 -0.3718 0.8046
vn -0.5330 -0.2259 0.8154
vn -0.7848 -0.2168 0.5805
vn -0.9876 -0.0784 0.1357
vn -0.8864 -0.4562 0.0791
vn 0.8199 -0.0451 0.5707
vn 0.9933 0.0571 0.1001
vn 0.9858 0.1148 0.1229
vn 0.8207 0.0418 0.5698
vn 0.5827 -0.0125 0.8126
vn 0.5705 -0.1023 0.8149
vn -0.8199 -0.0451 0.5707
vn -0.5705 -0.1023 0.8149
vn -0.5827 -0.0125 0.8126
vn -0.8207 0.0418 0.5698
vn -0.9858 0.1148 0.1229
vn -0.9933 0.0571 0.1001
vn 0.8231 0.0966 0.5597
vn 0.9802 0.1516 0.1275
vn 0.9665 0.2151 0.1399
vn 0.8265 0.1741 0.5353
vn 0.6131 0.0862 0.7853
vn 0.5850 0.0279 0.8105
vn -0.8231 0.0966 0.5597
vn -0.5850 0.0279 0.8105
vn -0.6131 0.0862 0.7853
vn -0.8265 0.1741 0.5353
vn -0.9665 0.2151 0.1399
vn -0.9802 0.1516 0.1275
vn 0.3759 -0.7780 0.5034
vn 0.5962 -0.6123 0.5194
vn 0.6312 -0.7325 0.2551
vn 0.3166 -0.9218 0.2235
vn 0.3656 -0.9090 0.2000
vn 0.3718 -0.7522 0.5440
vn 0.3750 -0.5611 0.7379
vn 0.4329 -0.4995 0.7504
vn 0.2020 -0.1921 0.9604
vn -0.3759 -0.7780 0.5034
vn -0.4329 -0.4995 0.7504
vn -0.3750 -0.5611 0.7379
vn -0.3718 -0.7522 0.5440
vn -0.3656 -0.9090 0.2000
vn -0.3166 -0.9218 0.2235
vn -0.6312 -0.7325 0.2551
vn -0.5962 -0.6123 0.5194
vn -0.2020 -0.1921 0.9604
vn 0.4447 -0.6863 0.5755
vn 0.4694 -0.8600 0.2002
vn 0.6098 -0.7708 0.1843
vn 0.5701 -0.5863 0.5755
vn 0.4902 -0.4291 0.7586
vn 0.4223 -0.5201 0.7424
vn -0.4447 -0.6863 0.5755
vn -0.4223 -0.5201 0.7424
vn -0.4902 -0.4291 0.7586
vn -0.5701 -0.5863 0.5755
vn -0.6098 -0.7708 0.1843
vn -0.4694 -0.8600 0.2002
vn 0.6828 -0.4821 0.5489
vn 0.7477 -0.6484 0.1433
vn 0.8966 -0.4257 0.1225
vn 0.7401 -0.3867 0.5501
vn 0.5887 -0.3207 0.7420
vn 0.5705 -0.3543 0.7409
vn -0.6828 -0.4821 0.5489
vn -0.5705 -0.3543 0.7409
vn -0.5887 -0.3207 0.7420
vn -0.7401 -0.3867 0.5501
vn -0.8966 -0.4257 0.1225
vn -0.7477 -0.6484 0.1433
vn 0.7353 -0.3029 0.6062
vn 0.9740 -0.1544 0.1656
vn 0.9357 0.2795 0.2151
vn 0.7236 -0.1016 0.6827
vn 0.4854 -0.2950 0.8230
vn 0.5449 -0.3091 0.7795
vn -0.7353 -0.3029 0.6062
vn -0.5449 -0.3091 0.7795
vn -0.4854 -0.2950 0.8230
vn -0.7236 -0.1016 0.6827
vn -0.9357 0.2795 0.2151
vn -0.9740 -0.1544 0.1656
vn 0.6374 0.3221 0.7000
vn 0.6405 0.7352 0.2217
vn 0.4750 0.8643 0.1651
vn 0.5218 0.5793 0.6262
vn 0.3460 -0.0449 0.9372
vn 0.4568 -0.2240 0.8609
vn -0.6374 0.3221 0.7000
vn -0.4568 -0.2240 0.8609
vn -0.3460 -0.0449 0.9372
vn -0.5218 0.5793 0.6262
vn -0.4750 0.8643 0.1651
vn -0.6405 0.7352 0.2217
vn 0.5205 0.6075 0.6000
vn 0.5107 0.8494 0.1328
vn 0.5880 0.7944 0.1525
vn 0.5525 0.5673 0.6107
vn 0.3096 0.0278 0.9505
vn 0.3068 0.0208 0.9515
vn -0.5205 0.6075 0.6000
vn -0.3068 0.0208 0.9515
vn -0.3096 0.0278 0.9505
vn -0.5525 0.5673 0.6107
vn -0.5880 0.7944 0.1525
vn -0.5107 0.8494 0.1328
vn 0.5348 0.5534 0.6385
vn 0.5907 0.7888 0.1699
vn 0.3149 0.9321 0.1791
vn 0.3289 0.6407 0.6938
vn 0.2585 0.1025 0.9606
vn 0.2978 0.0512 0.9533
vn -0.5348 0.5534 0.6385
vn -0.2978 0.0512 0.9533
vn -0.2585 0.1025 0.9606
vn -0.3289 0.6407 0.6938
vn -0.3149 0.9321 0.1791
vn -0.5907 0.7888 0.1699
vn -0.0718 0.6704 0.7385
vn -0.2062 0.9609 0.1849
vn -0.6686 0.7265 0.1587
vn -0.4642 0.5171 0.7190
vn -0.0480 0.0716 0.9963
vn 0.1101 0.1223 0.9864
vn 0.0718 0.6704 0.7385
vn -0.1101 0.1223 0.9864
vn 0.0480 0.0716 0.9963
vn 0.4642 0.5171 0.7190
vn 0.6686 0.7265 0.1587
vn 0.2062 0.9609 0.1849
vn -0.6601 0.3800 0.6479
vn -0.8665 0.4881 0.1046
vn -0.8409 0.5321 0.0989
vn -0.6861 0.4076 0.6026
vn -0.1278 0.0013 0.9918
vn -0.0849 0.0256 0.9961
vn 0.6601 0.3800 0.6479
vn 0.0849 0.0256 0.9961
vn 0.1278 0.0013 0.9918
vn 0.6861 0.4076 0.6026
vn 0.8409 0.5321 0.0989
vn 0.8665 0.4881 0.1046
vn -0.5101 0.5517 0.6599
vn -0.6252 0.7643 0.1578
vn -0.0000 0.9765 0.2154
vn -0.0000 0.6460 0.7633
vn -0.0000 -0.0613 0.9981
vn -0.1337 0.0272 0.9906
vn 0.5101 0.5517 0.6599
vn 0.1337 0.0272 0.9906
vn 0.6252 0.7643 0.1578
vn 0.3611 -0.2982 0.8836
vn 0.3589 -0.3254 0.8748
vn 0.3060 -0.2297 0.9239
vn 0.3166 -0.2450 0.9164
vn 0.2862 -0.2482 0.9255
vn 0.3051 -0.2986 0.9043
vn -0.3611 -0.2982 0.8836
vn -0.3051 -0.2986 0.9043
vn -0.2862 -0.2482 0.9255
vn -0.3166 -0.2450 0.9164
vn -0.3060 -0.2297 0.9239
vn -0.3589 -0.3254 0.8748
vn 0.2145 -0.3263 0.9206
vn 0.2082 -0.2763 0.9382
vn 0.1189 -0.2704 0.9554
vn 0.1302 -0.3480 0.9284
vn -0.2145 -0.3263 0.9206
vn -0.1302 -0.3480 0.9284
vn -0.1189 -0.2704 0.9554
vn -0.2082 -0.2763 0.9382
vn 0.0649 -0.3709 0.9264
vn 0.1411 -0.1974 0.9701
vn 0.1828 -0.1625 0.9696
vn 0.0591 -0.3997 0.9148
vn -0.0649 -0.3709 0.9264
vn -0.0591 -0.3997 0.9148
vn -0.1828 -0.1625 0.9696
vn -0.1411 -0.1974 0.9701
vn 0.0518 -0.4687 0.8818
vn 0.1969 -0.2657 0.9437
vn 0.1460 -0.3485 0.9259
vn 0.0484 -0.5062 0.8611
vn -0.0518 -0.4687 0.8818
vn -0.0484 -0.5062 0.8611
vn -0.1460 -0.3485 0.9259
vn -0.1969 -0.2657 0.9437
vn 0.1646 -0.4079 0.8981
vn 0.1264 -0.2216 0.9669
vn 0.2722 -0.1583 0.9491
vn 0.2585 -0.2912 0.9211
vn -0.1646 -0.4079 0.8981
vn -0.2585 -0.2912 0.9211
vn -0.2722 -0.1583 0.9491
vn -0.1264 -0.2216 0.9669
vn 0.3696 -0.2342 0.8992
vn 0.3664 -0.1132 0.9236
vn 0.4451 -0.1987 0.8731
vn 0.4737 -0.2491 0.8447
vn -0.3696 -0.2342 0.8992
vn -0.4737 -0.2491 0.8447
vn -0.4451 -0.1987 0.8731
vn -0.3664 -0.1132 0.9236
vn 0.4550 -0.2644 0.8503
vn 0.4634 -0.2950 0.8356
vn 0.4400 -0.3679 0.8192
vn 0.4125 -0.3176 0.8538
vn -0.4550 -0.2644 0.8503
vn -0.4125 -0.3176 0.8538
vn -0.4400 -0.3679 0.8192
vn -0.4634 -0.2950 0.8356
vn 0.3788 -0.3921 0.8383
vn 0.3588 -0.4673 0.8080
vn 0.2756 -0.3842 0.8811
vn 0.3420 -0.3592 0.8683
vn -0.3788 -0.3921 0.8383
vn -0.3420 -0.3592 0.8683
vn -0.2756 -0.3842 0.8811
vn -0.3588 -0.4673 0.8080
vn 0.3419 -0.1328 0.9303
vn 0.1953 -0.2127 0.9574
vn 0.0984 -0.1136 0.9886
vn 0.1677 0.0947 0.9813
vn -0.3419 -0.1328 0.9303
vn -0.1677 0.0947 0.9813
vn -0.0984 -0.1136 0.9886
vn -0.1953 -0.2127 0.9574
vn -0.0571 0.1237 0.9907
vn -0.0310 -0.0749 0.9967
vn -0.1397 -0.0915 0.9860
vn -0.1026 0.0201 0.9945
vn -0.0000 0.0411 0.9992
vn -0.1953 0.0674 0.9784
vn 0.0571 0.1237 0.9907
vn 0.1953 0.0674 0.9784
vn 0.1026 0.0201 0.9945
vn 0.1397 -0.0915 0.9860
vn 0.0310 -0.0749 0.9967
vn 0.2574 -0.2884 0.9223
vn 0.2431 -0.1776 0.9536
vn 0.1857 -0.2686 0.9452
vn 0.1294 -0.1575 0.9790
vn -0.2574 -0.2884 0.9223
vn -0.1857 -0.2686 0.9452
vn -0.2431 -0.1776 0.9536
vn -0.1294 -0.1575 0.9790
vn 0.1163 -0.2354 0.9649
vn 0.0266 -0.1237 0.9920
vn -0.0000 -0.2975 0.9547
vn -0.0000 -0.2465 0.9692
vn 0.0336 -0.2242 0.9740
vn -0.0776 -0.1600 0.9841
vn -0.1163 -0.2354 0.9649
vn -0.0336 -0.2242 0.9740
vn -0.0266 -0.1237 0.9920
vn 0.0776 -0.1600 0.9841
vn -0.0143 -0.1458 0.9892
vn -0.0000 -0.1598 0.9872
vn -0.1437 -0.1630 0.9761
vn 0.0143 -0.1458 0.9892
vn 0.1437 -0.1630 0.9761
vn 0.0704 -0.7029 0.7077
vn 0.1341 -0.6729 0.7275
vn 0.0696 -0.5278 0.8465
vn 0.0218 -0.5511 0.8342
vn -0.0000 -0.5480 0.8365
vn -0.0000 -0.7008 0.7133
vn -0.0704 -0.7029 0.7077
vn -0.0218 -0.5511 0.8342
vn -0.0696 -0.5278 0.8465
vn -0.1341 -0.6729 0.7275
vn 0.2184 -0.5700 0.7921
vn 0.3273 -0.4069 0.8528
vn 0.2315 -0.3319 0.9145
vn 0.1531 -0.4472 0.8812
vn -0.2184 -0.5700 0.7921
vn -0.1531 -0.4472 0.8812
vn -0.2315 -0.3319 0.9145
vn -0.3273 -0.4069 0.8528
vn 0.3548 -0.2825 0.8912
vn 0.3478 -0.2084 0.9141
vn 0.1993 -0.1192 0.9727
vn 0.3009 -0.1901 0.9345
vn -0.3548 -0.2825 0.8912
vn -0.3009 -0.1901 0.9345
vn -0.1993 -0.1192 0.9727
vn -0.3478 -0.2084 0.9141
vn 0.3590 -0.0128 0.9333
vn 0.3574 0.0109 0.9339
vn 0.1712 -0.0084 0.9852
vn 0.1743 -0.0364 0.9840
vn 0.1897 -0.0501 0.9806
vn 0.3661 -0.0465 0.9294
vn -0.3590 -0.0128 0.9333
vn -0.3661 -0.0465 0.9294
vn -0.1897 -0.0501 0.9806
vn -0.1743 -0.0364 0.9840
vn -0.1712 -0.0084 0.9852
vn -0.3574 0.0109 0.9339
vn 0.3718 -0.1137 0.9213
vn 0.2124 -0.0576 0.9755
vn -0.3718 -0.1137 0.9213
vn -0.2124 -0.0576 0.9755
vn 0.0512 -0.0135 0.9986
vn 0.1692 -0.0151 0.9855
vn 0.3604 -0.2966 0.8844
vn 0.1356 -0.2812 0.9500
vn -0.0000 -0.2806 0.9598
vn -0.0000 -0.0117 0.9999
vn -0.0000 -0.0173 0.9998
vn 0.0506 -0.0149 0.9986
vn -0.0512 -0.0135 0.9986
vn -0.0506 -0.0149 0.9986
vn -0.1356 -0.2812 0.9500
vn -0.3604 -0.2966 0.8844
vn -0.1692 -0.0151 0.9855
vn 0.0493 -0.0496 0.9976
vn 0.0514 -0.0469 0.9976
vn -0.0000 -0.0532 0.9986
vn -0.0000 -0.0482 0.9988
vn -0.0493 -0.0496 0.9976
vn -0.0514 -0.0469 0.9976
vn 0.0594 -0.0521 0.9969
vn -0.0000 -0.0478 0.9989
vn -0.0000 -0.2246 0.9745
vn 0.0675 -0.1939 0.9787
vn -0.0594 -0.0521 0.9969
vn -0.0675 -0.1939 0.9787
vn 0.8175 -0.5166 0.2548
vn 0.7039 -0.3673 0.6080
vn 0.8345 -0.1568 0.5283
vn 0.9896 -0.1276 0.0669
vn 0.9661 -0.1467 0.2126
vn 0.7666 -0.5747 0.2863
vn 0.5023 -0.7515 0.4277
vn 0.4801 -0.6910 0.5404
vn -0.8175 -0.5166 0.2548
vn -0.4801 -0.6910 0.5404
vn -0.5023 -0.7515 0.4277
vn -0.7666 -0.5747 0.2863
vn -0.9661 -0.1467 0.2126
vn -0.9896 -0.1276 0.0669
vn -0.8345 -0.1568 0.5283
vn -0.7039 -0.3673 0.6080
vn 0.9522 0.3053 -0.0088
vn 0.6057 0.1687 0.7776
vn 0.1399 0.3269 0.9347
vn 0.6703 0.7377 -0.0802
vn 0.6749 0.7332 0.0832
vn 0.9380 0.2993 0.1746
vn -0.9522 0.3053 -0.0088
vn -0.9380 0.2993 0.1747
vn -0.6749 0.7332 0.0832
vn -0.6703 0.7377 -0.0802
vn -0.1399 0.3269 0.9347
vn -0.6058 0.1687 0.7776
vn 0.1550 0.9701 0.1870
vn -0.0540 0.3029 0.9515
vn -0.0000 0.3100 0.9507
vn -0.3374 0.8167 0.4681
vn -0.3591 0.9040 0.2321
vn 0.1770 0.9829 0.0514
vn -0.1550 0.9701 0.1870
vn -0.1770 0.9829 0.0514
vn 0.3591 0.9040 0.2321
vn 0.3374 0.8167 0.4681
vn 0.0540 0.3029 0.9515
vn -0.5858 0.6616 0.4681
vn -0.0000 0.7550 0.6557
vn -0.0000 0.7676 0.6409
vn -0.0000 0.8918 0.4524
vn -0.0000 0.9638 0.2667
vn -0.6167 0.7348 0.2824
vn 0.5858 0.6616 0.4681
vn 0.6167 0.7348 0.2824
vn 0.3013 -0.7264 0.6177
vn -0.0000 -0.7618 0.6478
vn 0.3170 -0.7984 0.5119
vn -0.0000 -0.8518 0.5239
vn -0.3013 -0.7264 0.6177
vn -0.3170 -0.7984 0.5119
vn 0.2251 -0.6426 0.7324
vn -0.0000 -0.6491 0.7607
vn 0.3268 -0.6747 0.6618
vn 0.2130 -0.5772 0.7883
vn 0.1359 -0.5070 0.8512
vn -0.0000 -0.4668 0.8844
vn -0.2251 -0.6426 0.7324
vn -0.1359 -0.5070 0.8512
vn -0.2130 -0.5772 0.7883
vn -0.3268 -0.6747 0.6618
vn -0.4372 0.6777 0.5913
vn -0.0000 0.7331 0.6802
vn -0.0000 0.1428 0.9897
vn -0.1653 0.4566 0.8742
vn -0.1426 0.5242 0.8396
vn -0.2615 0.7527 0.6042
vn 0.4372 0.6777 0.5913
vn 0.2615 0.7527 0.6042
vn 0.1426 0.5242 0.8396
vn 0.1653 0.4566 0.8742
vn 0.1474 0.8075 0.5712
vn 0.0922 0.4946 0.8642
vn 0.3144 0.4149 0.8538
vn 0.5500 0.5925 0.5886
vn -0.1474 0.8075 0.5712
vn -0.5500 0.5925 0.5886
vn -0.3144 0.4149 0.8538
vn -0.0922 0.4946 0.8642
vn 0.7392 0.2666 0.6185
vn 0.3558 0.2166 0.9091
vn 0.3084 -0.1324 0.9420
vn 0.7383 -0.1602 0.6551
vn -0.7392 0.2666 0.6185
vn -0.7383 -0.1602 0.6551
vn -0.3084 -0.1324 0.9420
vn -0.3558 0.2166 0.9091
vn 0.5467 -0.5450 0.6357
vn 0.2202 -0.4780 0.8503
vn -0.5467 -0.5450 0.6357
vn -0.2202 -0.4780 0.8503
vn 0.0631 0.2330 0.9704
vn 0.0355 -0.0829 0.9959
vn -0.0631 0.2330 0.9704
vn -0.0355 -0.0829 0.9959
vn 0.0594 -0.3463 0.9362
vn -0.0000 -0.2677 0.9635
vn -0.0594 -0.3463 0.9362
vn -0.2083 -0.0448 0.9770
vn -0.0000 0.0485 0.9988
vn -0.2808 -0.2388 0.9296
vn 0.2083 -0.0448 0.9770
vn 0.2808 -0.2388 0.9296
vn 0.3319 -0.1955 0.9228
vn 0.7124 -0.1203 0.6914
vn 0.8304 0.0002 0.5572
vn 0.8004 -0.1628 0.5769
vn -0.3319 -0.1955 0.9228
vn -0.8004 -0.1628 0.5769
vn -0.8304 0.0002 0.5572
vn -0.7124 -0.1203 0.6914
vn 0.5940 -0.1193 0.7956
vn 0.4585 -0.0072 0.8887
vn 0.7171 0.1342 0.6839
vn 0.7950 0.0798 0.6014
vn -0.5940 -0.1193 0.7956
vn -0.7950 0.0798 0.6014
vn -0.7171 0.1342 0.6839
vn -0.4585 -0.0072 0.8887
vn 0.3932 0.0375 0.9187
vn 0.6521 0.1294 0.7470
vn -0.3932 0.0375 0.9187
vn -0.6521 0.1294 0.7470
vn 0.8382 0.2481 0.4857
vn 0.9348 0.3184 0.1572
vn 0.9302 0.3319 0.1564
vn 0.8568 0.2898 0.4265
vn -0.8382 0.2481 0.4857
vn -0.8568 0.2898 0.4265
vn -0.9302 0.3319 0.1564
vn -0.9348 0.3184 0.1572
vn 0.8884 0.2348 0.3944
vn 0.9349 0.3174 0.1590
vn 0.9416 0.2924 0.1667
vn 0.9154 0.1887 0.3555
vn -0.8884 0.2348 0.3944
vn -0.9154 0.1887 0.3555
vn -0.9416 0.2924 0.1667
vn -0.9349 0.3174 0.1590
vn 0.8970 -0.1363 0.4205
vn 0.9756 -0.0748 0.2066
vn -0.8970 -0.1363 0.4205
vn -0.9756 -0.0748 0.2066
vn 0.0857 -0.6325 0.7698
vn -0.0725 -0.2658 0.9613
vn -0.0000 -0.7222 0.6917
vn -0.0000 -0.9591 0.2829
vn 0.1062 -0.9367 0.3337
vn -0.3825 -0.8024 0.4581
vn -0.0857 -0.6325 0.7698
vn -0.1062 -0.9367 0.3337
vn 0.0725 -0.2658 0.9613
vn 0.3825 -0.8024 0.4581
vn -0.2320 -0.2663 0.9355
vn -0.2600 -0.1610 0.9521
vn -0.8945 -0.2210 0.3886
vn -0.8699 0.1933 0.4538
vn 0.2320 -0.2663 0.9355
vn 0.8945 -0.2210 0.3886
vn 0.2600 -0.1610 0.9521
vn 0.8699 0.1933 0.4538
vn -0.2778 -0.0896 0.9564
vn -0.2415 0.0342 0.9698
vn -0.7171 0.4685 0.5160
vn -0.4702 0.7035 0.5329
vn 0.2778 -0.0896 0.9564
vn 0.7171 0.4686 0.5160
vn 0.2415 0.0342 0.9698
vn 0.4702 0.7035 0.5329
vn -0.1175 0.1210 0.9857
vn -0.0000 0.1489 0.9889
vn -0.2033 0.8143 0.5437
vn -0.0000 0.8355 0.5495
vn 0.1175 0.1210 0.9857
vn 0.2033 0.8143 0.5437
vn -0.1904 0.8358 0.5150
vn -0.0000 0.8511 0.5251
vn -0.4548 0.7745 0.4398
vn -0.2881 0.4044 0.8680
vn -0.1066 0.3649 0.9249
vn -0.0000 0.3739 0.9275
vn 0.1904 0.8358 0.5150
vn 0.1066 0.3649 0.9249
vn 0.2881 0.4044 0.8680
vn 0.4548 0.7745 0.4398
vn -0.7174 0.6339 0.2889
vn -0.9223 0.3286 0.2037
vn -0.8978 0.3000 0.3224
vn -0.5882 0.4360 0.6812
vn 0.7174 0.6339 0.2889
vn 0.5882 0.4360 0.6812
vn 0.8978 0.3000 0.3224
vn 0.9223 0.3285 0.2037
vn -0.9546 -0.2216 0.1989
vn -0.4352 -0.8502 0.2963
vn -0.2705 -0.7385 0.6176
vn -0.7975 -0.2653 0.5418
vn 0.9546 -0.2216 0.1989
vn 0.7975 -0.2653 0.5418
vn 0.2705 -0.7385 0.6176
vn 0.4352 -0.8502 0.2963
vn 0.1127 -0.9432 0.3124
vn -0.0000 -0.9464 0.3229
vn -0.0000 -0.6950 0.7190
vn 0.0871 -0.7127 0.6960
vn -0.1127 -0.9432 0.3124
vn -0.0871 -0.7127 0.6960
vn 0.0197 -0.2830 0.9589
vn -0.0000 -0.2639 0.9646
vn 0.0723 -0.3285 0.9417
vn -0.0197 -0.2830 0.9589
vn -0.0723 -0.3285 0.9417
vn -0.4381 -0.1046 0.8928
vn 0.4381 -0.1046 0.8928
vn -0.2622 -0.1744 0.9491
vn -0.2248 -0.1120 0.9679
vn -0.2868 -0.2231 0.9317
vn -0.0087 -0.0291 0.9995
vn 0.0950 -0.0433 0.9945
vn 0.1389 -0.0644 0.9882
vn 0.2622 -0.1744 0.9491
vn -0.0950 -0.0433 0.9945
vn 0.0087 -0.0291 0.9995
vn 0.2868 -0.2231 0.9317
vn 0.2248 -0.1120 0.9679
vn -0.1389 -0.0644 0.9882
vn -0.1487 -0.0674 0.9866
vn -0.0605 -0.0319 0.9977
vn 0.1552 -0.0404 0.9871
vn 0.1604 -0.0758 0.9841
vn 0.1487 -0.0674 0.9866
vn -0.1552 -0.0404 0.9871
vn 0.0605 -0.0319 0.9977
vn -0.1604 -0.0758 0.9841
vn 0.0073 -0.0376 0.9993
vn 0.0856 -0.0092 0.9963
vn 0.1643 -0.0741 0.9836
vn 0.1328 -0.0675 0.9888
vn -0.0073 -0.0376 0.9993
vn -0.1643 -0.0741 0.9836
vn -0.0856 -0.0092 0.9963
vn -0.1328 -0.0675 0.9888
vn -0.2599 -0.2980 0.9185
vn -0.1123 -0.4647 0.8783
vn -0.0039 -0.2661 0.9639
vn -0.0965 -0.1159 0.9886
vn 0.2599 -0.2980 0.9185
vn 0.0965 -0.1159 0.9886
vn 0.0039 -0.2661 0.9639
vn 0.1123 -0.4647 0.8783
vn 0.0480 -0.5375 0.8419
vn 0.1628 -0.5645 0.8093
vn 0.2086 -0.2929 0.9331
vn 0.1258 -0.3173 0.9400
vn -0.0480 -0.5375 0.8419
vn -0.1258 -0.3173 0.9400
vn -0.2086 -0.2929 0.9331
vn -0.1628 -0.5645 0.8093
vn 0.3635 -0.5306 0.7657
vn 0.4834 -0.4487 0.7517
vn 0.3702 -0.1684 0.9136
vn 0.3135 -0.2490 0.9164
vn -0.3635 -0.5306 0.7657
vn -0.3135 -0.2490 0.9164
vn -0.3702 -0.1684 0.9136
vn -0.4834 -0.4487 0.7517
vn 0.5141 -0.3183 0.7965
vn 0.4830 -0.1861 0.8556
vn 0.3023 -0.0504 0.9519
vn 0.3644 -0.0738 0.9283
vn -0.5141 -0.3183 0.7965
vn -0.3644 -0.0738 0.9283
vn -0.3023 -0.0504 0.9519
vn -0.4830 -0.1861 0.8556
vn 0.4573 -0.1113 0.8823
vn 0.4229 -0.0338 0.9056
vn 0.2418 -0.0592 0.9685
vn 0.2566 -0.0611 0.9646
vn -0.4573 -0.1113 0.8823
vn -0.2566 -0.0611 0.9646
vn -0.2418 -0.0592 0.9685
vn -0.4229 -0.0338 0.9056
vn 0.3870 -0.0297 0.9216
vn 0.3891 -0.0061 0.9212
vn 0.3302 -0.1003 0.9386
vn 0.2746 -0.0840 0.9579
vn -0.3870 -0.0297 0.9216
vn -0.2746 -0.0840 0.9579
vn -0.3302 -0.1003 0.9386
vn -0.3891 -0.0061 0.9212
vn 0.4360 0.2169 0.8734
vn 0.3725 0.3958 0.8394
vn 0.3130 0.1355 0.9401
vn 0.4017 -0.0343 0.9151
vn -0.4360 0.2169 0.8734
vn -0.4017 -0.0343 0.9151
vn -0.3130 0.1355 0.9401
vn -0.3725 0.3958 0.8394
vn 0.2157 0.2883 0.9329
vn 0.1313 0.1057 0.9857
vn 0.1145 0.1585 0.9807
vn 0.1063 0.2099 0.9719
vn -0.2157 0.2883 0.9329
vn -0.1063 0.2099 0.9719
vn -0.1145 0.1585 0.9807
vn -0.1313 0.1057 0.9857
vn 0.1698 0.0783 0.9824
vn 0.1564 0.0759 0.9848
vn 0.1305 0.1008 0.9863
vn 0.1545 0.1371 0.9784
vn -0.1698 0.0783 0.9824
vn -0.1545 0.1371 0.9784
vn -0.1305 0.1008 0.9863
vn -0.1564 0.0759 0.9848
vn 0.1108 0.0279 0.9935
vn 0.1123 0.0063 0.9937
vn -0.1108 0.0279 0.9935
vn -0.1123 0.0063 0.9937
vn 0.2660 -0.2869 0.9203
vn 0.2091 -0.1662 0.9637
vn 0.4010 -0.3198 0.8585
vn 0.4961 -0.4171 0.7615
vn 0.2903 -0.4454 0.8470
vn 0.2604 -0.3165 0.9122
vn -0.2660 -0.2869 0.9203
vn -0.2903 -0.4454 0.8470
vn -0.4961 -0.4171 0.7615
vn -0.4010 -0.3198 0.8585
vn -0.2091 -0.1662 0.9637
vn -0.2604 -0.3165 0.9122
vn 0.1960 -0.1534 0.9685
vn 0.0349 -0.2404 0.9700
vn 0.2204 -0.2752 0.9358
vn 0.0176 -0.4288 0.9032
vn -0.1960 -0.1534 0.9685
vn -0.2204 -0.2752 0.9358
vn -0.0349 -0.2404 0.9700
vn -0.0176 -0.4288 0.9032
vn -0.0323 -0.4163 0.9087
vn 0.0183 -0.5969 0.8021
vn -0.0576 -0.6987 0.7131
vn -0.1345 -0.8372 0.5302
vn 0.0323 -0.4163 0.9087
vn 0.0576 -0.6987 0.7131
vn -0.0183 -0.5969 0.8021
vn 0.1345 -0.8372 0.5302
vn 0.0694 -0.6517 0.7553
vn 0.0149 -0.5547 0.8319
vn -0.0915 -0.8109 0.5780
vn -0.1170 -0.6690 0.7340
vn -0.0694 -0.6517 0.7553
vn 0.0915 -0.8109 0.5780
vn -0.0149 -0.5547 0.8319
vn 0.1170 -0.6690 0.7340
vn -0.1283 -0.3018 0.9447
vn -0.2072 -0.1083 0.9723
vn -0.3003 -0.3708 0.8788
vn -0.3936 -0.1175 0.9117
vn 0.1283 -0.3018 0.9447
vn 0.3003 -0.3708 0.8788
vn 0.2072 -0.1083 0.9723
vn 0.3936 -0.1175 0.9117
vn -0.1562 0.0297 0.9873
vn -0.0462 0.1892 0.9808
vn -0.3392 0.0940 0.9360
vn -0.2100 0.2738 0.9386
vn 0.1562 0.0297 0.9873
vn 0.3392 0.0940 0.9360
vn 0.0462 0.1892 0.9808
vn 0.2100 0.2738 0.9386
vn 0.0047 0.2983 0.9545
vn 0.0415 0.3653 0.9300
vn -0.1590 0.4286 0.8894
vn -0.1369 0.5709 0.8095
vn -0.0047 0.2983 0.9545
vn 0.1590 0.4286 0.8894
vn -0.0415 0.3653 0.9300
vn 0.1369 0.5709 0.8095
vn 0.1291 0.3555 0.9257
vn 0.2372 0.3310 0.9133
vn 0.0010 0.6249 0.7807
vn 0.1938 0.6047 0.7725
vn -0.1291 0.3555 0.9257
vn -0.0010 0.6249 0.7807
vn -0.2372 0.3310 0.9133
vn -0.1938 0.6047 0.7725
vn 0.3060 0.3536 0.8839
vn 0.3314 0.3902 0.8590
vn 0.3194 0.6032 0.7309
vn 0.4059 0.5971 0.6919
vn -0.3060 0.3536 0.8839
vn -0.3194 0.6032 0.7309
vn -0.3314 0.3902 0.8590
vn -0.4059 0.5971 0.6919
vn 0.3911 0.3844 0.8362
vn 0.5342 0.2859 0.7955
vn 0.5118 0.5172 0.6860
vn 0.6772 0.3293 0.6580
vn -0.3911 0.3844 0.8362
vn -0.5118 0.5172 0.6860
vn -0.5342 0.2860 0.7955
vn -0.6772 0.3293 0.6580
vn 0.5260 -0.2787 0.8036
vn 0.6322 -0.1897 0.7513
vn 0.7758 -0.2362 0.5851
vn 0.6363 -0.3959 0.6622
vn -0.5260 -0.2787 0.8036
vn -0.6363 -0.3959 0.6622
vn -0.7758 -0.2362 0.5851
vn -0.6322 -0.1897 0.7513
vn 0.6715 -0.0814 0.7365
vn 0.6785 -0.0010 0.7346
vn 0.8062 0.0116 0.5916
vn 0.8164 -0.0990 0.5689
vn -0.6715 -0.0814 0.7365
vn -0.8164 -0.0990 0.5690
vn -0.8062 0.0116 0.5916
vn -0.6785 -0.0010 0.7346
vn 0.6464 0.1149 0.7543
vn 0.7766 0.1392 0.6144
vn -0.6464 0.1149 0.7543
vn -0.7766 0.1392 0.6144
vn -0.5023 0.8610 -0.0793
vn -0.0000 0.9984 0.0560
vn -0.7683 0.5513 -0.3253
vn -0.4816 0.8755 -0.0402
vn -0.3032 0.8656 0.3986
vn -0.0000 0.8812 0.4728
vn 0.5023 0.8610 -0.0793
vn 0.3032 0.8656 0.3986
vn 0.4816 0.8755 -0.0402
vn 0.7683 0.5513 -0.3253
vn -0.7887 0.4746 -0.3909
vn -0.6400 0.6496 -0.4104
vn -0.4984 0.4533 -0.7390
vn -0.4930 0.4047 -0.7701
vn 0.7887 0.4746 -0.3909
vn 0.4930 0.4047 -0.7701
vn 0.4984 0.4533 -0.7390
vn 0.6400 0.6496 -0.4104
vn -0.2446 0.8802 -0.4068
vn 0.2299 0.8878 -0.3988
vn 0.0820 0.6278 -0.7740
vn -0.2209 0.5419 -0.8109
vn 0.2446 0.8802 -0.4068
vn 0.2209 0.5419 -0.8109
vn -0.0820 0.6278 -0.7740
vn -0.2299 0.8878 -0.3988
vn 0.4632 0.8025 -0.3759
vn 0.4587 0.8176 -0.3481
vn 0.1508 0.8394 -0.5221
vn 0.0974 0.5796 -0.8091
vn -0.4632 0.8025 -0.3759
vn -0.0974 0.5796 -0.8091
vn -0.1508 0.8394 -0.5221
vn -0.4587 0.8176 -0.3481
vn 0.3882 0.8960 -0.2156
vn 0.3769 0.9100 -0.1727
vn 0.3618 0.9093 -0.2057
vn 0.3259 0.9173 -0.2287
vn -0.3882 0.8960 -0.2156
vn -0.3259 0.9173 -0.2287
vn -0.3618 0.9093 -0.2057
vn -0.3769 0.9100 -0.1727
vn 0.5291 0.8254 -0.1968
vn 0.8520 0.4579 -0.2537
vn 0.8023 0.5211 -0.2913
vn 0.5028 0.8255 -0.2564
vn -0.5291 0.8254 -0.1968
vn -0.5028 0.8255 -0.2564
vn -0.8022 0.5211 -0.2913
vn -0.8520 0.4579 -0.2537
vn 0.9719 0.0086 -0.2354
vn 0.8886 -0.4216 -0.1807
vn 0.9351 -0.3512 -0.0468
vn 0.9827 0.0323 -0.1822
vn -0.9719 0.0086 -0.2354
vn -0.9827 0.0323 -0.1822
vn -0.9351 -0.3512 -0.0468
vn -0.8886 -0.4216 -0.1807
vn 0.7220 -0.6792 -0.1319
vn 0.5765 -0.8107 -0.1021
vn 0.6200 -0.7831 0.0487
vn 0.7639 -0.6449 0.0218
vn -0.7220 -0.6792 -0.1319
vn -0.7639 -0.6449 0.0218
vn -0.6200 -0.7831 0.0487
vn -0.5765 -0.8107 -0.1021
vn 0.4578 -0.8836 -0.0987
vn 0.3568 -0.9295 -0.0934
vn 0.4259 -0.9025 0.0633
vn 0.4930 -0.8688 0.0459
vn -0.4578 -0.8836 -0.0987
vn -0.4930 -0.8688 0.0459
vn -0.4259 -0.9025 0.0633
vn -0.3568 -0.9295 -0.0934
vn 0.2383 -0.5372 -0.8091
vn 0.2258 -0.2717 -0.9355
vn -0.0000 -0.2510 -0.9680
vn -0.0000 -0.4812 -0.8766
vn -0.0000 -0.7822 -0.6230
vn 0.2848 -0.7968 -0.5330
vn 0.6443 -0.6427 -0.4145
vn 0.5057 -0.5341 -0.6775
vn 0.3423 -0.2309 -0.9108
vn -0.2383 -0.5372 -0.8091
vn -0.5057 -0.5341 -0.6775
vn -0.6443 -0.6427 -0.4145
vn -0.2848 -0.7968 -0.5330
vn -0.2258 -0.2717 -0.9355
vn -0.3423 -0.2309 -0.9108
vn 0.1798 -0.1391 -0.9738
vn 0.1486 -0.2567 -0.9550
vn -0.0000 -0.2818 -0.9595
vn -0.0000 -0.1659 -0.9861
vn 0.2287 -0.1052 -0.9678
vn 0.1401 -0.1722 -0.9751
vn -0.1798 -0.1391 -0.9738
vn -0.2287 -0.1052 -0.9678
vn -0.1486 -0.2567 -0.9550
vn -0.1401 -0.1722 -0.9751
vn 0.0736 -0.4628 -0.8834
vn 0.0517 -0.7610 -0.6467
vn -0.0000 -0.7832 -0.6217
vn -0.0000 -0.5280 -0.8492
vn 0.0595 -0.3725 -0.9261
vn 0.0436 -0.6952 -0.7174
vn -0.0736 -0.4628 -0.8834
vn -0.0595 -0.3725 -0.9261
vn -0.0517 -0.7610 -0.6467
vn -0.0436 -0.6952 -0.7174
vn 0.0793 -0.9668 -0.2428
vn 0.0939 -0.9492 -0.3002
vn -0.0000 -0.9800 -0.1991
vn -0.0793 -0.9668 -0.2428
vn -0.0939 -0.9492 -0.3002
vn 0.2118 -0.9112 -0.3534
vn 0.6434 -0.6472 -0.4089
vn 0.1609 -0.6071 -0.7782
vn 0.4101 -0.4671 -0.7834
vn -0.2118 -0.9112 -0.3534
vn -0.1609 -0.6071 -0.7782
vn -0.6434 -0.6472 -0.4089
vn -0.4101 -0.4671 -0.7834
vn 0.8896 -0.1962 -0.4124
vn 0.9291 0.0893 -0.3589
vn 0.5524 -0.1245 -0.8242
vn 0.6126 0.0467 -0.7890
vn -0.8896 -0.1962 -0.4124
vn -0.5524 -0.1245 -0.8242
vn -0.9291 0.0893 -0.3589
vn -0.6126 0.0467 -0.7890
vn 0.9295 0.1372 -0.3423
vn 0.9334 0.1518 -0.3251
vn 0.6598 0.1143 -0.7427
vn 0.7420 0.0571 -0.6680
vn -0.9295 0.1372 -0.3423
vn -0.6598 0.1143 -0.7427
vn -0.9334 0.1518 -0.3251
vn -0.7420 0.0571 -0.6680
vn 0.3321 -0.0142 -0.9431
vn 0.2218 -0.0653 -0.9729
vn 0.4493 -0.1214 -0.8851
vn -0.3321 -0.0142 -0.9431
vn -0.4493 -0.1214 -0.8851
vn -0.2218 -0.0653 -0.9729
vn 0.1300 -0.2585 -0.9572
vn -0.1300 -0.2585 -0.9572
vn 0.7436 -0.2418 -0.6234
vn 0.8667 -0.3085 -0.3919
vn 0.9286 0.0737 -0.3637
vn 0.8286 0.0730 -0.5551
vn -0.7436 -0.2418 -0.6234
vn -0.8286 0.0730 -0.5551
vn -0.9286 0.0737 -0.3636
vn -0.8667 -0.3085 -0.3919
vn 0.9423 0.1444 -0.3021
vn 0.9505 0.2159 -0.2236
vn -0.9423 0.1445 -0.3021
vn -0.9505 0.2159 -0.2236
vn 0.9777 0.1808 0.1064
vn 0.9516 0.3074 -0.0052
vn 0.9399 -0.3335 0.0732
vn 0.8726 -0.3578 0.3326
vn 0.8070 -0.2633 0.5286
vn 0.9454 0.1949 0.2613
vn -0.9777 0.1808 0.1064
vn -0.9454 0.1949 0.2613
vn -0.8070 -0.2633 0.5286
vn -0.8726 -0.3578 0.3326
vn -0.9399 -0.3335 0.0732
vn -0.9516 0.3074 -0.0052
vn 0.9571 0.2585 -0.1310
vn 0.9675 -0.0142 -0.2524
vn -0.9571 0.2585 -0.1310
vn -0.9675 -0.0142 -0.2524
vn 0.9628 -0.1566 0.2204
vn 0.6127 -0.7666 0.1924
vn 0.7640 -0.4832 0.4277
vn 0.4881 -0.8562 0.1691
vn -0.9628 -0.1566 0.2204
vn -0.7640 -0.4832 0.4277
vn -0.6127 -0.7666 0.1924
vn -0.4881 -0.8562 0.1691
vn 0.2977 -0.9503 -0.0910
vn 0.3736 -0.9263 0.0485
vn -0.2977 -0.9503 -0.0910
vn -0.3736 -0.9263 0.0485
vn 0.2869 -0.4932 -0.8213
vn -0.0000 -0.4946 -0.8691
vn -0.0000 -0.2585 -0.9660
vn 0.2990 -0.2703 -0.9152
vn 0.4137 -0.3009 -0.8593
vn 0.4023 -0.5018 -0.7658
vn 0.4511 -0.6877 -0.5689
vn 0.2774 -0.7020 -0.6560
vn -0.0000 -0.7196 -0.6944
vn -0.2869 -0.4932 -0.8213
vn -0.2774 -0.7020 -0.6560
vn -0.4511 -0.6877 -0.5689
vn -0.4023 -0.5018 -0.7658
vn -0.4137 -0.3009 -0.8593
vn -0.2990 -0.2703 -0.9152
vn 0.2681 -0.8430 -0.4663
vn -0.0000 -0.8627 -0.5057
vn 0.4807 -0.7878 -0.3851
vn 0.4790 -0.8511 -0.2149
vn 0.2591 -0.9220 -0.2876
vn -0.0000 -0.9499 -0.3125
vn -0.2681 -0.8430 -0.4663
vn -0.2591 -0.9220 -0.2876
vn -0.4790 -0.8511 -0.2149
vn -0.4807 -0.7878 -0.3851
vn 0.2715 -0.9497 -0.1563
vn -0.0000 -0.9820 -0.1890
vn 0.5035 -0.8597 -0.0864
vn 0.6016 -0.7988 -0.0030
vn 0.3093 -0.9411 -0.1363
vn -0.0000 -0.9861 -0.1659
vn -0.2715 -0.9497 -0.1563
vn -0.3093 -0.9411 -0.1363
vn -0.6016 -0.7988 -0.0030
vn -0.5034 -0.8597 -0.0864
vn 0.3133 -0.9125 -0.2630
vn -0.0000 -0.9454 -0.3259
vn 0.6253 -0.7715 -0.1179
vn -0.3133 -0.9125 -0.2630
vn -0.6252 -0.7715 -0.1179
vn 0.9059 -0.4070 -0.1169
vn 0.8202 -0.5601 0.1163
vn -0.9059 -0.4070 -0.1169
vn -0.8203 -0.5600 0.1163
vn 0.8376 -0.5147 0.1829
vn 0.9581 -0.2575 0.1257
vn 0.6620 -0.7097 0.2411
vn 0.6968 -0.7013 0.1504
vn 0.9038 -0.4135 0.1104
vn 0.9787 -0.1539 0.1356
vn -0.8376 -0.5147 0.1829
vn -0.9038 -0.4135 0.1104
vn -0.6968 -0.7013 0.1504
vn -0.6620 -0.7097 0.2411
vn -0.9581 -0.2575 0.1257
vn -0.9787 -0.1539 0.1356
vn 0.2887 -0.0439 -0.9564
vn -0.0000 0.0019 -1.0000
vn -0.0000 0.3201 -0.9474
vn 0.2966 0.2896 -0.9100
vn 0.4362 0.2094 -0.8751
vn 0.4268 -0.1132 -0.8972
vn -0.2887 -0.0439 -0.9564
vn -0.4268 -0.1132 -0.8972
vn -0.4362 0.2094 -0.8751
vn -0.2966 0.2896 -0.9100
vn 0.1475 0.9506 0.2731
vn -0.0000 0.9647 0.2633
vn -0.0000 0.8255 0.5644
vn 0.1726 0.8052 0.5674
vn 0.4229 0.7336 0.5319
vn 0.3881 0.8822 0.2667
vn 0.3569 0.9340 0.0170
vn 0.1319 0.9911 0.0165
vn -0.0000 0.9999 0.0106
vn -0.1475 0.9506 0.2731
vn -0.1319 0.9911 0.0165
vn -0.3569 0.9340 0.0170
vn -0.3881 0.8822 0.2667
vn -0.4229 0.7336 0.5319
vn -0.1726 0.8052 0.5674
vn 0.1517 0.9596 -0.2372
vn -0.0000 0.9728 -0.2316
vn 0.3384 0.9107 -0.2369
vn 0.3563 0.7663 -0.5346
vn 0.2065 0.8273 -0.5225
vn -0.0000 0.8473 -0.5311
vn -0.1517 0.9596 -0.2372
vn -0.2065 0.8273 -0.5225
vn -0.3563 0.7663 -0.5346
vn -0.3384 0.9107 -0.2369
vn 0.2736 0.5927 -0.7575
vn -0.0000 0.6373 -0.7706
vn 0.4164 0.5275 -0.7405
vn -0.2736 0.5927 -0.7575
vn -0.4164 0.5275 -0.7405
vn 0.5522 0.8328 -0.0397
vn 0.4250 0.9046 0.0337
vn 0.7826 0.6113 -0.1182
vn 0.8291 0.5136 0.2209
vn 0.5643 0.7585 0.3261
vn 0.5140 0.7555 0.4062
vn -0.5522 0.8328 -0.0397
vn -0.5643 0.7585 0.3261
vn -0.8291 0.5136 0.2209
vn -0.7826 0.6113 -0.1182
vn -0.4250 0.9046 0.0337
vn -0.5140 0.7555 0.4062
vn 0.5530 0.6357 0.5385
vn 0.5653 0.6167 0.5478
vn 0.8039 0.4304 0.4106
vn 0.8362 0.4467 0.3181
vn 0.6350 0.6570 0.4064
vn 0.6426 0.6527 0.4013
vn -0.5530 0.6357 0.5385
vn -0.6350 0.6570 0.4064
vn -0.8362 0.4467 0.3181
vn -0.8039 0.4303 0.4106
vn -0.5653 0.6167 0.5478
vn -0.6426 0.6527 0.4013
vn 0.7083 0.6865 0.1646
vn 0.6697 0.7251 0.1605
vn 0.8809 0.4592 0.1145
vn 0.9015 0.4303 -0.0456
vn 0.7407 0.6711 -0.0307
vn 0.6715 0.7402 -0.0342
vn -0.7083 0.6865 0.1646
vn -0.7407 0.6711 -0.0307
vn -0.9015 0.4303 -0.0456
vn -0.8809 0.4592 0.1145
vn -0.6697 0.7251 0.1605
vn -0.6715 0.7402 -0.0342
vn 0.7560 0.6059 -0.2476
vn 0.6416 0.7100 -0.2904
vn 0.9140 0.3531 -0.1999
vn 0.8733 0.2973 -0.3860
vn 0.7391 0.4290 -0.5193
vn 0.5930 0.5605 -0.5781
vn -0.7560 0.6059 -0.2476
vn -0.7391 0.4290 -0.5193
vn -0.8733 0.2973 -0.3860
vn -0.9140 0.3531 -0.1999
vn -0.6416 0.7100 -0.2904
vn -0.5930 0.5605 -0.5781
vn 0.7017 0.2151 -0.6792
vn 0.8873 0.1525 -0.4353
vn 0.6952 0.0373 -0.7179
vn 0.6420 -0.0689 -0.7636
vn 0.5872 0.0145 -0.8093
vn 0.5595 0.2971 -0.7737
vn -0.7017 0.2151 -0.6792
vn -0.5595 0.2971 -0.7737
vn -0.5872 0.0145 -0.8093
vn -0.6420 -0.0689 -0.7636
vn -0.6952 0.0373 -0.7179
vn -0.8873 0.1525 -0.4353
vn 0.4860 0.4267 -0.7627
vn 0.5332 0.1119 -0.8386
vn 0.4768 0.6676 -0.5719
vn -0.4860 0.4267 -0.7627
vn -0.4768 0.6676 -0.5719
vn -0.5332 0.1119 -0.8386
vn 0.5452 0.7982 -0.2560
vn 0.5857 0.8105 -0.0086
vn -0.5452 0.7982 -0.2560
vn -0.5857 0.8105 -0.0086
vn 0.6176 0.7600 0.2026
vn 0.6387 0.6338 0.4363
vn -0.6176 0.7600 0.2026
vn -0.6387 0.6338 0.4363
vn 0.6156 0.5541 0.5604
vn 0.4430 0.5903 0.6747
vn 0.3607 0.7541 0.5488
vn 0.5306 0.7350 0.4222
vn -0.6156 0.5541 0.5604
vn -0.5306 0.7350 0.4222
vn -0.3607 0.7541 0.5488
vn -0.4430 0.5903 0.6747
vn 0.3842 0.9231 0.0160
vn 0.1183 0.9929 -0.0131
vn -0.3842 0.9231 0.0160
vn -0.1183 0.9929 -0.0131
vn 0.2098 0.6562 0.7248
vn -0.0000 0.6992 0.7149
vn -0.0000 0.6054 0.7959
vn 0.2195 0.6863 0.6934
vn -0.2098 0.6562 0.7248
vn -0.2195 0.6863 0.6934
vn -0.2074 0.3306 -0.9207
vn -0.2375 0.7636 -0.6004
vn 0.2074 0.3306 -0.9207
vn 0.2375 0.7636 -0.6004
vn -0.0011 0.9508 0.3097
vn -0.0148 0.7064 0.7076
vn 0.0011 0.9508 0.3097
vn 0.0148 0.7064 0.7076
vn -0.1032 0.5529 0.8268
vn -0.0000 0.4915 0.8709
vn 0.1032 0.5529 0.8268
vn 0.9892 0.1404 0.0428
vn 0.9628 0.1891 0.1931
vn -0.9892 0.1404 0.0428
vn -0.9628 0.1891 0.1931
vn 0.9614 0.1403 0.2368
vn 0.9920 -0.0954 0.0826
vn 0.9966 -0.0810 0.0125
vn 0.9734 0.1862 0.1332
vn -0.9614 0.1403 0.2368
vn -0.9734 0.1862 0.1332
vn -0.9966 -0.0810 0.0125
vn -0.9920 -0.0954 0.0826
vn 0.9766 0.2152 -0.0023
vn 0.9944 0.0936 -0.0495
vn 0.8559 0.4773 0.1990
vn 0.9696 0.2166 -0.1137
vn -0.9766 0.2152 -0.0023
vn -0.9696 0.2166 -0.1137
vn -0.8559 0.4773 0.1990
vn -0.9944 0.0936 -0.0495
vn 0.9585 0.1799 -0.2209
vn 0.5409 0.7396 -0.4006
vn -0.9585 0.1799 -0.2209
vn -0.5409 0.7396 -0.4006
vn 0.6321 -0.7749 -0.0045
vn 0.6920 -0.7141 0.1057
vn 0.6033 -0.7821 -0.1560
vn 0.5525 -0.8174 -0.1632
vn 0.5469 -0.8367 0.0291
vn 0.5747 -0.8040 0.1527
vn -0.6321 -0.7749 -0.0045
vn -0.5469 -0.8367 0.0291
vn -0.5525 -0.8174 -0.1632
vn -0.6033 -0.7821 -0.1560
vn -0.6920 -0.7141 0.1057
vn -0.5747 -0.8040 0.1527
vn 0.4344 -0.8991 0.0537
vn 0.5192 -0.8498 0.0913
vn 0.4816 -0.8637 0.1487
vn 0.3790 -0.9080 -0.1785
vn 0.2202 -0.9754 -0.0082
vn -0.4344 -0.8991 0.0537
vn -0.3790 -0.9080 -0.1785
vn -0.4816 -0.8637 0.1487
vn -0.5192 -0.8498 0.0913
vn -0.2202 -0.9754 -0.0082
vn 0.5115 -0.8368 0.1954
vn 0.5094 -0.8403 0.1854
vn -0.5115 -0.8368 0.1954
vn -0.5094 -0.8403 0.1854
vn 0.6320 -0.7286 0.2641
vn 0.4971 -0.7533 0.4305
vn 0.7200 -0.6582 0.2200
vn -0.6320 -0.7286 0.2641
vn -0.7200 -0.6582 0.2200
vn -0.4971 -0.7533 0.4305
vn 0.7230 -0.6674 0.1782
vn -0.7230 -0.6674 0.1782
vn 0.4854 -0.7165 0.5010
vn -0.4854 -0.7165 0.5010
vn 0.5541 -0.3101 -0.7726
vn 0.5534 -0.2896 -0.7809
vn 0.3227 -0.6099 -0.7238
vn 0.4271 -0.6231 -0.6553
vn 0.5754 -0.5327 -0.6206
vn 0.5332 -0.2890 -0.7951
vn -0.5541 -0.3101 -0.7726
vn -0.5332 -0.2890 -0.7951
vn -0.5754 -0.5327 -0.6206
vn -0.4271 -0.6231 -0.6553
vn -0.3227 -0.6099 -0.7238
vn -0.5534 -0.2896 -0.7809
vn 0.5048 -0.1971 -0.8404
vn 0.5483 -0.3417 -0.7633
vn -0.5048 -0.1971 -0.8404
vn -0.5483 -0.3417 -0.7633
vn 0.3477 -0.8320 -0.4324
vn 0.0843 -0.8993 -0.4291
vn 0.5496 -0.7402 -0.3874
vn -0.3477 -0.8320 -0.4324
vn -0.5496 -0.7402 -0.3874
vn -0.0843 -0.8993 -0.4291
vn 0.6120 -0.7171 -0.3334
vn 0.6110 -0.6412 -0.4643
vn -0.6120 -0.7171 -0.3334
vn -0.6110 -0.6412 -0.4643
vn 0.5214 -0.4905 -0.6983
vn -0.5214 -0.4905 -0.6983
vn 0.2110 0.5414 0.8139
vn 0.3059 0.5008 0.8097
vn -0.1279 0.9617 0.2425
vn -0.2903 0.9171 0.2734
vn -0.4490 0.8312 0.3280
vn 0.0534 0.4946 0.8675
vn 0.5187 -0.1352 0.8442
vn 0.5903 -0.1456 0.7940
vn 0.5631 -0.2188 0.7969
vn -0.2110 0.5414 0.8139
vn -0.5903 -0.1456 0.7940
vn -0.5187 -0.1352 0.8442
vn -0.0534 0.4946 0.8675
vn 0.4490 0.8312 0.3280
vn 0.2903 0.9171 0.2734
vn 0.1279 0.9617 0.2425
vn -0.3059 0.5008 0.8097
vn -0.5631 -0.2188 0.7969
vn 0.3706 0.4245 0.8261
vn 0.0670 0.9631 0.2606
vn 0.4835 -0.2583 0.8364
vn 0.2856 -0.2261 0.9313
vn 0.4410 0.2860 0.8507
vn 0.4435 0.8303 0.3375
vn -0.3706 0.4245 0.8261
vn -0.4410 0.2860 0.8507
vn -0.2856 -0.2261 0.9313
vn -0.4835 -0.2583 0.8364
vn -0.0670 0.9631 0.2606
vn -0.4435 0.8303 0.3375
vn 0.3824 0.1386 0.9135
vn 0.7212 0.4620 0.5162
vn 0.0212 -0.1724 0.9848
vn -0.1643 -0.0626 0.9844
vn 0.3092 -0.0012 0.9510
vn 0.7539 0.1036 0.6487
vn -0.3824 0.1386 0.9135
vn -0.3092 -0.0012 0.9510
vn 0.1643 -0.0626 0.9844
vn -0.0212 -0.1724 0.9848
vn -0.7212 0.4620 0.5162
vn -0.7539 0.1036 0.6487
vn 0.3226 -0.0685 0.9441
vn 0.7194 -0.1840 0.6698
vn -0.2211 0.1022 0.9699
vn -0.0907 0.3390 0.9364
vn 0.4053 -0.0733 0.9112
vn 0.6973 -0.4411 0.5650
vn -0.3226 -0.0685 0.9441
vn -0.4053 -0.0733 0.9112
vn 0.0907 0.3390 0.9364
vn 0.2211 0.1022 0.9699
vn -0.7194 -0.1840 0.6698
vn -0.6973 -0.4411 0.5650
vn 0.5226 -0.1842 0.8324
vn 0.6148 -0.6749 0.4080
vn 0.1843 0.4594 0.8689
vn 0.4527 0.3439 0.8227
vn 0.6009 -0.3320 0.7272
vn 0.4760 -0.8285 0.2950
vn -0.5226 -0.1842 0.8324
vn -0.6009 -0.3320 0.7272
vn -0.4527 0.3439 0.8227
vn -0.1843 0.4594 0.8689
vn -0.6148 -0.6749 0.4080
vn -0.4760 -0.8285 0.2950
vn 0.5427 -0.4475 0.7108
vn 0.3219 -0.9019 0.2879
vn 0.5569 0.1964 0.8070
vn 0.3549 0.3122 0.8812
vn 0.2655 -0.3651 0.8923
vn 0.0648 -0.9353 0.3479
vn -0.5427 -0.4475 0.7108
vn -0.2655 -0.3651 0.8923
vn -0.3549 0.3122 0.8812
vn -0.5569 0.1964 0.8070
vn -0.3219 -0.9019 0.2879
vn -0.0648 -0.9353 0.3479
vn 0.3710 0.6697 0.6433
vn 0.1223 0.8015 0.5854
vn -0.1548 0.9509 0.2680
vn 0.1423 0.9146 0.3786
vn 0.1481 0.9120 0.3826
vn 0.3132 0.6748 0.6682
vn -0.3710 0.6697 0.6433
vn -0.3132 0.6748 0.6682
vn -0.1481 0.9120 0.3826
vn -0.1423 0.9146 0.3786
vn 0.1548 0.9509 0.2680
vn -0.1223 0.8015 0.5854
vn -0.2341 0.7987 0.5543
vn -0.5754 0.6101 0.5446
vn -0.7817 0.6235 0.0101
vn -0.4965 0.8556 0.1465
vn 0.2341 0.7988 0.5543
vn 0.4965 0.8556 0.1465
vn 0.7817 0.6235 0.0101
vn 0.5754 0.6101 0.5446
vn -0.7739 0.2659 0.5748
vn -0.7141 -0.0855 0.6948
vn -0.9912 -0.0769 0.1077
vn -0.9519 0.3044 -0.0359
vn 0.7739 0.2659 0.5748
vn 0.9519 0.3044 -0.0359
vn 0.9912 -0.0769 0.1077
vn 0.7141 -0.0855 0.6948
vn -0.3884 -0.3782 0.8403
vn 0.1091 -0.5208 0.8467
vn -0.0918 -0.7534 0.6511
vn -0.7467 -0.5226 0.4115
vn 0.3884 -0.3782 0.8403
vn 0.7467 -0.5226 0.4115
vn 0.0918 -0.7534 0.6511
vn -0.1091 -0.5208 0.8467
vn 0.4213 -0.5416 0.7275
vn 0.5716 -0.5077 0.6446
vn 0.5284 -0.6550 0.5401
vn 0.3451 -0.7152 0.6078
vn -0.4213 -0.5416 0.7275
vn -0.3451 -0.7152 0.6078
vn -0.5284 -0.6550 0.5401
vn -0.5716 -0.5077 0.6446
vn 0.6536 -0.4398 0.6160
vn 0.6579 -0.4053 0.6347
vn 0.6941 -0.5329 0.4840
vn 0.6514 -0.5762 0.4937
vn -0.6536 -0.4398 0.6160
vn -0.6514 -0.5762 0.4937
vn -0.6941 -0.5329 0.4840
vn -0.6579 -0.4053 0.6347
vn 0.7320 -0.6773 0.0737
vn 0.8654 -0.5011 -0.0049
vn 0.3798 -0.6433 0.6647
vn 0.7179 0.1706 0.6750
vn 0.9288 -0.3437 0.1381
vn 0.9056 -0.4048 -0.1269
vn -0.7320 -0.6773 0.0737
vn -0.9288 -0.3438 0.1381
vn -0.7179 0.1706 0.6750
vn -0.3798 -0.6433 0.6647
vn -0.8654 -0.5011 -0.0049
vn -0.9056 -0.4048 -0.1269
vn 0.0772 -0.2836 0.9558
vn -0.0370 -0.9593 0.2801
vn 0.1738 0.4525 0.8746
vn -0.0772 -0.2836 0.9558
vn -0.1738 0.4525 0.8746
vn 0.0370 -0.9593 0.2801
vn 0.9354 -0.3504 -0.0465
vn 0.9338 -0.3202 -0.1595
vn -0.9354 -0.3504 -0.0465
vn -0.9338 -0.3202 -0.1595
vn 0.1762 0.4229 0.8889
vn -0.3829 0.9003 0.2071
vn 0.7131 0.1659 0.6812
vn 0.7033 -0.2777 0.6544
vn 0.4365 -0.1985 0.8775
vn -0.1762 0.4229 0.8889
vn -0.4365 -0.1985 0.8775
vn -0.7033 -0.2777 0.6544
vn -0.7131 0.1659 0.6812
vn 0.3829 0.9003 0.2071
vn 0.1724 0.8458 0.5049
vn 0.0573 0.9676 0.2460
vn 0.5098 0.7311 0.4534
vn 0.4500 0.7176 0.5316
vn -0.1724 0.8458 0.5049
vn -0.4500 0.7176 0.5316
vn -0.5098 0.7311 0.4534
vn -0.0573 0.9676 0.2460
vn 0.6887 0.2125 0.6932
vn 0.8100 -0.0086 0.5864
vn 0.7669 -0.0347 0.6408
vn 0.6887 0.1609 0.7070
vn 0.9292 -0.1387 0.3424
vn 0.8655 0.0400 0.4993
vn -0.6887 0.2125 0.6932
vn -0.8655 0.0400 0.4993
vn -0.9292 -0.1387 0.3424
vn -0.6887 0.1609 0.7070
vn -0.7669 -0.0347 0.6408
vn -0.8100 -0.0086 0.5864
vn 0.6367 0.3945 0.6625
vn 0.5807 0.6398 0.5034
vn 0.9236 0.0302 0.3821
vn 0.9064 0.0399 0.4206
vn 0.6918 0.3465 0.6336
vn 0.5640 0.6436 0.5174
vn -0.6367 0.3945 0.6625
vn -0.6917 0.3465 0.6336
vn -0.9064 0.0399 0.4206
vn -0.9236 0.0302 0.3822
vn -0.5807 0.6398 0.5034
vn -0.5640 0.6436 0.5174
vn 0.8596 -0.4350 0.2682
vn 0.7874 -0.5661 0.2439
vn 0.7234 -0.5695 0.3905
vn 0.7537 -0.4701 0.4594
vn 0.8806 -0.4130 0.2322
vn 0.9202 -0.3833 0.0796
vn -0.8596 -0.4350 0.2682
vn -0.9202 -0.3833 0.0796
vn -0.8806 -0.4130 0.2322
vn -0.7537 -0.4701 0.4594
vn -0.7234 -0.5695 0.3905
vn -0.7874 -0.5661 0.2439
vn 0.6891 -0.4274 0.5852
vn 0.5794 -0.4132 0.7025
vn 0.8220 -0.3679 0.4348
vn 0.6844 -0.5442 0.4853
vn 0.6883 -0.5216 0.5042
vn -0.6891 -0.4274 0.5852
vn -0.6844 -0.5442 0.4853
vn -0.8220 -0.3679 0.4348
vn -0.5794 -0.4132 0.7025
vn -0.6883 -0.5216 0.5042
vn 0.6072 -0.4031 0.6846
vn 0.7060 -0.5045 0.4970
vn -0.6072 -0.4031 0.6846
vn -0.7060 -0.5045 0.4970
vn 0.9803 -0.1461 0.1332
vn 0.9403 -0.3398 0.0204
vn -0.9803 -0.1461 0.1332
vn -0.9403 -0.3398 0.0204
vn 0.9265 -0.3707 -0.0652
vn 0.9341 -0.3509 -0.0663
vn -0.9265 -0.3707 -0.0652
vn -0.9341 -0.3509 -0.0663
vn 0.9774 -0.1844 0.1029
vn -0.9774 -0.1844 0.1029
vn 0.7077 -0.5505 0.4428
vn 0.6911 -0.5442 0.4755
vn 0.7141 -0.5592 0.4211
vn 0.5862 -0.3760 0.7176
vn 0.6089 -0.3618 0.7060
vn 0.6210 -0.2862 0.7297
vn -0.7077 -0.5505 0.4428
vn -0.6089 -0.3618 0.7060
vn -0.5862 -0.3760 0.7176
vn -0.7141 -0.5592 0.4211
vn -0.6911 -0.5442 0.4755
vn -0.6210 -0.2862 0.7297
vn 0.7067 -0.5703 0.4188
vn 0.6773 -0.6119 0.4085
vn 0.4760 -0.4046 0.7808
vn 0.5277 -0.4017 0.7485
vn -0.7067 -0.5703 0.4188
vn -0.5277 -0.4017 0.7485
vn -0.4760 -0.4046 0.7808
vn -0.6773 -0.6119 0.4085
vn 0.7380 -0.5668 0.3661
vn 0.8745 0.0319 0.4839
vn 0.6192 -0.0627 0.7828
vn 0.5071 -0.3401 0.7920
vn -0.7380 -0.5668 0.3661
vn -0.5071 -0.3401 0.7920
vn -0.6192 -0.0627 0.7828
vn -0.8745 0.0319 0.4839
vn 0.5690 0.6788 0.4642
vn 0.5789 0.6766 0.4551
vn 0.4226 0.3931 0.8167
vn 0.4555 0.3531 0.8172
vn -0.5690 0.6788 0.4642
vn -0.4554 0.3531 0.8172
vn -0.4226 0.3931 0.8167
vn -0.5789 0.6766 0.4552
vn 0.7954 0.3015 0.5258
vn 0.8331 -0.1668 0.5275
vn 0.4175 0.1294 0.8994
vn 0.5294 0.2156 0.8205
vn -0.7954 0.3015 0.5258
vn -0.5294 0.2156 0.8205
vn -0.4175 0.1294 0.8994
vn -0.8331 -0.1668 0.5275
vn 0.8060 -0.0477 0.5900
vn 0.6080 0.6259 0.4884
vn 0.2000 0.7509 0.6294
vn 0.3815 0.3154 0.8689
vn -0.8060 -0.0477 0.5900
vn -0.3815 0.3154 0.8689
vn -0.2000 0.7509 0.6294
vn -0.6080 0.6259 0.4884
vn 0.0208 0.9714 0.2364
vn 0.0498 0.9462 0.3198
vn 0.1066 0.7915 0.6018
vn -0.1239 0.8785 0.4614
vn -0.0208 0.9714 0.2364
vn 0.1239 0.8785 0.4614
vn -0.1066 0.7915 0.6018
vn -0.0498 0.9462 0.3198
vn 0.6366 -0.5636 0.5264
vn 0.5223 -0.6286 0.5762
vn 0.6003 -0.1770 0.7799
vn 0.5172 -0.1671 0.8394
vn -0.6366 -0.5636 0.5264
vn -0.6003 -0.1770 0.7799
vn -0.5223 -0.6286 0.5762
vn -0.5172 -0.1671 0.8394
vn 0.3042 -0.7531 0.5833
vn -0.1544 -0.7372 0.6578
vn 0.3794 -0.3006 0.8750
vn 0.2271 -0.2000 0.9531
vn -0.3042 -0.7531 0.5833
vn -0.3794 -0.3006 0.8750
vn 0.1544 -0.7372 0.6578
vn -0.2271 -0.2000 0.9531
vn -0.6832 -0.4588 0.5681
vn -0.8985 -0.0742 0.4327
vn 0.0557 -0.0626 0.9965
vn -0.0159 0.0060 0.9999
vn 0.6832 -0.4588 0.5681
vn -0.0557 -0.0626 0.9965
vn 0.8985 -0.0742 0.4327
vn 0.0159 0.0060 0.9999
vn -0.8420 0.3070 0.4437
vn -0.6172 0.6200 0.4844
vn 0.0711 0.0723 0.9948
vn 0.1621 0.1271 0.9786
vn 0.8420 0.3070 0.4437
vn -0.0711 0.0723 0.9948
vn 0.6172 0.6200 0.4844
vn -0.1621 0.1271 0.9786
vn -0.3331 0.8163 0.4719
vn -0.0089 0.9017 0.4322
vn 0.2480 0.2554 0.9345
vn 0.3791 0.3967 0.8360
vn 0.3331 0.8163 0.4719
vn -0.2480 0.2554 0.9345
vn 0.0089 0.9017 0.4322
vn -0.3791 0.3967 0.8360
vn 0.1191 0.9144 0.3868
vn 0.4370 0.5335 0.7242
vn -0.1191 0.9144 0.3868
vn -0.4370 0.5335 0.7242
vn 0.1872 0.1068 0.9765
vn 0.1857 0.0945 0.9780
vn 0.0562 0.2985 0.9528
vn 0.2548 0.2032 0.9454
vn 0.1971 0.1084 0.9744
vn 0.2002 0.0104 0.9797
vn -0.1872 0.1068 0.9765
vn -0.1971 0.1084 0.9744
vn -0.2548 0.2032 0.9454
vn -0.0562 0.2985 0.9528
vn -0.1857 0.0946 0.9780
vn -0.2002 0.0104 0.9797
vn 0.3333 0.0503 0.9415
vn 0.2922 -0.0007 0.9564
vn 0.4013 0.0813 0.9123
vn 0.4587 -0.0405 0.8877
vn 0.3778 -0.0196 0.9257
vn 0.3434 -0.0104 0.9391
vn -0.3333 0.0503 0.9415
vn -0.3778 -0.0196 0.9257
vn -0.4587 -0.0405 0.8877
vn -0.4013 0.0813 0.9123
vn -0.2922 -0.0007 0.9564
vn -0.3434 -0.0104 0.9391
vn 0.3590 -0.0307 0.9328
vn 0.3639 -0.0125 0.9314
vn 0.4200 -0.1180 0.8998
vn 0.3850 -0.1659 0.9079
vn 0.2979 -0.0548 0.9530
vn 0.3202 0.0432 0.9464
vn -0.3590 -0.0307 0.9328
vn -0.2979 -0.0548 0.9530
vn -0.3850 -0.1659 0.9079
vn -0.4200 -0.1180 0.8998
vn -0.3639 -0.0125 0.9314
vn -0.3202 0.0432 0.9464
vn 0.3208 0.0114 0.9471
vn 0.2887 0.1594 0.9441
vn 0.4169 -0.1593 0.8949
vn 0.4983 -0.0206 0.8668
vn 0.4325 0.1209 0.8935
vn 0.3721 0.3071 0.8759
vn -0.3208 0.0114 0.9471
vn -0.4325 0.1209 0.8935
vn -0.4983 -0.0206 0.8668
vn -0.4169 -0.1593 0.8949
vn -0.2887 0.1594 0.9441
vn -0.3721 0.3071 0.8759
vn 0.4077 0.1724 0.8967
vn 0.3690 0.3540 0.8594
vn 0.4468 -0.0195 0.8944
vn -0.4077 0.1724 0.8967
vn -0.4468 -0.0194 0.8944
vn -0.3690 0.3540 0.8594
vn 0.4319 -0.0781 0.8986
vn 0.3916 -0.1134 0.9131
vn -0.4319 -0.0781 0.8986
vn -0.3916 -0.1134 0.9131
vn 0.3109 -0.1127 0.9437
vn 0.2100 -0.1003 0.9726
vn -0.3109 -0.1127 0.9437
vn -0.2100 -0.1003 0.9726
vn 0.2076 -0.0118 0.9781
vn -0.2076 -0.0118 0.9781
vn -0.0846 0.5534 0.8286
vn 0.1694 0.4699 0.8663
vn 0.0846 0.5534 0.8286
vn -0.1694 0.4699 0.8663
vn 0.5135 0.1318 0.8479
vn 0.5214 -0.0356 0.8525
vn -0.5135 0.1318 0.8479
vn -0.5214 -0.0356 0.8525
vn 0.4557 -0.1230 0.8816
vn 0.4359 -0.1729 0.8832
vn -0.4557 -0.1230 0.8816
vn -0.4359 -0.1729 0.8832
vn 0.4848 -0.1401 0.8633
vn 0.5253 0.0030 0.8509
vn -0.4848 -0.1401 0.8633
vn -0.5253 0.0030 0.8509
vn 0.4908 0.2024 0.8474
vn 0.4219 0.3367 0.8418
vn -0.4908 0.2024 0.8474
vn -0.4219 0.3367 0.8418
vn 0.3953 0.3512 0.8488
vn -0.3953 0.3512 0.8488
vn -0.0223 -0.9353 -0.3530
vn 0.1131 -0.9056 -0.4088
vn -0.1314 -0.9435 -0.3043
vn -0.1907 -0.5335 -0.8240
vn -0.3364 -0.4418 -0.8316
vn -0.2270 -0.4150 -0.8810
vn 0.0223 -0.9353 -0.3530
vn 0.3364 -0.4418 -0.8316
vn 0.1907 -0.5335 -0.8240
vn 0.1314 -0.9435 -0.3043
vn -0.1131 -0.9056 -0.4088
vn 0.2270 -0.4150 -0.8810
vn 0.4291 -0.8300 -0.3564
vn 0.7395 -0.6510 -0.1711
vn 0.0251 -0.4003 -0.9160
vn 0.4243 -0.3742 -0.8246
vn -0.4291 -0.8300 -0.3564
vn -0.0252 -0.4003 -0.9160
vn -0.7395 -0.6510 -0.1711
vn -0.4243 -0.3742 -0.8246
vn 0.9468 -0.2978 0.1223
vn 0.9883 0.1422 0.0544
vn 0.8271 -0.1848 -0.5308
vn 0.9146 0.1011 -0.3915
vn -0.9468 -0.2978 0.1223
vn -0.8271 -0.1848 -0.5308
vn -0.9883 0.1422 0.0544
vn -0.9146 0.1011 -0.3915
vn 0.8018 0.5744 -0.1649
vn 0.2892 0.8451 -0.4496
vn 0.6725 0.3509 -0.6516
vn 0.1012 0.4163 -0.9036
vn -0.8018 0.5744 -0.1649
vn -0.6725 0.3509 -0.6516
vn -0.2892 0.8451 -0.4496
vn -0.1012 0.4163 -0.9036
vn -0.1879 0.8587 -0.4767
vn -0.4075 0.8080 -0.4256
vn -0.2786 0.3364 -0.8996
vn -0.4417 0.3197 -0.8383
vn 0.1879 0.8587 -0.4767
vn 0.2786 0.3364 -0.8996
vn 0.4075 0.8080 -0.4256
vn 0.4417 0.3197 -0.8383
vn -0.5076 0.7901 -0.3437
vn -0.6172 0.7547 -0.2224
vn -0.5029 0.3383 -0.7954
vn -0.4516 0.4239 -0.7850
vn 0.5076 0.7901 -0.3437
vn 0.5029 0.3383 -0.7954
vn 0.6173 0.7547 -0.2224
vn 0.4516 0.4239 -0.7850
vn -0.4312 -0.0219 -0.9020
vn -0.3670 -0.0156 -0.9301
vn -0.1068 -0.0854 -0.9906
vn 0.4312 -0.0219 -0.9020
vn 0.1068 -0.0854 -0.9906
vn 0.3670 -0.0156 -0.9301
vn -0.2102 -0.0251 -0.9773
vn -0.0355 -0.0273 -0.9990
vn 0.2102 -0.0251 -0.9773
vn 0.0355 -0.0273 -0.9990
vn 0.4719 0.0492 -0.8803
vn -0.4719 0.0492 -0.8803
vn -0.3854 0.8700 -0.3075
vn 0.3059 0.2827 -0.9092
vn 0.3854 0.8700 -0.3075
vn -0.3059 0.2827 -0.9092
vn 0.3646 -0.2081 -0.9076
vn 0.0998 -0.5917 -0.7999
vn -0.3646 -0.2081 -0.9076
vn -0.0998 -0.5917 -0.7999
vn -0.0937 -0.9171 -0.3876
vn 0.0937 -0.9171 -0.3876
s 1
usemtl None
f 1 504 1552
f 1 1552 501
f 1 501 1506
f 1 1506 502
f 1 502 1508
f 1 1508 503
f 1 503 1550
f 1 1550 504
f 2 508 1509
f 2 1509 505
f 2 505 1507
f 2 1507 506
f 2 506 1553
f 2 1553 507
f 2 507 1551
f 2 1551 508
f 3 511 1550
f 3 1550 503
f 3 503 1508
f 3 1508 509
f 3 509 1510
f 3 1510 510
f 3 510 1548
f 3 1548 511
f 4 514 1511
f 4 1511 512
f 4 512 1509
f 4 1509 508
f 4 508 1551
f 4 1551 513
f 4 513 1549
f 4 1549 514
f 5 509 1508
f 5 1508 515
f 5 515 1514
f 5 1514 516
f 5 516 1512
f 5 1512 517
f 5 517 1510
f 5 1510 509
f 6 520 1513
f 6 1513 518
f 6 518 1515
f 6 1515 519
f 6 519 1509
f 6 1509 512
f 6 512 1511
f 6 1511 520
f 7 502 1506
f 7 1506 521
f 7 521 1516
f 7 1516 522
f 7 522 1514
f 7 1514 515
f 7 515 1508
f 7 1508 502
f 8 519 1515
f 8 1515 523
f 8 523 1517
f 8 1517 524
f 8 524 1507
f 8 1507 505
f 8 505 1509
f 8 1509 519
f 9 522 1516
f 9 1516 525
f 9 525 1518
f 9 1518 526
f 9 526 1520
f 9 1520 527
f 9 527 1514
f 9 1514 522
f 10 530 1521
f 10 1521 528
f 10 528 1519
f 10 1519 529
f 10 529 1517
f 10 1517 523
f 10 523 1515
f 10 1515 530
f 11 516 1514
f 11 1514 527
f 11 527 1520
f 11 1520 531
f 11 531 1522
f 11 1522 532
f 11 532 1512
f 11 1512 516
f 12 534 1523
f 12 1523 533
f 12 533 1521
f 12 1521 530
f 12 530 1515
f 12 1515 518
f 12 518 1513
f 12 1513 534
f 13 531 1520
f 13 1520 535
f 13 535 1526
f 13 1526 536
f 13 536 1524
f 13 1524 537
f 13 537 1522
f 13 1522 531
f 14 540 1525
f 14 1525 538
f 14 538 1527
f 14 1527 539
f 14 539 1521
f 14 1521 533
f 14 533 1523
f 14 1523 540
f 15 526 1518
f 15 1518 541
f 15 541 1528
f 15 1528 542
f 15 542 1526
f 15 1526 535
f 15 535 1520
f 15 1520 526
f 16 539 1527
f 16 1527 543
f 16 543 1529
f 16 1529 544
f 16 544 1519
f 16 1519 528
f 16 528 1521
f 16 1521 539
f 17 542 1528
f 17 1528 545
f 17 545 1530
f 17 1530 546
f 17 546 1532
f 17 1532 547
f 17 547 1526
f 17 1526 542
f 18 550 1533
f 18 1533 548
f 18 548 1531
f 18 1531 549
f 18 549 1529
f 18 1529 543
f 18 543 1527
f 18 1527 550
f 19 536 1526
f 19 1526 547
f 19 547 1532
f 19 1532 551
f 19 551 1534
f 19 1534 552
f 19 552 1524
f 19 1524 536
f 20 554 1535
f 20 1535 553
f 20 553 1533
f 20 1533 550
f 20 550 1527
f 20 1527 538
f 20 538 1525
f 20 1525 554
f 21 551 1532
f 21 1532 555
f 21 555 1538
f 21 1538 556
f 21 556 1536
f 21 1536 557
f 21 557 1534
f 21 1534 551
f 22 560 1537
f 22 1537 558
f 22 558 1539
f 22 1539 559
f 22 559 1533
f 22 1533 553
f 22 553 1535
f 22 1535 560
f 23 546 1530
f 23 1530 561
f 23 561 1540
f 23 1540 562
f 23 562 1538
f 23 1538 555
f 23 555 1532
f 23 1532 546
f 24 559 1539
f 24 1539 563
f 24 563 1541
f 24 1541 564
f 24 564 1531
f 24 1531 548
f 24 548 1533
f 24 1533 559
f 25 562 1540
f 25 1540 565
f 25 565 1542
f 25 1542 566
f 25 566 1544
f 25 1544 567
f 25 567 1538
f 25 1538 562
f 26 570 1545
f 26 1545 568
f 26 568 1543
f 26 1543 569
f 26 569 1541
f 26 1541 563
f 26 563 1539
f 26 1539 570
f 27 556 1538
f 27 1538 567
f 27 567 1544
f 27 1544 571
f 27 571 1546
f 27 1546 572
f 27 572 1536
f 27 1536 556
f 28 574 1547
f 28 1547 573
f 28 573 1545
f 28 1545 570
f 28 570 1539
f 28 1539 558
f 28 558 1537
f 28 1537 574
f 29 571 1544
f 29 1544 575
f 29 575 1550
f 29 1550 511
f 29 511 1548
f 29 1548 576
f 29 576 1546
f 29 1546 571
f 30 578 1549
f 30 1549 513
f 30 513 1551
f 30 1551 577
f 30 577 1545
f 30 1545 573
f 30 573 1547
f 30 1547 578
f 31 566 1542
f 31 1542 579
f 31 579 1552
f 31 1552 504
f 31 504 1550
f 31 1550 575
f 31 575 1544
f 31 1544 566
f 32 577 1551
f 32 1551 507
f 32 507 1553
f 32 1553 580
f 32 580 1543
f 32 1543 568
f 32 568 1545
f 32 1545 577
f 33 583 1552
f 33 1552 579
f 33 579 1542
f 33 1542 581
f 33 581 1556
f 33 1556 582
f 33 582 1554
f 33 1554 583
f 34 586 1557
f 34 1557 584
f 34 584 1543
f 34 1543 580
f 34 580 1553
f 34 1553 585
f 34 585 1555
f 34 1555 586
f 35 581 1542
f 35 1542 565
f 35 565 1540
f 35 1540 587
f 35 587 1558
f 35 1558 588
f 35 588 1556
f 35 1556 581
f 36 590 1559
f 36 1559 589
f 36 589 1541
f 36 1541 569
f 36 569 1543
f 36 1543 584
f 36 584 1557
f 36 1557 590
f 37 587 1540
f 37 1540 561
f 37 561 1530
f 37 1530 591
f 37 591 1560
f 37 1560 592
f 37 592 1558
f 37 1558 587
f 38 594 1561
f 38 1561 593
f 38 593 1531
f 38 1531 564
f 38 564 1541
f 38 1541 589
f 38 589 1559
f 38 1559 594
f 39 591 1530
f 39 1530 545
f 39 545 1528
f 39 1528 595
f 39 595 1562
f 39 1562 596
f 39 596 1560
f 39 1560 591
f 40 598 1563
f 40 1563 597
f 40 597 1529
f 40 1529 549
f 40 549 1531
f 40 1531 593
f 40 593 1561
f 40 1561 598
f 41 595 1528
f 41 1528 541
f 41 541 1518
f 41 1518 599
f 41 599 1564
f 41 1564 600
f 41 600 1562
f 41 1562 595
f 42 602 1565
f 42 1565 601
f 42 601 1519
f 42 1519 544
f 42 544 1529
f 42 1529 597
f 42 597 1563
f 42 1563 602
f 43 599 1518
f 43 1518 525
f 43 525 1516
f 43 1516 603
f 43 603 1568
f 43 1568 604
f 43 604 1564
f 43 1564 599
f 44 606 1569
f 44 1569 605
f 44 605 1517
f 44 1517 529
f 44 529 1519
f 44 1519 601
f 44 601 1565
f 44 1565 606
f 45 603 1516
f 45 1516 521
f 45 521 1506
f 45 1506 607
f 45 607 1570
f 45 1570 608
f 45 608 1568
f 45 1568 603
f 46 610 1571
f 46 1571 609
f 46 609 1507
f 46 1507 524
f 46 524 1517
f 46 1517 605
f 46 605 1569
f 46 1569 610
f 47 607 1506
f 47 1506 501
f 47 501 1552
f 47 1552 583
f 47 583 1554
f 47 1554 611
f 47 611 1570
f 47 1570 607
f 48 612 1555
f 48 1555 585
f 48 585 1553
f 48 1553 506
f 48 506 1507
f 48 1507 609
f 48 609 1571
f 48 1571 612
f 49 614 1566
f 49 1566 613
f 49 613 1570
f 49 1570 611
f 49 611 1554
f 49 1554 614
f 50 616 1555
f 50 1555 612
f 50 612 1571
f 50 1571 615
f 50 615 1567
f 50 1567 616
f 51 617 1568
f 51 1568 608
f 51 608 1570
f 51 1570 613
f 51 613 1566
f 51 1566 617
f 52 618 1567
f 52 1567 615
f 52 615 1571
f 52 1571 610
f 52 610 1569
f 52 1569 618
f 53 617 1566
f 53 1566 619
f 53 619 1564
f 53 1564 604
f 53 604 1568
f 53 1568 617
f 54 618 1569
f 54 1569 606
f 54 606 1565
f 54 1565 620
f 54 620 1567
f 54 1567 618
f 55 619 1566
f 55 1566 621
f 55 621 1562
f 55 1562 600
f 55 600 1564
f 55 1564 619
f 56 620 1565
f 56 1565 602
f 56 602 1563
f 56 1563 622
f 56 622 1567
f 56 1567 620
f 57 621 1566
f 57 1566 623
f 57 623 1560
f 57 1560 596
f 57 596 1562
f 57 1562 621
f 58 622 1563
f 58 1563 598
f 58 598 1561
f 58 1561 624
f 58 624 1567
f 58 1567 622
f 59 623 1566
f 59 1566 625
f 59 625 1558
f 59 1558 592
f 59 592 1560
f 59 1560 623
f 60 624 1561
f 60 1561 594
f 60 594 1559
f 60 1559 626
f 60 626 1567
f 60 1567 624
f 61 625 1566
f 61 1566 627
f 61 627 1556
f 61 1556 588
f 61 588 1558
f 61 1558 625
f 62 626 1559
f 62 1559 590
f 62 590 1557
f 62 1557 628
f 62 628 1567
f 62 1567 626
f 63 627 1566
f 63 1566 614
f 63 614 1554
f 63 1554 582
f 63 582 1556
f 63 1556 627
f 64 628 1557
f 64 1557 586
f 64 586 1555
f 64 1555 616
f 64 616 1567
f 64 1567 628
f 65 632 1594
f 65 1594 629
f 65 629 1679
f 65 1679 630
f 65 630 1681
f 65 1681 631
f 65 631 1596
f 65 1596 632
f 66 631 1681
f 66 1681 633
f 66 633 1680
f 66 1680 634
f 66 634 1595
f 66 1595 635
f 66 635 1596
f 66 1596 631
f 67 638 1592
f 67 1592 636
f 67 636 1677
f 67 1677 637
f 67 637 1679
f 67 1679 629
f 67 629 1594
f 67 1594 638
f 68 634 1680
f 68 1680 639
f 68 639 1678
f 68 1678 640
f 68 640 1593
f 68 1593 641
f 68 641 1595
f 68 1595 634
f 69 644 1590
f 69 1590 642
f 69 642 1675
f 69 1675 643
f 69 643 1677
f 69 1677 636
f 69 636 1592
f 69 1592 644
f 70 640 1678
f 70 1678 645
f 70 645 1676
f 70 1676 646
f 70 646 1591
f 70 1591 647
f 70 647 1593
f 70 1593 640
f 71 650 1588
f 71 1588 648
f 71 648 1673
f 71 1673 649
f 71 649 1675
f 71 1675 642
f 71 642 1590
f 71 1590 650
f 72 646 1676
f 72 1676 651
f 72 651 1674
f 72 1674 652
f 72 652 1589
f 72 1589 653
f 72 653 1591
f 72 1591 646
f 73 656 1586
f 73 1586 654
f 73 654 1671
f 73 1671 655
f 73 655 1673
f 73 1673 648
f 73 648 1588
f 73 1588 656
f 74 652 1674
f 74 1674 657
f 74 657 1672
f 74 1672 658
f 74 658 1587
f 74 1587 659
f 74 659 1589
f 74 1589 652
f 75 663 1584
f 75 1584 660
f 75 660 1597
f 75 1597 661
f 75 661 1651
f 75 1651 662
f 75 662 1669
f 75 1669 663
f 76 667 1652
f 76 1652 664
f 76 664 1598
f 76 1598 665
f 76 665 1585
f 76 1585 666
f 76 666 1670
f 76 1670 667
f 77 661 1597
f 77 1597 668
f 77 668 1599
f 77 1599 669
f 77 669 1653
f 77 1653 670
f 77 670 1651
f 77 1651 661
f 78 673 1654
f 78 1654 671
f 78 671 1600
f 78 1600 672
f 78 672 1598
f 78 1598 664
f 78 664 1652
f 78 1652 673
f 79 669 1599
f 79 1599 674
f 79 674 1601
f 79 1601 675
f 79 675 1655
f 79 1655 676
f 79 676 1653
f 79 1653 669
f 80 679 1656
f 80 1656 677
f 80 677 1602
f 80 1602 678
f 80 678 1600
f 80 1600 671
f 80 671 1654
f 80 1654 679
f 81 675 1601
f 81 1601 680
f 81 680 1603
f 81 1603 681
f 81 681 1657
f 81 1657 682
f 81 682 1655
f 81 1655 675
f 82 685 1658
f 82 1658 683
f 82 683 1604
f 82 1604 684
f 82 684 1602
f 82 1602 677
f 82 677 1656
f 82 1656 685
f 83 681 1603
f 83 1603 686
f 83 686 1605
f 83 1605 687
f 83 687 1659
f 83 1659 688
f 83 688 1657
f 83 1657 681
f 84 691 1660
f 84 1660 689
f 84 689 1606
f 84 1606 690
f 84 690 1604
f 84 1604 683
f 84 683 1658
f 84 1658 691
f 85 687 1605
f 85 1605 692
f 85 692 1607
f 85 1607 693
f 85 693 1661
f 85 1661 694
f 85 694 1659
f 85 1659 687
f 86 697 1662
f 86 1662 695
f 86 695 1608
f 86 1608 696
f 86 696 1606
f 86 1606 689
f 86 689 1660
f 86 1660 697
f 87 693 1607
f 87 1607 698
f 87 698 1609
f 87 1609 699
f 87 699 1663
f 87 1663 700
f 87 700 1661
f 87 1661 693
f 88 703 1664
f 88 1664 701
f 88 701 1610
f 88 1610 702
f 88 702 1608
f 88 1608 695
f 88 695 1662
f 88 1662 703
f 89 699 1609
f 89 1609 704
f 89 704 1611
f 89 1611 705
f 89 705 1665
f 89 1665 706
f 89 706 1663
f 89 1663 699
f 90 709 1666
f 90 1666 707
f 90 707 1612
f 90 1612 708
f 90 708 1610
f 90 1610 701
f 90 701 1664
f 90 1664 709
f 91 705 1611
f 91 1611 710
f 91 710 1613
f 91 1613 711
f 91 711 1667
f 91 1667 712
f 91 712 1665
f 91 1665 705
f 92 715 1668
f 92 1668 713
f 92 713 1614
f 92 1614 714
f 92 714 1612
f 92 1612 707
f 92 707 1666
f 92 1666 715
f 93 711 1613
f 93 1613 716
f 93 716 1572
f 93 1572 717
f 93 717 1573
f 93 1573 718
f 93 718 1667
f 93 1667 711
f 94 720 1573
f 94 1573 717
f 94 717 1572
f 94 1572 719
f 94 719 1614
f 94 1614 713
f 94 713 1668
f 94 1668 720
f 95 723 1615
f 95 1615 721
f 95 721 1633
f 95 1633 722
f 95 722 1665
f 95 1665 712
f 95 712 1667
f 95 1667 723
f 96 715 1666
f 96 1666 724
f 96 724 1634
f 96 1634 725
f 96 725 1616
f 96 1616 726
f 96 726 1668
f 96 1668 715
f 97 722 1633
f 97 1633 727
f 97 727 1684
f 97 1684 728
f 97 728 1663
f 97 1663 706
f 97 706 1665
f 97 1665 722
f 98 709 1664
f 98 1664 729
f 98 729 1685
f 98 1685 730
f 98 730 1634
f 98 1634 724
f 98 724 1666
f 98 1666 709
f 99 732 1631
f 99 1631 731
f 99 731 1661
f 99 1661 700
f 99 700 1663
f 99 1663 728
f 99 728 1684
f 99 1684 732
f 100 729 1664
f 100 1664 703
f 100 703 1662
f 100 1662 733
f 100 733 1632
f 100 1632 734
f 100 734 1685
f 100 1685 729
f 101 736 1629
f 101 1629 735
f 101 735 1659
f 101 1659 694
f 101 694 1661
f 101 1661 731
f 101 731 1631
f 101 1631 736
f 102 733 1662
f 102 1662 697
f 102 697 1660
f 102 1660 737
f 102 737 1630
f 102 1630 738
f 102 738 1632
f 102 1632 733
f 103 740 1627
f 103 1627 739
f 103 739 1657
f 103 1657 688
f 103 688 1659
f 103 1659 735
f 103 735 1629
f 103 1629 740
f 104 737 1660
f 104 1660 691
f 104 691 1658
f 104 1658 741
f 104 741 1628
f 104 1628 742
f 104 742 1630
f 104 1630 737
f 105 744 1625
f 105 1625 743
f 105 743 1655
f 105 1655 682
f 105 682 1657
f 105 1657 739
f 105 739 1627
f 105 1627 744
f 106 741 1658
f 106 1658 685
f 106 685 1656
f 106 1656 745
f 106 745 1626
f 106 1626 746
f 106 746 1628
f 106 1628 741
f 107 748 1623
f 107 1623 747
f 107 747 1653
f 107 1653 676
f 107 676 1655
f 107 1655 743
f 107 743 1625
f 107 1625 748
f 108 745 1656
f 108 1656 679
f 108 679 1654
f 108 1654 749
f 108 749 1624
f 108 1624 750
f 108 750 1626
f 108 1626 745
f 109 752 1621
f 109 1621 751
f 109 751 1651
f 109 1651 670
f 109 670 1653
f 109 1653 747
f 109 747 1623
f 109 1623 752
f 110 749 1654
f 110 1654 673
f 110 673 1652
f 110 1652 753
f 110 753 1622
f 110 1622 754
f 110 754 1624
f 110 1624 749
f 111 756 1619
f 111 1619 755
f 111 755 1669
f 111 1669 662
f 111 662 1651
f 111 1651 751
f 111 751 1621
f 111 1621 756
f 112 753 1652
f 112 1652 667
f 112 667 1670
f 112 1670 757
f 112 757 1620
f 112 1620 758
f 112 758 1622
f 112 1622 753
f 113 755 1619
f 113 1619 759
f 113 759 1686
f 113 1686 760
f 113 760 1682
f 113 1682 761
f 113 761 1669
f 113 1669 755
f 114 764 1682
f 114 1682 762
f 114 762 1687
f 114 1687 763
f 114 763 1620
f 114 1620 757
f 114 757 1670
f 114 1670 764
f 115 766 1615
f 115 1615 723
f 115 723 1667
f 115 1667 718
f 115 718 1573
f 115 1573 765
f 115 765 1617
f 115 1617 766
f 116 768 1573
f 116 1573 720
f 116 720 1668
f 116 1668 726
f 116 726 1616
f 116 1616 767
f 116 767 1618
f 116 1618 768
f 117 771 1617
f 117 1617 765
f 117 765 1573
f 117 1573 769
f 117 769 1683
f 117 1683 770
f 117 770 1688
f 117 1688 771
f 118 773 1683
f 118 1683 769
f 118 769 1573
f 118 1573 768
f 118 768 1618
f 118 1618 772
f 118 772 1689
f 118 1689 773
f 119 775 1682
f 119 1682 760
f 119 760 1686
f 119 1686 774
f 119 774 1688
f 119 1688 770
f 119 770 1683
f 119 1683 775
f 120 773 1689
f 120 1689 776
f 120 776 1687
f 120 1687 762
f 120 762 1682
f 120 1682 775
f 120 775 1683
f 120 1683 773
f 121 779 1640
f 121 1640 777
f 121 777 1642
f 121 1642 778
f 121 778 1681
f 121 1681 630
f 121 630 1679
f 121 1679 779
f 122 633 1681
f 122 1681 778
f 122 778 1642
f 122 1642 780
f 122 780 1641
f 122 1641 781
f 122 781 1680
f 122 1680 633
f 123 783 1638
f 123 1638 782
f 123 782 1640
f 123 1640 779
f 123 779 1679
f 123 1679 637
f 123 637 1677
f 123 1677 783
f 124 639 1680
f 124 1680 781
f 124 781 1641
f 124 1641 784
f 124 784 1639
f 124 1639 785
f 124 785 1678
f 124 1678 639
f 125 787 1636
f 125 1636 786
f 125 786 1638
f 125 1638 783
f 125 783 1677
f 125 1677 643
f 125 643 1675
f 125 1675 787
f 126 645 1678
f 126 1678 785
f 126 785 1639
f 126 1639 788
f 126 788 1637
f 126 1637 789
f 126 789 1676
f 126 1676 645
f 127 655 1671
f 127 1671 790
f 127 790 1692
f 127 1692 791
f 127 791 1690
f 127 1690 792
f 127 792 1673
f 127 1673 655
f 128 795 1691
f 128 1691 793
f 128 793 1693
f 128 1693 794
f 128 794 1672
f 128 1672 657
f 128 657 1674
f 128 1674 795
f 129 796 1636
f 129 1636 787
f 129 787 1675
f 129 1675 649
f 129 649 1673
f 129 1673 792
f 129 792 1690
f 129 1690 796
f 130 795 1674
f 130 1674 651
f 130 651 1676
f 130 1676 789
f 130 789 1637
f 130 1637 797
f 130 797 1691
f 130 1691 795
f 131 801 1649
f 131 1649 798
f 131 798 1695
f 131 1695 799
f 131 799 1694
f 131 1694 800
f 131 800 1692
f 131 1692 801
f 132 804 1694
f 132 1694 799
f 132 799 1695
f 132 1695 802
f 132 802 1650
f 132 1650 803
f 132 803 1693
f 132 1693 804
f 133 806 1690
f 133 1690 791
f 133 791 1692
f 133 1692 800
f 133 800 1694
f 133 1694 805
f 133 805 1574
f 133 1574 806
f 134 805 1694
f 134 1694 804
f 134 804 1693
f 134 1693 793
f 134 793 1691
f 134 1691 807
f 134 807 1574
f 134 1574 805
f 135 809 1635
f 135 1635 808
f 135 808 1636
f 135 1636 796
f 135 796 1690
f 135 1690 806
f 135 806 1574
f 135 1574 809
f 136 807 1691
f 136 1691 797
f 136 797 1637
f 136 1637 810
f 136 810 1635
f 136 1635 809
f 136 809 1574
f 136 1574 807
f 137 814 1647
f 137 1647 811
f 137 811 1698
f 137 1698 812
f 137 812 1696
f 137 1696 813
f 137 813 1649
f 137 1649 814
f 138 818 1697
f 138 1697 815
f 138 815 1699
f 138 1699 816
f 138 816 1648
f 138 1648 817
f 138 817 1650
f 138 1650 818
f 139 821 1645
f 139 1645 819
f 139 819 1700
f 139 1700 820
f 139 820 1698
f 139 1698 811
f 139 811 1647
f 139 1647 821
f 140 816 1699
f 140 1699 822
f 140 822 1701
f 140 1701 823
f 140 823 1646
f 140 1646 824
f 140 824 1648
f 140 1648 816
f 141 827 1644
f 141 1644 825
f 141 825 1702
f 141 1702 826
f 141 826 1700
f 141 1700 819
f 141 819 1645
f 141 1645 827
f 142 823 1701
f 142 1701 828
f 142 828 1703
f 142 1703 829
f 142 829 1644
f 142 1644 830
f 142 830 1646
f 142 1646 823
f 143 833 1643
f 143 1643 831
f 143 831 1576
f 143 1576 832
f 143 832 1702
f 143 1702 825
f 143 825 1644
f 143 1644 833
f 144 829 1703
f 144 1703 834
f 144 834 1576
f 144 1576 831
f 144 831 1643
f 144 1643 833
f 144 833 1644
f 144 1644 829
f 145 836 1695
f 145 1695 798
f 145 798 1649
f 145 1649 813
f 145 813 1696
f 145 1696 835
f 145 835 1575
f 145 1575 836
f 146 837 1697
f 146 1697 818
f 146 818 1650
f 146 1650 802
f 146 802 1695
f 146 1695 836
f 146 836 1575
f 146 1575 837
f 147 840 1575
f 147 1575 835
f 147 835 1696
f 147 1696 838
f 147 838 1711
f 147 1711 839
f 147 839 1713
f 147 1713 840
f 148 842 1712
f 148 1712 841
f 148 841 1697
f 148 1697 837
f 148 837 1575
f 148 1575 840
f 148 840 1713
f 148 1713 842
f 149 832 1576
f 149 1576 843
f 149 843 1704
f 149 1704 844
f 149 844 1705
f 149 1705 845
f 149 845 1702
f 149 1702 832
f 150 847 1706
f 150 1706 846
f 150 846 1704
f 150 1704 843
f 150 843 1576
f 150 1576 834
f 150 834 1703
f 150 1703 847
f 151 826 1702
f 151 1702 845
f 151 845 1705
f 151 1705 848
f 151 848 1707
f 151 1707 849
f 151 849 1700
f 151 1700 826
f 152 851 1708
f 152 1708 850
f 152 850 1706
f 152 1706 847
f 152 847 1703
f 152 1703 828
f 152 828 1701
f 152 1701 851
f 153 820 1700
f 153 1700 849
f 153 849 1707
f 153 1707 852
f 153 852 1709
f 153 1709 853
f 153 853 1698
f 153 1698 820
f 154 855 1710
f 154 1710 854
f 154 854 1708
f 154 1708 851
f 154 851 1701
f 154 1701 822
f 154 822 1699
f 154 1699 855
f 155 812 1698
f 155 1698 853
f 155 853 1709
f 155 1709 856
f 155 856 1711
f 155 1711 838
f 155 838 1696
f 155 1696 812
f 156 841 1712
f 156 1712 857
f 156 857 1710
f 156 1710 855
f 156 855 1699
f 156 1699 815
f 156 815 1697
f 156 1697 841
f 157 844 1704
f 157 1704 858
f 157 858 1709
f 157 1709 852
f 157 852 1707
f 157 1707 848
f 157 848 1705
f 157 1705 844
f 158 850 1708
f 158 1708 854
f 158 854 1710
f 158 1710 859
f 158 859 1704
f 158 1704 846
f 158 846 1706
f 158 1706 850
f 159 858 1704
f 159 1704 860
f 159 860 1713
f 159 1713 839
f 159 839 1711
f 159 1711 856
f 159 856 1709
f 159 1709 858
f 160 857 1712
f 160 1712 842
f 160 842 1713
f 160 1713 860
f 160 860 1704
f 160 1704 859
f 160 859 1710
f 160 1710 857
f 161 862 1644
f 161 1644 827
f 161 827 1645
f 161 1645 861
f 161 861 1669
f 161 1669 761
f 161 761 1682
f 161 1682 862
f 162 764 1670
f 162 1670 863
f 162 863 1646
f 162 1646 830
f 162 830 1644
f 162 1644 862
f 162 862 1682
f 162 1682 764
f 163 861 1645
f 163 1645 821
f 163 821 1647
f 163 1647 864
f 163 864 1716
f 163 1716 865
f 163 865 1669
f 163 1669 861
f 164 867 1717
f 164 1717 866
f 164 866 1648
f 164 1648 824
f 164 824 1646
f 164 1646 863
f 164 863 1670
f 164 1670 867
f 165 864 1647
f 165 1647 814
f 165 814 1649
f 165 1649 868
f 165 868 1718
f 165 1718 869
f 165 869 1716
f 165 1716 864
f 166 871 1719
f 166 1719 870
f 166 870 1650
f 166 1650 817
f 166 817 1648
f 166 1648 866
f 166 866 1717
f 166 1717 871
f 167 868 1649
f 167 1649 801
f 167 801 1692
f 167 1692 790
f 167 790 1671
f 167 1671 872
f 167 872 1718
f 167 1718 868
f 168 873 1672
f 168 1672 794
f 168 794 1693
f 168 1693 803
f 168 803 1650
f 168 1650 870
f 168 870 1719
f 168 1719 873
f 169 654 1586
f 169 1586 874
f 169 874 1714
f 169 1714 875
f 169 875 1718
f 169 1718 872
f 169 872 1671
f 169 1671 654
f 170 873 1719
f 170 1719 876
f 170 876 1715
f 170 1715 877
f 170 877 1587
f 170 1587 658
f 170 658 1672
f 170 1672 873
f 171 875 1714
f 171 1714 878
f 171 878 1720
f 171 1720 879
f 171 879 1716
f 171 1716 869
f 171 869 1718
f 171 1718 875
f 172 871 1717
f 172 1717 880
f 172 880 1721
f 172 1721 881
f 172 881 1715
f 172 1715 876
f 172 876 1719
f 172 1719 871
f 173 882 1584
f 173 1584 663
f 173 663 1669
f 173 1669 865
f 173 865 1716
f 173 1716 879
f 173 879 1720
f 173 1720 882
f 174 880 1717
f 174 1717 867
f 174 867 1670
f 174 1670 666
f 174 666 1585
f 174 1585 883
f 174 883 1721
f 174 1721 880
f 175 886 1636
f 175 1636 808
f 175 808 1635
f 175 1635 884
f 175 884 1577
f 175 1577 885
f 175 885 1727
f 175 1727 886
f 176 888 1577
f 176 1577 884
f 176 884 1635
f 176 1635 810
f 176 810 1637
f 176 1637 887
f 176 887 1728
f 176 1728 888
f 177 890 1638
f 177 1638 786
f 177 786 1636
f 177 1636 886
f 177 886 1727
f 177 1727 889
f 177 889 1725
f 177 1725 890
f 178 892 1728
f 178 1728 887
f 178 887 1637
f 178 1637 788
f 178 788 1639
f 178 1639 891
f 178 891 1726
f 178 1726 892
f 179 894 1640
f 179 1640 782
f 179 782 1638
f 179 1638 890
f 179 890 1725
f 179 1725 893
f 179 893 1723
f 179 1723 894
f 180 896 1726
f 180 1726 891
f 180 891 1639
f 180 1639 784
f 180 784 1641
f 180 1641 895
f 180 895 1724
f 180 1724 896
f 181 898 1642
f 181 1642 777
f 181 777 1640
f 181 1640 894
f 181 894 1723
f 181 1723 897
f 181 897 1722
f 181 1722 898
f 182 899 1724
f 182 1724 895
f 182 895 1641
f 182 1641 780
f 182 780 1642
f 182 1642 898
f 182 898 1722
f 182 1722 899
f 183 902 1722
f 183 1722 897
f 183 897 1723
f 183 1723 900
f 183 900 1734
f 183 1734 901
f 183 901 1736
f 183 1736 902
f 184 904 1735
f 184 1735 903
f 184 903 1724
f 184 1724 899
f 184 899 1722
f 184 1722 902
f 184 902 1736
f 184 1736 904
f 185 900 1723
f 185 1723 893
f 185 893 1725
f 185 1725 905
f 185 905 1732
f 185 1732 906
f 185 906 1734
f 185 1734 900
f 186 908 1733
f 186 1733 907
f 186 907 1726
f 186 1726 896
f 186 896 1724
f 186 1724 903
f 186 903 1735
f 186 1735 908
f 187 905 1725
f 187 1725 889
f 187 889 1727
f 187 1727 909
f 187 909 1730
f 187 1730 910
f 187 910 1732
f 187 1732 905
f 188 912 1731
f 188 1731 911
f 188 911 1728
f 188 1728 892
f 188 892 1726
f 188 1726 907
f 188 907 1733
f 188 1733 912
f 189 909 1727
f 189 1727 885
f 189 885 1577
f 189 1577 913
f 189 913 1729
f 189 1729 914
f 189 914 1730
f 189 1730 909
f 190 915 1729
f 190 1729 913
f 190 913 1577
f 190 1577 888
f 190 888 1728
f 190 1728 911
f 190 911 1731
f 190 1731 915
f 191 914 1729
f 191 1729 916
f 191 916 1736
f 191 1736 901
f 191 901 1734
f 191 1734 917
f 191 917 1730
f 191 1730 914
f 192 918 1735
f 192 1735 904
f 192 904 1736
f 192 1736 916
f 192 916 1729
f 192 1729 915
f 192 915 1731
f 192 1731 918
f 193 910 1730
f 193 1730 917
f 193 917 1734
f 193 1734 906
f 193 906 1732
f 193 1732 910
f 194 912 1733
f 194 1733 908
f 194 908 1735
f 194 1735 918
f 194 918 1731
f 194 1731 912
f 195 921 1688
f 195 1688 774
f 195 774 1686
f 195 1686 919
f 195 919 1739
f 195 1739 920
f 195 920 1737
f 195 1737 921
f 196 924 1740
f 196 1740 922
f 196 922 1687
f 196 1687 776
f 196 776 1689
f 196 1689 923
f 196 923 1738
f 196 1738 924
f 197 926 1617
f 197 1617 771
f 197 771 1688
f 197 1688 921
f 197 921 1737
f 197 1737 925
f 197 925 1759
f 197 1759 926
f 198 928 1738
f 198 1738 923
f 198 923 1689
f 198 1689 772
f 198 772 1618
f 198 1618 927
f 198 927 1760
f 198 1760 928
f 199 930 1615
f 199 1615 766
f 199 766 1617
f 199 1617 926
f 199 926 1759
f 199 1759 929
f 199 929 1761
f 199 1761 930
f 200 932 1760
f 200 1760 927
f 200 927 1618
f 200 1618 767
f 200 767 1616
f 200 1616 931
f 200 931 1762
f 200 1762 932
f 201 919 1686
f 201 1686 759
f 201 759 1619
f 201 1619 933
f 201 933 1757
f 201 1757 934
f 201 934 1739
f 201 1739 919
f 202 936 1758
f 202 1758 935
f 202 935 1620
f 202 1620 763
f 202 763 1687
f 202 1687 922
f 202 922 1740
f 202 1740 936
f 203 933 1619
f 203 1619 756
f 203 756 1621
f 203 1621 937
f 203 937 1755
f 203 1755 938
f 203 938 1757
f 203 1757 933
f 204 940 1756
f 204 1756 939
f 204 939 1622
f 204 1622 758
f 204 758 1620
f 204 1620 935
f 204 935 1758
f 204 1758 940
f 205 937 1621
f 205 1621 752
f 205 752 1623
f 205 1623 941
f 205 941 1753
f 205 1753 942
f 205 942 1755
f 205 1755 937
f 206 944 1754
f 206 1754 943
f 206 943 1624
f 206 1624 754
f 206 754 1622
f 206 1622 939
f 206 939 1756
f 206 1756 944
f 207 941 1623
f 207 1623 748
f 207 748 1625
f 207 1625 945
f 207 945 1751
f 207 1751 946
f 207 946 1753
f 207 1753 941
f 208 948 1752
f 208 1752 947
f 208 947 1626
f 208 1626 750
f 208 750 1624
f 208 1624 943
f 208 943 1754
f 208 1754 948
f 209 945 1625
f 209 1625 744
f 209 744 1627
f 209 1627 949
f 209 949 1749
f 209 1749 950
f 209 950 1751
f 209 1751 945
f 210 952 1750
f 210 1750 951
f 210 951 1628
f 210 1628 746
f 210 746 1626
f 210 1626 947
f 210 947 1752
f 210 1752 952
f 211 949 1627
f 211 1627 740
f 211 740 1629
f 211 1629 953
f 211 953 1747
f 211 1747 954
f 211 954 1749
f 211 1749 949
f 212 956 1748
f 212 1748 955
f 212 955 1630
f 212 1630 742
f 212 742 1628
f 212 1628 951
f 212 951 1750
f 212 1750 956
f 213 953 1629
f 213 1629 736
f 213 736 1631
f 213 1631 957
f 213 957 1745
f 213 1745 958
f 213 958 1747
f 213 1747 953
f 214 960 1746
f 214 1746 959
f 214 959 1632
f 214 1632 738
f 214 738 1630
f 214 1630 955
f 214 955 1748
f 214 1748 960
f 215 957 1631
f 215 1631 732
f 215 732 1684
f 215 1684 961
f 215 961 1741
f 215 1741 962
f 215 962 1745
f 215 1745 957
f 216 964 1742
f 216 1742 963
f 216 963 1685
f 216 1685 734
f 216 734 1632
f 216 1632 959
f 216 959 1746
f 216 1746 964
f 217 961 1684
f 217 1684 727
f 217 727 1633
f 217 1633 965
f 217 965 1743
f 217 1743 966
f 217 966 1741
f 217 1741 961
f 218 968 1744
f 218 1744 967
f 218 967 1634
f 218 1634 730
f 218 730 1685
f 218 1685 963
f 218 963 1742
f 218 1742 968
f 219 965 1633
f 219 1633 721
f 219 721 1615
f 219 1615 930
f 219 930 1761
f 219 1761 969
f 219 969 1743
f 219 1743 965
f 220 970 1762
f 220 1762 931
f 220 931 1616
f 220 1616 725
f 220 725 1634
f 220 1634 967
f 220 967 1744
f 220 1744 970
f 221 973 1743
f 221 1743 969
f 221 969 1761
f 221 1761 971
f 221 971 1763
f 221 1763 972
f 221 972 1781
f 221 1781 973
f 222 976 1764
f 222 1764 974
f 222 974 1762
f 222 1762 970
f 222 970 1744
f 222 1744 975
f 222 975 1782
f 222 1782 976
f 223 978 1741
f 223 1741 966
f 223 966 1743
f 223 1743 973
f 223 973 1781
f 223 1781 977
f 223 977 1783
f 223 1783 978
f 224 980 1782
f 224 1782 975
f 224 975 1744
f 224 1744 968
f 224 968 1742
f 224 1742 979
f 224 979 1784
f 224 1784 980
f 225 982 1745
f 225 1745 962
f 225 962 1741
f 225 1741 978
f 225 978 1783
f 225 1783 981
f 225 981 1779
f 225 1779 982
f 226 984 1784
f 226 1784 979
f 226 979 1742
f 226 1742 964
f 226 964 1746
f 226 1746 983
f 226 983 1780
f 226 1780 984
f 227 986 1747
f 227 1747 958
f 227 958 1745
f 227 1745 982
f 227 982 1779
f 227 1779 985
f 227 985 1777
f 227 1777 986
f 228 988 1780
f 228 1780 983
f 228 983 1746
f 228 1746 960
f 228 960 1748
f 228 1748 987
f 228 987 1778
f 228 1778 988
f 229 990 1749
f 229 1749 954
f 229 954 1747
f 229 1747 986
f 229 986 1777
f 229 1777 989
f 229 989 1775
f 229 1775 990
f 230 992 1778
f 230 1778 987
f 230 987 1748
f 230 1748 956
f 230 956 1750
f 230 1750 991
f 230 991 1776
f 230 1776 992
f 231 994 1751
f 231 1751 950
f 231 950 1749
f 231 1749 990
f 231 990 1775
f 231 1775 993
f 231 993 1773
f 231 1773 994
f 232 996 1776
f 232 1776 991
f 232 991 1750
f 232 1750 952
f 232 952 1752
f 232 1752 995
f 232 995 1774
f 232 1774 996
f 233 998 1753
f 233 1753 946
f 233 946 1751
f 233 1751 994
f 233 994 1773
f 233 1773 997
f 233 997 1771
f 233 1771 998
f 234 1000 1774
f 234 1774 995
f 234 995 1752
f 234 1752 948
f 234 948 1754
f 234 1754 999
f 234 999 1772
f 234 1772 1000
f 235 1002 1755
f 235 1755 942
f 235 942 1753
f 235 1753 998
f 235 998 1771
f 235 1771 1001
f 235 1001 1769
f 235 1769 1002
f 236 1004 1772
f 236 1772 999
f 236 999 1754
f 236 1754 944
f 236 944 1756
f 236 1756 1003
f 236 1003 1770
f 236 1770 1004
f 237 1006 1757
f 237 1757 938
f 237 938 1755
f 237 1755 1002
f 237 1002 1769
f 237 1769 1005
f 237 1005 1767
f 237 1767 1006
f 238 1008 1770
f 238 1770 1003
f 238 1003 1756
f 238 1756 940
f 238 940 1758
f 238 1758 1007
f 238 1007 1768
f 238 1768 1008
f 239 1010 1739
f 239 1739 934
f 239 934 1757
f 239 1757 1006
f 239 1006 1767
f 239 1767 1009
f 239 1009 1785
f 239 1785 1010
f 240 1012 1768
f 240 1768 1007
f 240 1007 1758
f 240 1758 936
f 240 936 1740
f 240 1740 1011
f 240 1011 1786
f 240 1786 1012
f 241 971 1761
f 241 1761 929
f 241 929 1759
f 241 1759 1013
f 241 1013 1765
f 241 1765 1014
f 241 1014 1763
f 241 1763 971
f 242 1016 1766
f 242 1766 1015
f 242 1015 1760
f 242 1760 932
f 242 932 1762
f 242 1762 974
f 242 974 1764
f 242 1764 1016
f 243 1013 1759
f 243 1759 925
f 243 925 1737
f 243 1737 1017
f 243 1017 1787
f 243 1787 1018
f 243 1018 1765
f 243 1765 1013
f 244 1020 1788
f 244 1788 1019
f 244 1019 1738
f 244 1738 928
f 244 928 1760
f 244 1760 1015
f 244 1015 1766
f 244 1766 1020
f 245 1017 1737
f 245 1737 920
f 245 920 1739
f 245 1739 1010
f 245 1010 1785
f 245 1785 1021
f 245 1021 1787
f 245 1787 1017
f 246 1022 1786
f 246 1786 1011
f 246 1011 1740
f 246 1740 924
f 246 924 1738
f 246 1738 1019
f 246 1019 1788
f 246 1788 1022
f 247 1025 1572
f 247 1572 716
f 247 716 1613
f 247 1613 1023
f 247 1023 1789
f 247 1789 1024
f 247 1024 1578
f 247 1578 1025
f 248 1027 1790
f 248 1790 1026
f 248 1026 1614
f 248 1614 719
f 248 719 1572
f 248 1572 1025
f 248 1025 1578
f 248 1578 1027
f 249 1023 1613
f 249 1613 710
f 249 710 1611
f 249 1611 1028
f 249 1028 1791
f 249 1791 1029
f 249 1029 1789
f 249 1789 1023
f 250 1031 1792
f 250 1792 1030
f 250 1030 1612
f 250 1612 714
f 250 714 1614
f 250 1614 1026
f 250 1026 1790
f 250 1790 1031
f 251 1028 1611
f 251 1611 704
f 251 704 1609
f 251 1609 1032
f 251 1032 1793
f 251 1793 1033
f 251 1033 1791
f 251 1791 1028
f 252 1035 1794
f 252 1794 1034
f 252 1034 1610
f 252 1610 708
f 252 708 1612
f 252 1612 1030
f 252 1030 1792
f 252 1792 1035
f 253 1032 1609
f 253 1609 698
f 253 698 1607
f 253 1607 1036
f 253 1036 1795
f 253 1795 1037
f 253 1037 1793
f 253 1793 1032
f 254 1039 1796
f 254 1796 1038
f 254 1038 1608
f 254 1608 702
f 254 702 1610
f 254 1610 1034
f 254 1034 1794
f 254 1794 1039
f 255 1036 1607
f 255 1607 692
f 255 692 1605
f 255 1605 1040
f 255 1040 1797
f 255 1797 1041
f 255 1041 1795
f 255 1795 1036
f 256 1043 1798
f 256 1798 1042
f 256 1042 1606
f 256 1606 696
f 256 696 1608
f 256 1608 1038
f 256 1038 1796
f 256 1796 1043
f 257 1040 1605
f 257 1605 686
f 257 686 1603
f 257 1603 1044
f 257 1044 1799
f 257 1799 1045
f 257 1045 1797
f 257 1797 1040
f 258 1047 1800
f 258 1800 1046
f 258 1046 1604
f 258 1604 690
f 258 690 1606
f 258 1606 1042
f 258 1042 1798
f 258 1798 1047
f 259 1044 1603
f 259 1603 680
f 259 680 1601
f 259 1601 1048
f 259 1048 1801
f 259 1801 1049
f 259 1049 1799
f 259 1799 1044
f 260 1051 1802
f 260 1802 1050
f 260 1050 1602
f 260 1602 684
f 260 684 1604
f 260 1604 1046
f 260 1046 1800
f 260 1800 1051
f 261 1048 1601
f 261 1601 674
f 261 674 1599
f 261 1599 1052
f 261 1052 1803
f 261 1803 1053
f 261 1053 1801
f 261 1801 1048
f 262 1055 1804
f 262 1804 1054
f 262 1054 1600
f 262 1600 678
f 262 678 1602
f 262 1602 1050
f 262 1050 1802
f 262 1802 1055
f 263 1052 1599
f 263 1599 668
f 263 668 1597
f 263 1597 1056
f 263 1056 1805
f 263 1805 1057
f 263 1057 1803
f 263 1803 1052
f 264 1059 1806
f 264 1806 1058
f 264 1058 1598
f 264 1598 672
f 264 672 1600
f 264 1600 1054
f 264 1054 1804
f 264 1804 1059
f 265 1063 1813
f 265 1813 1060
f 265 1060 1814
f 265 1814 1061
f 265 1061 1833
f 265 1833 1062
f 265 1062 1843
f 265 1843 1063
f 266 1066 1834
f 266 1834 1064
f 266 1064 1814
f 266 1814 1060
f 266 1060 1813
f 266 1813 1065
f 266 1065 1844
f 266 1844 1066
f 267 1069 1812
f 267 1812 1067
f 267 1067 1813
f 267 1813 1063
f 267 1063 1843
f 267 1843 1068
f 267 1068 1841
f 267 1841 1069
f 268 1071 1844
f 268 1844 1065
f 268 1065 1813
f 268 1813 1067
f 268 1067 1812
f 268 1812 1070
f 268 1070 1842
f 268 1842 1071
f 269 1074 1811
f 269 1811 1072
f 269 1072 1812
f 269 1812 1069
f 269 1069 1841
f 269 1841 1073
f 269 1073 1845
f 269 1845 1074
f 270 1076 1842
f 270 1842 1070
f 270 1070 1812
f 270 1812 1072
f 270 1072 1811
f 270 1811 1075
f 270 1075 1846
f 270 1846 1076
f 271 1078 1594
f 271 1594 632
f 271 632 1596
f 271 1596 1077
f 271 1077 1811
f 271 1811 1074
f 271 1074 1845
f 271 1845 1078
f 272 1075 1811
f 272 1811 1077
f 272 1077 1596
f 272 1596 635
f 272 635 1595
f 272 1595 1079
f 272 1079 1846
f 272 1846 1075
f 273 1081 1592
f 273 1592 638
f 273 638 1594
f 273 1594 1078
f 273 1078 1845
f 273 1845 1080
f 273 1080 1839
f 273 1839 1081
f 274 1083 1846
f 274 1846 1079
f 274 1079 1595
f 274 1595 641
f 274 641 1593
f 274 1593 1082
f 274 1082 1840
f 274 1840 1083
f 275 1085 1590
f 275 1590 644
f 275 644 1592
f 275 1592 1081
f 275 1081 1839
f 275 1839 1084
f 275 1084 1835
f 275 1835 1085
f 276 1087 1840
f 276 1840 1082
f 276 1082 1593
f 276 1593 647
f 276 647 1591
f 276 1591 1086
f 276 1086 1836
f 276 1836 1087
f 277 1089 1588
f 277 1588 650
f 277 650 1590
f 277 1590 1085
f 277 1085 1835
f 277 1835 1088
f 277 1088 1837
f 277 1837 1089
f 278 1091 1836
f 278 1836 1086
f 278 1086 1591
f 278 1591 653
f 278 653 1589
f 278 1589 1090
f 278 1090 1838
f 278 1838 1091
f 279 1088 1835
f 279 1835 1092
f 279 1092 1841
f 279 1841 1068
f 279 1068 1843
f 279 1843 1093
f 279 1093 1837
f 279 1837 1088
f 280 1095 1844
f 280 1844 1071
f 280 1071 1842
f 280 1842 1094
f 280 1094 1836
f 280 1836 1091
f 280 1091 1838
f 280 1838 1095
f 281 1092 1835
f 281 1835 1084
f 281 1084 1839
f 281 1839 1080
f 281 1080 1845
f 281 1845 1073
f 281 1073 1841
f 281 1841 1092
f 282 1076 1846
f 282 1846 1083
f 282 1083 1840
f 282 1840 1087
f 282 1087 1836
f 282 1836 1094
f 282 1094 1842
f 282 1842 1076
f 283 1097 1831
f 283 1831 1096
f 283 1096 1837
f 283 1837 1093
f 283 1093 1843
f 283 1843 1062
f 283 1062 1833
f 283 1833 1097
f 284 1066 1844
f 284 1844 1095
f 284 1095 1838
f 284 1838 1098
f 284 1098 1832
f 284 1832 1099
f 284 1099 1834
f 284 1834 1066
f 285 1100 1586
f 285 1586 656
f 285 656 1588
f 285 1588 1089
f 285 1089 1837
f 285 1837 1096
f 285 1096 1831
f 285 1831 1100
f 286 1098 1838
f 286 1838 1090
f 286 1090 1589
f 286 1589 659
f 286 659 1587
f 286 1587 1101
f 286 1101 1832
f 286 1832 1098
f 287 878 1714
f 287 1714 1102
f 287 1102 1847
f 287 1847 1103
f 287 1103 1849
f 287 1849 1104
f 287 1104 1720
f 287 1720 878
f 288 1107 1850
f 288 1850 1105
f 288 1105 1848
f 288 1848 1106
f 288 1106 1715
f 288 1715 881
f 288 881 1721
f 288 1721 1107
f 289 874 1586
f 289 1586 1100
f 289 1100 1831
f 289 1831 1108
f 289 1108 1847
f 289 1847 1102
f 289 1102 1714
f 289 1714 874
f 290 1106 1848
f 290 1848 1109
f 290 1109 1832
f 290 1832 1101
f 290 1101 1587
f 290 1587 877
f 290 877 1715
f 290 1715 1106
f 291 1111 1584
f 291 1584 882
f 291 882 1720
f 291 1720 1104
f 291 1104 1849
f 291 1849 1110
f 291 1110 1851
f 291 1851 1111
f 292 1113 1850
f 292 1850 1107
f 292 1107 1721
f 292 1721 883
f 292 883 1585
f 292 1585 1112
f 292 1112 1852
f 292 1852 1113
f 293 660 1584
f 293 1584 1111
f 293 1111 1851
f 293 1851 1114
f 293 1114 1805
f 293 1805 1056
f 293 1056 1597
f 293 1597 660
f 294 1058 1806
f 294 1806 1115
f 294 1115 1852
f 294 1852 1112
f 294 1112 1585
f 294 1585 665
f 294 665 1598
f 294 1598 1058
f 295 1119 1582
f 295 1582 1116
f 295 1116 1829
f 295 1829 1117
f 295 1117 1857
f 295 1857 1118
f 295 1118 1809
f 295 1809 1119
f 296 1122 1858
f 296 1858 1120
f 296 1120 1830
f 296 1830 1121
f 296 1121 1582
f 296 1582 1119
f 296 1119 1809
f 296 1809 1122
f 297 1125 1809
f 297 1809 1118
f 297 1118 1857
f 297 1857 1123
f 297 1123 1855
f 297 1855 1124
f 297 1124 1583
f 297 1583 1125
f 298 1127 1856
f 298 1856 1126
f 298 1126 1858
f 298 1858 1122
f 298 1122 1809
f 298 1809 1125
f 298 1125 1583
f 298 1583 1127
f 299 1130 1583
f 299 1583 1124
f 299 1124 1855
f 299 1855 1128
f 299 1128 1853
f 299 1853 1129
f 299 1129 1810
f 299 1810 1130
f 300 1132 1854
f 300 1854 1131
f 300 1131 1856
f 300 1856 1127
f 300 1127 1583
f 300 1583 1130
f 300 1130 1810
f 300 1810 1132
f 301 1134 1810
f 301 1810 1129
f 301 1129 1853
f 301 1853 1133
f 301 1133 1833
f 301 1833 1061
f 301 1061 1814
f 301 1814 1134
f 302 1064 1834
f 302 1834 1135
f 302 1135 1854
f 302 1854 1132
f 302 1132 1810
f 302 1810 1134
f 302 1134 1814
f 302 1814 1064
f 303 1108 1831
f 303 1831 1097
f 303 1097 1833
f 303 1833 1133
f 303 1133 1853
f 303 1853 1136
f 303 1136 1847
f 303 1847 1108
f 304 1137 1854
f 304 1854 1135
f 304 1135 1834
f 304 1834 1099
f 304 1099 1832
f 304 1832 1109
f 304 1109 1848
f 304 1848 1137
f 305 1140 1801
f 305 1801 1053
f 305 1053 1803
f 305 1803 1138
f 305 1138 1823
f 305 1823 1139
f 305 1139 1815
f 305 1815 1140
f 306 1143 1824
f 306 1824 1141
f 306 1141 1804
f 306 1804 1055
f 306 1055 1802
f 306 1802 1142
f 306 1142 1816
f 306 1816 1143
f 307 1146 1581
f 307 1581 1144
f 307 1144 1821
f 307 1821 1145
f 307 1145 1829
f 307 1829 1116
f 307 1116 1582
f 307 1582 1146
f 308 1121 1830
f 308 1830 1147
f 308 1147 1822
f 308 1822 1148
f 308 1148 1581
f 308 1581 1146
f 308 1146 1582
f 308 1582 1121
f 309 1152 1807
f 309 1807 1149
f 309 1149 1863
f 309 1863 1150
f 309 1150 1861
f 309 1861 1151
f 309 1151 1808
f 309 1808 1152
f 310 1155 1862
f 310 1862 1153
f 310 1153 1864
f 310 1864 1154
f 310 1154 1807
f 310 1807 1152
f 310 1152 1808
f 310 1808 1155
f 311 1158 1808
f 311 1808 1151
f 311 1151 1861
f 311 1861 1156
f 311 1156 1859
f 311 1859 1157
f 311 1157 1580
f 311 1580 1158
f 312 1160 1860
f 312 1860 1159
f 312 1159 1862
f 312 1862 1155
f 312 1155 1808
f 312 1808 1158
f 312 1158 1580
f 312 1580 1160
f 313 1162 1580
f 313 1580 1157
f 313 1157 1859
f 313 1859 1161
f 313 1161 1821
f 313 1821 1144
f 313 1144 1581
f 313 1581 1162
f 314 1148 1822
f 314 1822 1163
f 314 1163 1860
f 314 1860 1160
f 314 1160 1580
f 314 1580 1162
f 314 1162 1581
f 314 1581 1148
f 315 1166 1797
f 315 1797 1045
f 315 1045 1799
f 315 1799 1164
f 315 1164 1867
f 315 1867 1165
f 315 1165 1869
f 315 1869 1166
f 316 1169 1868
f 316 1868 1167
f 316 1167 1800
f 316 1800 1047
f 316 1047 1798
f 316 1798 1168
f 316 1168 1870
f 316 1870 1169
f 317 1172 1869
f 317 1869 1165
f 317 1165 1867
f 317 1867 1170
f 317 1170 1873
f 317 1873 1171
f 317 1171 1871
f 317 1871 1172
f 318 1175 1874
f 318 1874 1173
f 318 1173 1868
f 318 1868 1169
f 318 1169 1870
f 318 1870 1174
f 318 1174 1872
f 318 1872 1175
f 319 1178 1871
f 319 1871 1171
f 319 1171 1873
f 319 1873 1176
f 319 1176 1875
f 319 1875 1177
f 319 1177 1877
f 319 1877 1178
f 320 1181 1876
f 320 1876 1179
f 320 1179 1874
f 320 1874 1175
f 320 1175 1872
f 320 1872 1180
f 320 1180 1878
f 320 1878 1181
f 321 1184 1877
f 321 1877 1177
f 321 1177 1875
f 321 1875 1182
f 321 1182 1881
f 321 1881 1183
f 321 1183 1879
f 321 1879 1184
f 322 1187 1882
f 322 1882 1185
f 322 1185 1876
f 322 1876 1181
f 322 1181 1878
f 322 1878 1186
f 322 1186 1880
f 322 1880 1187
f 323 1190 1819
f 323 1819 1188
f 323 1188 1883
f 323 1883 1189
f 323 1189 1879
f 323 1879 1183
f 323 1183 1881
f 323 1881 1190
f 324 1187 1880
f 324 1880 1191
f 324 1191 1884
f 324 1884 1192
f 324 1192 1820
f 324 1820 1193
f 324 1193 1882
f 324 1882 1187
f 325 1195 1821
f 325 1821 1161
f 325 1161 1859
f 325 1859 1194
f 325 1194 1879
f 325 1879 1189
f 325 1189 1883
f 325 1883 1195
f 326 1191 1880
f 326 1880 1196
f 326 1196 1860
f 326 1860 1163
f 326 1163 1822
f 326 1822 1197
f 326 1197 1884
f 326 1884 1191
f 327 1194 1859
f 327 1859 1156
f 327 1156 1861
f 327 1861 1198
f 327 1198 1877
f 327 1877 1184
f 327 1184 1879
f 327 1879 1194
f 328 1186 1878
f 328 1878 1199
f 328 1199 1862
f 328 1862 1159
f 328 1159 1860
f 328 1860 1196
f 328 1196 1880
f 328 1880 1186
f 329 1198 1861
f 329 1861 1150
f 329 1150 1863
f 329 1863 1200
f 329 1200 1871
f 329 1871 1178
f 329 1178 1877
f 329 1877 1198
f 330 1180 1872
f 330 1872 1201
f 330 1201 1864
f 330 1864 1153
f 330 1153 1862
f 330 1862 1199
f 330 1199 1878
f 330 1878 1180
f 331 1200 1863
f 331 1863 1202
f 331 1202 1865
f 331 1865 1203
f 331 1203 1869
f 331 1869 1172
f 331 1172 1871
f 331 1871 1200
f 332 1174 1870
f 332 1870 1204
f 332 1204 1866
f 332 1866 1205
f 332 1205 1864
f 332 1864 1201
f 332 1201 1872
f 332 1872 1174
f 333 1206 1795
f 333 1795 1041
f 333 1041 1797
f 333 1797 1166
f 333 1166 1869
f 333 1869 1203
f 333 1203 1865
f 333 1865 1206
f 334 1204 1870
f 334 1870 1168
f 334 1168 1798
f 334 1798 1043
f 334 1043 1796
f 334 1796 1207
f 334 1207 1866
f 334 1866 1204
f 335 1209 1579
f 335 1579 1208
f 335 1208 1865
f 335 1865 1202
f 335 1202 1863
f 335 1863 1149
f 335 1149 1807
f 335 1807 1209
f 336 1154 1864
f 336 1864 1205
f 336 1205 1866
f 336 1866 1210
f 336 1210 1579
f 336 1579 1209
f 336 1209 1807
f 336 1807 1154
f 337 1211 1789
f 337 1789 1029
f 337 1029 1791
f 337 1791 1033
f 337 1033 1793
f 337 1793 1037
f 337 1037 1795
f 337 1795 1211
f 338 1039 1794
f 338 1794 1035
f 338 1035 1792
f 338 1792 1031
f 338 1031 1790
f 338 1790 1212
f 338 1212 1796
f 338 1796 1039
f 339 1213 1789
f 339 1789 1211
f 339 1211 1795
f 339 1795 1206
f 339 1206 1865
f 339 1865 1208
f 339 1208 1579
f 339 1579 1213
f 340 1210 1866
f 340 1866 1207
f 340 1207 1796
f 340 1796 1212
f 340 1212 1790
f 340 1790 1214
f 340 1214 1579
f 340 1579 1210
f 341 1215 1578
f 341 1578 1024
f 341 1024 1789
f 341 1789 1213
f 341 1213 1579
f 341 1579 1215
f 342 1215 1579
f 342 1579 1214
f 342 1214 1790
f 342 1790 1027
f 342 1027 1578
f 342 1578 1215
f 343 1164 1799
f 343 1799 1049
f 343 1049 1801
f 343 1801 1140
f 343 1140 1815
f 343 1815 1216
f 343 1216 1867
f 343 1867 1164
f 344 1217 1816
f 344 1816 1142
f 344 1142 1802
f 344 1802 1051
f 344 1051 1800
f 344 1800 1167
f 344 1167 1868
f 344 1868 1217
f 345 1216 1815
f 345 1815 1218
f 345 1218 1817
f 345 1817 1219
f 345 1219 1873
f 345 1873 1170
f 345 1170 1867
f 345 1867 1216
f 346 1173 1874
f 346 1874 1220
f 346 1220 1818
f 346 1818 1221
f 346 1221 1816
f 346 1816 1217
f 346 1217 1868
f 346 1868 1173
f 347 1219 1817
f 347 1817 1222
f 347 1222 1887
f 347 1887 1223
f 347 1223 1875
f 347 1875 1176
f 347 1176 1873
f 347 1873 1219
f 348 1179 1876
f 348 1876 1224
f 348 1224 1888
f 348 1888 1225
f 348 1225 1818
f 348 1818 1220
f 348 1220 1874
f 348 1874 1179
f 349 1226 1819
f 349 1819 1190
f 349 1190 1881
f 349 1881 1182
f 349 1182 1875
f 349 1875 1223
f 349 1223 1887
f 349 1887 1226
f 350 1224 1876
f 350 1876 1185
f 350 1185 1882
f 350 1882 1193
f 350 1193 1820
f 350 1820 1227
f 350 1227 1888
f 350 1888 1224
f 351 1230 1853
f 351 1853 1128
f 351 1128 1855
f 351 1855 1228
f 351 1228 1891
f 351 1891 1229
f 351 1229 1889
f 351 1889 1230
f 352 1233 1892
f 352 1892 1231
f 352 1231 1856
f 352 1856 1131
f 352 1131 1854
f 352 1854 1232
f 352 1232 1890
f 352 1890 1233
f 353 1236 1823
f 353 1823 1234
f 353 1234 1889
f 353 1889 1229
f 353 1229 1891
f 353 1891 1235
f 353 1235 1825
f 353 1825 1236
f 354 1239 1892
f 354 1892 1233
f 354 1233 1890
f 354 1890 1237
f 354 1237 1824
f 354 1824 1238
f 354 1238 1826
f 354 1826 1239
f 355 1138 1803
f 355 1803 1057
f 355 1057 1805
f 355 1805 1240
f 355 1240 1889
f 355 1889 1234
f 355 1234 1823
f 355 1823 1138
f 356 1237 1890
f 356 1890 1241
f 356 1241 1806
f 356 1806 1059
f 356 1059 1804
f 356 1804 1141
f 356 1141 1824
f 356 1824 1237
f 357 1240 1805
f 357 1805 1242
f 357 1242 1849
f 357 1849 1103
f 357 1103 1847
f 357 1847 1243
f 357 1243 1889
f 357 1889 1240
f 358 1245 1848
f 358 1848 1105
f 358 1105 1850
f 358 1850 1244
f 358 1244 1806
f 358 1806 1241
f 358 1241 1890
f 358 1890 1245
f 359 1243 1847
f 359 1847 1136
f 359 1136 1853
f 359 1853 1230
f 359 1230 1889
f 359 1889 1243
f 360 1245 1890
f 360 1890 1232
f 360 1232 1854
f 360 1854 1137
f 360 1137 1848
f 360 1848 1245
f 361 1242 1805
f 361 1805 1114
f 361 1114 1851
f 361 1851 1110
f 361 1110 1849
f 361 1849 1242
f 362 1244 1850
f 362 1850 1113
f 362 1113 1852
f 362 1852 1115
f 362 1115 1806
f 362 1806 1244
f 363 1188 1819
f 363 1819 1246
f 363 1246 1827
f 363 1827 1247
f 363 1247 1885
f 363 1885 1248
f 363 1248 1883
f 363 1883 1188
f 364 1251 1886
f 364 1886 1249
f 364 1249 1828
f 364 1828 1250
f 364 1250 1820
f 364 1820 1192
f 364 1192 1884
f 364 1884 1251
f 365 1145 1821
f 365 1821 1195
f 365 1195 1883
f 365 1883 1248
f 365 1248 1885
f 365 1885 1252
f 365 1252 1829
f 365 1829 1145
f 366 1253 1886
f 366 1886 1251
f 366 1251 1884
f 366 1884 1197
f 366 1197 1822
f 366 1822 1147
f 366 1147 1830
f 366 1830 1253
f 367 1255 1825
f 367 1825 1235
f 367 1235 1891
f 367 1891 1254
f 367 1254 1885
f 367 1885 1247
f 367 1247 1827
f 367 1827 1255
f 368 1249 1886
f 368 1886 1256
f 368 1256 1892
f 368 1892 1239
f 368 1239 1826
f 368 1826 1257
f 368 1257 1828
f 368 1828 1249
f 369 1228 1855
f 369 1855 1123
f 369 1123 1857
f 369 1857 1258
f 369 1258 1885
f 369 1885 1254
f 369 1254 1891
f 369 1891 1228
f 370 1256 1886
f 370 1886 1259
f 370 1259 1858
f 370 1858 1126
f 370 1126 1856
f 370 1856 1231
f 370 1231 1892
f 370 1892 1256
f 371 1117 1829
f 371 1829 1252
f 371 1252 1885
f 371 1885 1258
f 371 1258 1857
f 371 1857 1117
f 372 1120 1858
f 372 1858 1259
f 372 1259 1886
f 372 1886 1253
f 372 1253 1830
f 372 1830 1120
f 373 1263 1905
f 373 1905 1260
f 373 1260 1893
f 373 1893 1261
f 373 1261 1919
f 373 1919 1262
f 373 1262 1907
f 373 1907 1263
f 374 1267 1920
f 374 1920 1264
f 374 1264 1894
f 374 1894 1265
f 374 1265 1906
f 374 1906 1266
f 374 1266 1908
f 374 1908 1267
f 375 1270 1905
f 375 1905 1263
f 375 1263 1907
f 375 1907 1268
f 375 1268 1909
f 375 1909 1269
f 375 1269 1903
f 375 1903 1270
f 376 1273 1910
f 376 1910 1271
f 376 1271 1908
f 376 1908 1266
f 376 1266 1906
f 376 1906 1272
f 376 1272 1904
f 376 1904 1273
f 377 1276 1903
f 377 1903 1269
f 377 1269 1909
f 377 1909 1274
f 377 1274 1911
f 377 1911 1275
f 377 1275 1901
f 377 1901 1276
f 378 1279 1912
f 378 1912 1277
f 378 1277 1910
f 378 1910 1273
f 378 1273 1904
f 378 1904 1278
f 378 1278 1902
f 378 1902 1279
f 379 1282 1901
f 379 1901 1275
f 379 1275 1911
f 379 1911 1280
f 379 1280 1913
f 379 1913 1281
f 379 1281 1899
f 379 1899 1282
f 380 1285 1914
f 380 1914 1283
f 380 1283 1912
f 380 1912 1279
f 380 1279 1902
f 380 1902 1284
f 380 1284 1900
f 380 1900 1285
f 381 1288 1899
f 381 1899 1281
f 381 1281 1913
f 381 1913 1286
f 381 1286 1915
f 381 1915 1287
f 381 1287 1897
f 381 1897 1288
f 382 1291 1916
f 382 1916 1289
f 382 1289 1914
f 382 1914 1285
f 382 1285 1900
f 382 1900 1290
f 382 1290 1898
f 382 1898 1291
f 383 1294 1897
f 383 1897 1287
f 383 1287 1915
f 383 1915 1292
f 383 1292 1917
f 383 1917 1293
f 383 1293 1895
f 383 1895 1294
f 384 1297 1918
f 384 1918 1295
f 384 1295 1916
f 384 1916 1291
f 384 1291 1898
f 384 1898 1296
f 384 1296 1896
f 384 1896 1297
f 385 1292 1915
f 385 1915 1298
f 385 1298 1925
f 385 1925 1299
f 385 1299 1923
f 385 1923 1300
f 385 1300 1917
f 385 1917 1292
f 386 1303 1924
f 386 1924 1301
f 386 1301 1926
f 386 1926 1302
f 386 1302 1916
f 386 1916 1295
f 386 1295 1918
f 386 1918 1303
f 387 1286 1913
f 387 1913 1304
f 387 1304 1927
f 387 1927 1305
f 387 1305 1925
f 387 1925 1298
f 387 1298 1915
f 387 1915 1286
f 388 1302 1926
f 388 1926 1306
f 388 1306 1928
f 388 1928 1307
f 388 1307 1914
f 388 1914 1289
f 388 1289 1916
f 388 1916 1302
f 389 1280 1911
f 389 1911 1308
f 389 1308 1929
f 389 1929 1309
f 389 1309 1927
f 389 1927 1304
f 389 1304 1913
f 389 1913 1280
f 390 1307 1928
f 390 1928 1310
f 390 1310 1930
f 390 1930 1311
f 390 1311 1912
f 390 1912 1283
f 390 1283 1914
f 390 1914 1307
f 391 1274 1909
f 391 1909 1312
f 391 1312 1931
f 391 1931 1313
f 391 1313 1929
f 391 1929 1308
f 391 1308 1911
f 391 1911 1274
f 392 1311 1930
f 392 1930 1314
f 392 1314 1932
f 392 1932 1315
f 392 1315 1910
f 392 1910 1277
f 392 1277 1912
f 392 1912 1311
f 393 1268 1907
f 393 1907 1316
f 393 1316 1933
f 393 1933 1317
f 393 1317 1931
f 393 1931 1312
f 393 1312 1909
f 393 1909 1268
f 394 1315 1932
f 394 1932 1318
f 394 1318 1934
f 394 1934 1319
f 394 1319 1908
f 394 1908 1271
f 394 1271 1910
f 394 1910 1315
f 395 1316 1907
f 395 1907 1262
f 395 1262 1919
f 395 1919 1320
f 395 1320 1921
f 395 1921 1321
f 395 1321 1933
f 395 1933 1316
f 396 1323 1922
f 396 1922 1322
f 396 1322 1920
f 396 1920 1267
f 396 1267 1908
f 396 1908 1319
f 396 1319 1934
f 396 1934 1323
f 397 1326 1823
f 397 1823 1236
f 397 1236 1825
f 397 1825 1324
f 397 1324 1949
f 397 1949 1325
f 397 1325 1947
f 397 1947 1326
f 398 1329 1950
f 398 1950 1327
f 398 1327 1826
f 398 1826 1238
f 398 1238 1824
f 398 1824 1328
f 398 1328 1948
f 398 1948 1329
f 399 1324 1825
f 399 1825 1330
f 399 1330 1895
f 399 1895 1293
f 399 1293 1917
f 399 1917 1331
f 399 1331 1949
f 399 1949 1324
f 400 1333 1918
f 400 1918 1297
f 400 1297 1896
f 400 1896 1332
f 400 1332 1826
f 400 1826 1327
f 400 1327 1950
f 400 1950 1333
f 401 1218 1815
f 401 1815 1139
f 401 1139 1823
f 401 1823 1326
f 401 1326 1947
f 401 1947 1334
f 401 1334 1817
f 401 1817 1218
f 402 1335 1948
f 402 1948 1328
f 402 1328 1824
f 402 1824 1143
f 402 1143 1816
f 402 1816 1221
f 402 1221 1818
f 402 1818 1335
f 403 1338 1887
f 403 1887 1336
f 403 1336 1935
f 403 1935 1337
f 403 1337 1919
f 403 1919 1261
f 403 1261 1893
f 403 1893 1338
f 404 1264 1920
f 404 1920 1339
f 404 1339 1936
f 404 1936 1340
f 404 1340 1888
f 404 1888 1341
f 404 1341 1894
f 404 1894 1264
f 405 1331 1917
f 405 1917 1300
f 405 1300 1923
f 405 1923 1342
f 405 1342 1945
f 405 1945 1343
f 405 1343 1949
f 405 1949 1331
f 406 1345 1946
f 406 1946 1344
f 406 1344 1924
f 406 1924 1303
f 406 1303 1918
f 406 1918 1333
f 406 1333 1950
f 406 1950 1345
f 407 1348 1943
f 407 1943 1346
f 407 1346 1951
f 407 1951 1347
f 407 1347 1949
f 407 1949 1343
f 407 1343 1945
f 407 1945 1348
f 408 1345 1950
f 408 1950 1349
f 408 1349 1952
f 408 1952 1350
f 408 1350 1944
f 408 1944 1351
f 408 1351 1946
f 408 1946 1345
f 409 1354 1939
f 409 1939 1352
f 409 1352 1951
f 409 1951 1346
f 409 1346 1943
f 409 1943 1353
f 409 1353 1941
f 409 1941 1354
f 410 1357 1944
f 410 1944 1350
f 410 1350 1952
f 410 1952 1355
f 410 1355 1940
f 410 1940 1356
f 410 1356 1942
f 410 1942 1357
f 411 1360 1937
f 411 1937 1358
f 411 1358 1953
f 411 1953 1359
f 411 1359 1951
f 411 1951 1352
f 411 1352 1939
f 411 1939 1360
f 412 1355 1952
f 412 1952 1361
f 412 1361 1954
f 412 1954 1362
f 412 1362 1938
f 412 1938 1363
f 412 1363 1940
f 412 1940 1355
f 413 1366 1935
f 413 1935 1364
f 413 1364 1953
f 413 1953 1358
f 413 1358 1937
f 413 1937 1365
f 413 1365 1955
f 413 1955 1366
f 414 1369 1938
f 414 1938 1362
f 414 1362 1954
f 414 1954 1367
f 414 1367 1936
f 414 1936 1368
f 414 1368 1956
f 414 1956 1369
f 415 1320 1919
f 415 1919 1337
f 415 1337 1935
f 415 1935 1366
f 415 1366 1955
f 415 1955 1370
f 415 1370 1921
f 415 1921 1320
f 416 1371 1956
f 416 1956 1368
f 416 1368 1936
f 416 1936 1339
f 416 1339 1920
f 416 1920 1322
f 416 1322 1922
f 416 1922 1371
f 417 1222 1817
f 417 1817 1372
f 417 1372 1953
f 417 1953 1364
f 417 1364 1935
f 417 1935 1336
f 417 1336 1887
f 417 1887 1222
f 418 1340 1936
f 418 1936 1367
f 418 1367 1954
f 418 1954 1373
f 418 1373 1818
f 418 1818 1225
f 418 1225 1888
f 418 1888 1340
f 419 1372 1817
f 419 1817 1334
f 419 1334 1947
f 419 1947 1374
f 419 1374 1951
f 419 1951 1359
f 419 1359 1953
f 419 1953 1372
f 420 1361 1952
f 420 1952 1375
f 420 1375 1948
f 420 1948 1335
f 420 1335 1818
f 420 1818 1373
f 420 1373 1954
f 420 1954 1361
f 421 1374 1947
f 421 1947 1325
f 421 1325 1949
f 421 1949 1347
f 421 1347 1951
f 421 1951 1374
f 422 1375 1952
f 422 1952 1349
f 422 1349 1950
f 422 1950 1329
f 422 1329 1948
f 422 1948 1375
f 423 1378 1921
f 423 1921 1370
f 423 1370 1955
f 423 1955 1376
f 423 1376 1957
f 423 1957 1377
f 423 1377 1981
f 423 1981 1378
f 424 1381 1958
f 424 1958 1379
f 424 1379 1956
f 424 1956 1371
f 424 1371 1922
f 424 1922 1380
f 424 1380 1982
f 424 1982 1381
f 425 1376 1955
f 425 1955 1365
f 425 1365 1937
f 425 1937 1382
f 425 1382 1967
f 425 1967 1383
f 425 1383 1957
f 425 1957 1376
f 426 1385 1968
f 426 1968 1384
f 426 1384 1938
f 426 1938 1369
f 426 1369 1956
f 426 1956 1379
f 426 1379 1958
f 426 1958 1385
f 427 1382 1937
f 427 1937 1360
f 427 1360 1939
f 427 1939 1386
f 427 1386 1965
f 427 1965 1387
f 427 1387 1967
f 427 1967 1382
f 428 1389 1966
f 428 1966 1388
f 428 1388 1940
f 428 1940 1363
f 428 1363 1938
f 428 1938 1384
f 428 1384 1968
f 428 1968 1389
f 429 1386 1939
f 429 1939 1354
f 429 1354 1941
f 429 1941 1390
f 429 1390 1963
f 429 1963 1391
f 429 1391 1965
f 429 1965 1386
f 430 1393 1964
f 430 1964 1392
f 430 1392 1942
f 430 1942 1356
f 430 1356 1940
f 430 1940 1388
f 430 1388 1966
f 430 1966 1393
f 431 1390 1941
f 431 1941 1353
f 431 1353 1943
f 431 1943 1394
f 431 1394 1961
f 431 1961 1395
f 431 1395 1963
f 431 1963 1390
f 432 1397 1962
f 432 1962 1396
f 432 1396 1944
f 432 1944 1357
f 432 1357 1942
f 432 1942 1392
f 432 1392 1964
f 432 1964 1397
f 433 1394 1943
f 433 1943 1348
f 433 1348 1945
f 433 1945 1398
f 433 1398 1959
f 433 1959 1399
f 433 1399 1961
f 433 1961 1394
f 434 1401 1960
f 434 1960 1400
f 434 1400 1946
f 434 1946 1351
f 434 1351 1944
f 434 1944 1396
f 434 1396 1962
f 434 1962 1401
f 435 1398 1945
f 435 1945 1342
f 435 1342 1923
f 435 1923 1402
f 435 1402 1979
f 435 1979 1403
f 435 1403 1959
f 435 1959 1398
f 436 1405 1980
f 436 1980 1404
f 436 1404 1924
f 436 1924 1344
f 436 1344 1946
f 436 1946 1400
f 436 1400 1960
f 436 1960 1405
f 437 1407 1933
f 437 1933 1321
f 437 1321 1921
f 437 1921 1378
f 437 1378 1981
f 437 1981 1406
f 437 1406 1969
f 437 1969 1407
f 438 1409 1982
f 438 1982 1380
f 438 1380 1922
f 438 1922 1323
f 438 1323 1934
f 438 1934 1408
f 438 1408 1970
f 438 1970 1409
f 439 1411 1931
f 439 1931 1317
f 439 1317 1933
f 439 1933 1407
f 439 1407 1969
f 439 1969 1410
f 439 1410 1971
f 439 1971 1411
f 440 1413 1970
f 440 1970 1408
f 440 1408 1934
f 440 1934 1318
f 440 1318 1932
f 440 1932 1412
f 440 1412 1972
f 440 1972 1413
f 441 1415 1929
f 441 1929 1313
f 441 1313 1931
f 441 1931 1411
f 441 1411 1971
f 441 1971 1414
f 441 1414 1973
f 441 1973 1415
f 442 1417 1972
f 442 1972 1412
f 442 1412 1932
f 442 1932 1314
f 442 1314 1930
f 442 1930 1416
f 442 1416 1974
f 442 1974 1417
f 443 1419 1927
f 443 1927 1309
f 443 1309 1929
f 443 1929 1415
f 443 1415 1973
f 443 1973 1418
f 443 1418 1975
f 443 1975 1419
f 444 1421 1974
f 444 1974 1416
f 444 1416 1930
f 444 1930 1310
f 444 1310 1928
f 444 1928 1420
f 444 1420 1976
f 444 1976 1421
f 445 1423 1925
f 445 1925 1305
f 445 1305 1927
f 445 1927 1419
f 445 1419 1975
f 445 1975 1422
f 445 1422 1977
f 445 1977 1423
f 446 1425 1976
f 446 1976 1420
f 446 1420 1928
f 446 1928 1306
f 446 1306 1926
f 446 1926 1424
f 446 1424 1978
f 446 1978 1425
f 447 1402 1923
f 447 1923 1299
f 447 1299 1925
f 447 1925 1423
f 447 1423 1977
f 447 1977 1426
f 447 1426 1979
f 447 1979 1402
f 448 1427 1978
f 448 1978 1424
f 448 1424 1926
f 448 1926 1301
f 448 1301 1924
f 448 1924 1404
f 448 1404 1980
f 448 1980 1427
f 449 1430 1963
f 449 1963 1395
f 449 1395 1961
f 449 1961 1428
f 449 1428 1985
f 449 1985 1429
f 449 1429 1983
f 449 1983 1430
f 450 1433 1986
f 450 1986 1431
f 450 1431 1962
f 450 1962 1397
f 450 1397 1964
f 450 1964 1432
f 450 1432 1984
f 450 1984 1433
f 451 1436 1983
f 451 1983 1429
f 451 1429 1985
f 451 1985 1434
f 451 1434 1987
f 451 1987 1435
f 451 1435 1989
f 451 1989 1436
f 452 1439 1988
f 452 1988 1437
f 452 1437 1986
f 452 1986 1433
f 452 1433 1984
f 452 1984 1438
f 452 1438 1990
f 452 1990 1439
f 453 1442 1989
f 453 1989 1435
f 453 1435 1987
f 453 1987 1440
f 453 1440 1993
f 453 1993 1441
f 453 1441 1991
f 453 1991 1442
f 454 1445 1994
f 454 1994 1443
f 454 1443 1988
f 454 1988 1439
f 454 1439 1990
f 454 1990 1444
f 454 1444 1992
f 454 1992 1445
f 455 1448 1991
f 455 1991 1441
f 455 1441 1993
f 455 1993 1446
f 455 1446 1995
f 455 1995 1447
f 455 1447 1997
f 455 1997 1448
f 456 1451 1996
f 456 1996 1449
f 456 1449 1994
f 456 1994 1445
f 456 1445 1992
f 456 1992 1450
f 456 1450 1998
f 456 1998 1451
f 457 1453 1969
f 457 1969 1406
f 457 1406 1981
f 457 1981 1452
f 457 1452 1991
f 457 1991 1448
f 457 1448 1997
f 457 1997 1453
f 458 1450 1992
f 458 1992 1454
f 458 1454 1982
f 458 1982 1409
f 458 1409 1970
f 458 1970 1455
f 458 1455 1998
f 458 1998 1450
f 459 1377 1957
f 459 1957 1456
f 459 1456 1989
f 459 1989 1442
f 459 1442 1991
f 459 1991 1452
f 459 1452 1981
f 459 1981 1377
f 460 1454 1992
f 460 1992 1444
f 460 1444 1990
f 460 1990 1457
f 460 1457 1958
f 460 1958 1381
f 460 1381 1982
f 460 1982 1454
f 461 1456 1957
f 461 1957 1383
f 461 1383 1967
f 461 1967 1458
f 461 1458 1983
f 461 1983 1436
f 461 1436 1989
f 461 1989 1456
f 462 1438 1984
f 462 1984 1459
f 462 1459 1968
f 462 1968 1385
f 462 1385 1958
f 462 1958 1457
f 462 1457 1990
f 462 1990 1438
f 463 1391 1963
f 463 1963 1430
f 463 1430 1983
f 463 1983 1458
f 463 1458 1967
f 463 1967 1387
f 463 1387 1965
f 463 1965 1391
f 464 1389 1968
f 464 1968 1459
f 464 1459 1984
f 464 1984 1432
f 464 1432 1964
f 464 1964 1393
f 464 1393 1966
f 464 1966 1389
f 465 1399 1959
f 465 1959 1403
f 465 1403 1979
f 465 1979 1460
f 465 1460 1985
f 465 1985 1428
f 465 1428 1961
f 465 1961 1399
f 466 1431 1986
f 466 1986 1461
f 466 1461 1980
f 466 1980 1405
f 466 1405 1960
f 466 1960 1401
f 466 1401 1962
f 466 1962 1431
f 467 1426 1977
f 467 1977 1462
f 467 1462 1987
f 467 1987 1434
f 467 1434 1985
f 467 1985 1460
f 467 1460 1979
f 467 1979 1426
f 468 1461 1986
f 468 1986 1437
f 468 1437 1988
f 468 1988 1463
f 468 1463 1978
f 468 1978 1427
f 468 1427 1980
f 468 1980 1461
f 469 1422 1975
f 469 1975 1464
f 469 1464 1993
f 469 1993 1440
f 469 1440 1987
f 469 1987 1462
f 469 1462 1977
f 469 1977 1422
f 470 1463 1988
f 470 1988 1443
f 470 1443 1994
f 470 1994 1465
f 470 1465 1976
f 470 1976 1425
f 470 1425 1978
f 470 1978 1463
f 471 1418 1973
f 471 1973 1466
f 471 1466 1995
f 471 1995 1446
f 471 1446 1993
f 471 1993 1464
f 471 1464 1975
f 471 1975 1418
f 472 1465 1994
f 472 1994 1449
f 472 1449 1996
f 472 1996 1467
f 472 1467 1974
f 472 1974 1421
f 472 1421 1976
f 472 1976 1465
f 473 1414 1971
f 473 1971 1468
f 473 1468 1997
f 473 1997 1447
f 473 1447 1995
f 473 1995 1466
f 473 1466 1973
f 473 1973 1414
f 474 1467 1996
f 474 1996 1451
f 474 1451 1998
f 474 1998 1469
f 474 1469 1972
f 474 1972 1417
f 474 1417 1974
f 474 1974 1467
f 475 1410 1969
f 475 1969 1453
f 475 1453 1997
f 475 1997 1468
f 475 1468 1971
f 475 1971 1410
f 476 1413 1972
f 476 1972 1469
f 476 1469 1998
f 476 1998 1455
f 476 1455 1970
f 476 1970 1413
f 477 1472 1897
f 477 1897 1294
f 477 1294 1895
f 477 1895 1470
f 477 1470 2009
f 477 2009 1471
f 477 1471 2007
f 477 2007 1472
f 478 1475 2010
f 478 2010 1473
f 478 1473 1896
f 478 1896 1296
f 478 1296 1898
f 478 1898 1474
f 478 1474 2008
f 478 2008 1475
f 479 1477 1899
f 479 1899 1288
f 479 1288 1897
f 479 1897 1472
f 479 1472 2007
f 479 2007 1476
f 479 1476 2005
f 479 2005 1477
f 480 1479 2008
f 480 2008 1474
f 480 1474 1898
f 480 1898 1290
f 480 1290 1900
f 480 1900 1478
f 480 1478 2006
f 480 2006 1479
f 481 1481 1901
f 481 1901 1282
f 481 1282 1899
f 481 1899 1477
f 481 1477 2005
f 481 2005 1480
f 481 1480 2003
f 481 2003 1481
f 482 1483 2006
f 482 2006 1478
f 482 1478 1900
f 482 1900 1284
f 482 1284 1902
f 482 1902 1482
f 482 1482 2004
f 482 2004 1483
f 483 1485 1903
f 483 1903 1276
f 483 1276 1901
f 483 1901 1481
f 483 1481 2003
f 483 2003 1484
f 483 1484 2001
f 483 2001 1485
f 484 1487 2004
f 484 2004 1482
f 484 1482 1902
f 484 1902 1278
f 484 1278 1904
f 484 1904 1486
f 484 1486 2002
f 484 2002 1487
f 485 1489 1905
f 485 1905 1270
f 485 1270 1903
f 485 1903 1485
f 485 1485 2001
f 485 2001 1488
f 485 1488 1999
f 485 1999 1489
f 486 1491 2002
f 486 2002 1486
f 486 1486 1904
f 486 1904 1272
f 486 1272 1906
f 486 1906 1490
f 486 1490 2000
f 486 2000 1491
f 487 1493 1893
f 487 1893 1260
f 487 1260 1905
f 487 1905 1489
f 487 1489 1999
f 487 1999 1492
f 487 1492 2011
f 487 2011 1493
f 488 1495 2000
f 488 2000 1490
f 488 1490 1906
f 488 1906 1265
f 488 1265 1894
f 488 1894 1494
f 488 1494 2012
f 488 2012 1495
f 489 1492 1999
f 489 1999 1496
f 489 1496 2007
f 489 2007 1471
f 489 1471 2009
f 489 2009 1497
f 489 1497 2011
f 489 2011 1492
f 490 1499 2010
f 490 2010 1475
f 490 1475 2008
f 490 2008 1498
f 490 1498 2000
f 490 2000 1495
f 490 1495 2012
f 490 2012 1499
f 491 1496 1999
f 491 1999 1488
f 491 1488 2001
f 491 2001 1500
f 491 1500 2005
f 491 2005 1476
f 491 1476 2007
f 491 2007 1496
f 492 1479 2006
f 492 2006 1501
f 492 1501 2002
f 492 2002 1491
f 492 1491 2000
f 492 2000 1498
f 492 1498 2008
f 492 2008 1479
f 493 1500 2001
f 493 2001 1484
f 493 1484 2003
f 493 2003 1480
f 493 1480 2005
f 493 2005 1500
f 494 1501 2006
f 494 2006 1483
f 494 1483 2004
f 494 2004 1487
f 494 1487 2002
f 494 2002 1501
f 495 1502 1819
f 495 1819 1226
f 495 1226 1887
f 495 1887 1338
f 495 1338 1893
f 495 1893 1493
f 495 1493 2011
f 495 2011 1502
f 496 1494 1894
f 496 1894 1341
f 496 1341 1888
f 496 1888 1227
f 496 1227 1820
f 496 1820 1503
f 496 1503 2012
f 496 2012 1494
f 497 1246 1819
f 497 1819 1502
f 497 1502 2011
f 497 2011 1497
f 497 1497 2009
f 497 2009 1504
f 497 1504 1827
f 497 1827 1246
f 498 1505 2010
f 498 2010 1499
f 498 1499 2012
f 498 2012 1503
f 498 1503 1820
f 498 1820 1250
f 498 1250 1828
f 498 1828 1505
f 499 1330 1825
f 499 1825 1255
f 499 1255 1827
f 499 1827 1504
f 499 1504 2009
f 499 2009 1470
f 499 1470 1895
f 499 1895 1330
f 500 1473 2010
f 500 2010 1505
f 500 1505 1828
f 500 1828 1257
f 500 1257 1826
f 500 1826 1332
f 500 1332 1896
f 500 1896 1473
